-- phpMyAdmin SQL Dump
-- version 3.5.7
-- http://www.phpmyadmin.net
--
-- Host: localhost
-- Generato il: Set 05, 2015 alle 18:15
-- Versione del server: 5.5.29
-- Versione PHP: 5.4.10

SET SQL_MODE="NO_AUTO_VALUE_ON_ZERO";
SET time_zone = "+00:00";

--
-- Database: `progetto3`
--

-- --------------------------------------------------------

--
-- Struttura della tabella `dim_dipendente`
--

CREATE TABLE `dim_dipendente` (
  `id_dipendente` mediumint(8) NOT NULL,
  `ruolo` varchar(255) DEFAULT NULL,
  `eta` mediumint(9) DEFAULT NULL,
  PRIMARY KEY (`id_dipendente`)
) ENGINE=InnoDB DEFAULT CHARSET=latin1;

--
-- Dump dei dati per la tabella `dim_dipendente`
--

INSERT INTO `dim_dipendente` (`id_dipendente`, `ruolo`, `eta`) VALUES
(1, 'Semplice', 28),
(2, 'Produzione', 31),
(3, 'Semplice', 64),
(4, 'Produzione', 35),
(5, 'Semplice', 27),
(6, 'Specializzato', 59),
(7, 'Semplice', 52),
(8, 'Semplice', 42),
(9, 'Semplice', 49),
(10, 'Semplice', 43),
(11, 'Specializzato!Semplice', 62),
(12, 'Specializzato!Semplice', 34),
(13, 'Responsabile', 44),
(14, 'Specializzato!Semplice', 56),
(15, 'Specializzato', 33),
(16, 'Semplice', 51),
(17, 'Semplice', 53),
(18, 'Specializzato', 19),
(19, 'Semplice', 26),
(20, 'Responsabile', 24),
(21, 'Responsabile', 59),
(22, 'Produzione', 41),
(23, 'Specializzato', 54),
(24, 'Produzione', 32),
(25, 'Specializzato', 32),
(26, 'Semplice', 65),
(27, 'Semplice', 46),
(28, 'Specializzato!Semplice', 63),
(29, 'Semplice', 51),
(30, 'Produzione', 49),
(31, 'Semplice', 33),
(32, 'Semplice', 37),
(33, 'Semplice', 61),
(34, 'Semplice', 32);

-- --------------------------------------------------------

--
-- Struttura della tabella `dim_lavorazione`
--

CREATE TABLE `dim_lavorazione` (
  `id_lavorazione` mediumint(8) NOT NULL,
  `nome` text,
  `tempo_nominale` mediumint(9) DEFAULT NULL,
  PRIMARY KEY (`id_lavorazione`)
) ENGINE=InnoDB DEFAULT CHARSET=latin1;

--
-- Dump dei dati per la tabella `dim_lavorazione`
--

INSERT INTO `dim_lavorazione` (`id_lavorazione`, `nome`, `tempo_nominale`) VALUES
(1, 'neque et nunc.', 4),
(2, 'orci. Phasellus dapibus', 62),
(3, 'purus. Maecenas libero', 91),
(4, 'eget lacus. Mauris', 23),
(5, 'parturient montes, nascetur', 23),
(6, 'in, cursus et,', 99),
(7, 'Sed neque. Sed', 51),
(8, 'pede. Suspendisse dui.', 76),
(9, 'in, cursus et,', 64),
(10, 'ac tellus. Suspendisse', 12),
(11, 'mattis. Integer eu', 90),
(12, 'ipsum. Suspendisse sagittis.', 49),
(13, 'elit, dictum eu,', 100),
(14, 'Integer id magna', 22),
(15, 'Praesent luctus. Curabitur', 14),
(16, 'In scelerisque scelerisque', 119),
(17, 'amet, risus. Donec', 46),
(18, 'nunc, ullamcorper eu,', 71),
(19, 'non enim commodo', 11),
(20, 'malesuada fames ac', 10),
(21, 'sollicitudin commodo ipsum.', 73),
(22, 'ac ipsum. Phasellus', 42),
(23, 'enim, sit amet', 69),
(24, 'aliquam eros turpis', 99),
(25, 'neque. In ornare', 7),
(26, 'Suspendisse ac metus', 89),
(27, 'consectetuer, cursus et,', 107),
(28, 'penatibus et magnis', 63),
(29, 'enim. Suspendisse aliquet,', 84),
(30, 'diam lorem, auctor', 92),
(31, 'ante. Maecenas mi', 17),
(32, 'a, facilisis non,', 75),
(33, 'dolor elit, pellentesque', 42),
(34, 'vitae nibh. Donec', 52),
(35, 'nostra, per inceptos', 85),
(36, 'mus. Donec dignissim', 51),
(37, 'inceptos hymenaeos. Mauris', 77),
(38, 'suscipit, est ac', 106),
(39, 'ornare, facilisis eget,', 3),
(40, 'iaculis odio. Nam', 55),
(41, 'congue turpis. In', 103),
(42, 'dui, semper et,', 62),
(43, 'tincidunt adipiscing. Mauris', 80),
(44, 'vel, vulputate eu,', 7),
(45, 'et ultrices posuere', 4),
(46, 'mattis. Integer eu', 9),
(47, 'non magna. Nam', 74),
(48, 'dignissim lacus. Aliquam', 98),
(49, 'molestie in, tempus', 57),
(50, 'id nunc interdum', 36),
(51, 'tortor nibh sit', 97),
(52, 'molestie sodales. Mauris', 40),
(53, 'senectus et netus', 4),
(54, 'ac turpis egestas.', 114),
(55, 'Etiam vestibulum massa', 41),
(56, 'Etiam imperdiet dictum', 117),
(57, 'netus et malesuada', 9),
(58, 'augue eu tellus.', 70),
(59, 'lorem ac risus.', 16),
(60, 'Proin sed turpis', 120),
(61, 'nec, mollis vitae,', 37),
(62, 'facilisis, magna tellus', 96),
(63, 'Cras lorem lorem,', 69),
(64, 'placerat, augue. Sed', 51),
(65, 'fermentum arcu. Vestibulum', 32),
(66, 'vel sapien imperdiet', 24),
(67, 'magnis dis parturient', 111),
(68, 'arcu. Sed et', 32),
(69, 'libero et tristique', 42),
(70, 'orci. Donec nibh.', 109),
(71, 'enim consequat purus.', 119),
(72, 'elit pede, malesuada', 96),
(73, 'mattis ornare, lectus', 51),
(74, 'Duis elementum, dui', 38),
(75, 'orci. Ut sagittis', 107),
(76, 'vehicula aliquet libero.', 64),
(77, 'ut nisi a', 109),
(78, 'neque venenatis lacus.', 48),
(79, 'Integer tincidunt aliquam', 67),
(80, 'Quisque porttitor eros', 113),
(81, 'tellus. Phasellus elit', 92),
(82, 'ridiculus mus. Donec', 89),
(83, 'metus facilisis lorem', 73),
(84, 'malesuada. Integer id', 28),
(85, 'turpis. Nulla aliquet.', 95),
(86, 'sollicitudin adipiscing ligula.', 56),
(87, 'Nulla eget metus', 86),
(88, 'euismod urna. Nullam', 56),
(89, 'nunc, ullamcorper eu,', 56),
(90, 'ac turpis egestas.', 113),
(91, 'cursus et, magna.', 5),
(92, 'dis parturient montes,', 91),
(93, 'rhoncus. Nullam velit', 45),
(94, 'enim, condimentum eget,', 38),
(95, 'euismod mauris eu', 67),
(96, 'ac mattis velit', 101),
(97, 'egestas hendrerit neque.', 29),
(98, 'dictum eu, eleifend', 82),
(99, 'pede. Cras vulputate', 60),
(100, 'Donec vitae erat', 20),
(101, 'in, hendrerit consectetuer,', 12),
(102, 'Duis elementum, dui', 99),
(103, 'neque. Morbi quis', 27),
(104, 'tellus id nunc', 6),
(105, 'justo. Proin non', 32),
(106, 'massa lobortis ultrices.', 1),
(107, 'Nullam nisl. Maecenas', 10),
(108, 'quam. Curabitur vel', 6),
(109, 'arcu ac orci.', 31),
(110, 'nec quam. Curabitur', 92),
(111, 'lacinia mattis. Integer', 39),
(112, 'Aenean euismod mauris', 88),
(113, 'scelerisque, lorem ipsum', 96),
(114, 'enim. Sed nulla', 12),
(115, 'facilisis vitae, orci.', 48),
(116, 'euismod urna. Nullam', 66),
(117, 'Nam nulla magna,', 92),
(118, 'bibendum fermentum metus.', 38),
(119, 'diam vel arcu.', 117),
(120, 'adipiscing ligula. Aenean', 111),
(121, 'lacinia orci, consectetuer', 71),
(122, 'semper pretium neque.', 18),
(123, 'tristique pellentesque, tellus', 24),
(124, 'aliquet odio. Etiam', 20),
(125, 'nunc est, mollis', 114),
(126, 'vestibulum lorem, sit', 119),
(127, 'aliquet molestie tellus.', 76),
(128, 'sed dui. Fusce', 88),
(129, 'luctus. Curabitur egestas', 70),
(130, 'nec orci. Donec', 87),
(131, 'risus a ultricies', 74),
(132, 'nunc. Quisque ornare', 102),
(133, 'magna. Nam ligula', 17),
(134, 'et tristique pellentesque,', 120),
(135, 'nulla ante, iaculis', 109),
(136, 'enim commodo hendrerit.', 93),
(137, 'et, rutrum eu,', 79),
(138, 'leo. Cras vehicula', 110),
(139, 'ligula. Donec luctus', 97),
(140, 'lorem, vehicula et,', 104),
(141, 'amet diam eu', 114),
(142, 'eget lacus. Mauris', 84),
(143, 'velit in aliquet', 107),
(144, 'erat eget ipsum.', 62),
(145, 'hendrerit neque. In', 6),
(146, 'sed pede. Cum', 58),
(147, 'Duis risus odio,', 33),
(148, 'consectetuer ipsum nunc', 95),
(149, 'ut ipsum ac', 91),
(150, 'enim diam vel', 85),
(151, 'hendrerit a, arcu.', 39),
(152, 'vehicula. Pellentesque tincidunt', 93),
(153, 'semper pretium neque.', 27),
(154, 'senectus et netus', 38),
(155, 'eros nec tellus.', 113),
(156, 'Suspendisse tristique neque', 89),
(157, 'at fringilla purus', 36),
(158, 'est arcu ac', 9),
(159, 'ridiculus mus. Proin', 87),
(160, 'ut dolor dapibus', 51),
(161, 'purus sapien, gravida', 60),
(162, 'magna et ipsum', 22),
(163, 'orci lacus vestibulum', 41),
(164, 'Duis at lacus.', 97),
(165, 'vulputate, lacus. Cras', 81),
(166, 'ligula. Aenean gravida', 53),
(167, 'fames ac turpis', 9),
(168, 'arcu. Aliquam ultrices', 110),
(169, 'in, tempus eu,', 47),
(170, 'in consequat enim', 33),
(171, 'vel, faucibus id,', 6),
(172, 'vitae, erat. Vivamus', 103),
(173, 'urna suscipit nonummy.', 114),
(174, 'parturient montes, nascetur', 11),
(175, 'Duis risus odio,', 9),
(176, 'Maecenas malesuada fringilla', 69),
(177, 'lectus pede et', 75),
(178, 'vel nisl. Quisque', 40),
(179, 'ipsum ac mi', 40),
(180, 'ultrices a, auctor', 77),
(181, 'Aliquam tincidunt, nunc', 10),
(182, 'Integer vulputate, risus', 82),
(183, 'mollis non, cursus', 41),
(184, 'quis, tristique ac,', 113),
(185, 'Nunc mauris sapien,', 6),
(186, 'sagittis lobortis mauris.', 83),
(187, 'risus. Donec egestas.', 51),
(188, 'augue. Sed molestie.', 42),
(189, 'Nullam velit dui,', 39),
(190, 'non, luctus sit', 8),
(191, 'odio tristique pharetra.', 31),
(192, 'mi. Aliquam gravida', 35),
(193, 'et ultrices posuere', 92),
(194, 'sit amet orci.', 71),
(195, 'natoque penatibus et', 73),
(196, 'eu tellus. Phasellus', 90),
(197, 'Nunc ullamcorper, velit', 115),
(198, 'neque. In ornare', 45),
(199, 'vulputate eu, odio.', 61),
(200, 'ut, pharetra sed,', 37),
(201, 'ipsum. Curabitur consequat,', 95),
(202, 'ligula elit, pretium', 3),
(203, 'erat vitae risus.', 48),
(204, 'Donec tincidunt. Donec', 30),
(205, 'Donec egestas. Aliquam', 97),
(206, 'imperdiet ullamcorper. Duis', 18),
(207, 'Pellentesque habitant morbi', 108),
(208, 'laoreet posuere, enim', 87),
(209, 'et, rutrum non,', 57),
(210, 'velit egestas lacinia.', 76),
(211, 'ullamcorper, velit in', 58),
(212, 'lorem ac risus.', 37),
(213, 'vulputate dui, nec', 101),
(214, 'sodales. Mauris blandit', 108),
(215, 'Integer mollis. Integer', 5),
(216, 'in, tempus eu,', 109),
(217, 'nibh enim, gravida', 91),
(218, 'eu eros. Nam', 94),
(219, 'semper, dui lectus', 21),
(220, 'arcu. Vestibulum ut', 76),
(221, 'metus facilisis lorem', 26),
(222, 'mauris blandit mattis.', 94),
(223, 'dui. Cras pellentesque.', 70),
(224, 'iaculis quis, pede.', 28),
(225, 'Nam tempor diam', 107),
(226, 'pede sagittis augue,', 64),
(227, 'diam at pretium', 72),
(228, 'amet luctus vulputate,', 31),
(229, 'feugiat non, lobortis', 98),
(230, 'ut, pellentesque eget,', 109),
(231, 'sagittis semper. Nam', 90),
(232, 'parturient montes, nascetur', 85),
(233, 'semper tellus id', 11),
(234, 'facilisis vitae, orci.', 74),
(235, 'dui lectus rutrum', 69),
(236, 'vestibulum nec, euismod', 9),
(237, 'elit sed consequat', 102),
(238, 'eu neque pellentesque', 26),
(239, 'vestibulum nec, euismod', 93),
(240, 'dictum eu, eleifend', 115),
(241, 'Nulla semper tellus', 19),
(242, 'diam lorem, auctor', 72),
(243, 'malesuada id, erat.', 57),
(244, 'nec, diam. Duis', 48),
(245, 'non, bibendum sed,', 14),
(246, 'mattis ornare, lectus', 89),
(247, 'ut aliquam iaculis,', 105),
(248, 'aliquet, metus urna', 26),
(249, 'Suspendisse eleifend. Cras', 94),
(250, 'lacus. Quisque purus', 114),
(251, 'mauris eu elit.', 110),
(252, 'luctus et ultrices', 53),
(253, 'varius ultrices, mauris', 81),
(254, 'purus, in molestie', 10),
(255, 'adipiscing lobortis risus.', 2),
(256, 'Vestibulum accumsan neque', 107),
(257, 'mi felis, adipiscing', 41),
(258, 'sit amet orci.', 89),
(259, 'luctus et ultrices', 55),
(260, 'blandit at, nisi.', 65),
(261, 'mauris sagittis placerat.', 50),
(262, 'sit amet ornare', 104),
(263, 'tellus faucibus leo,', 95),
(264, 'fringilla. Donec feugiat', 84),
(265, 'nostra, per inceptos', 68),
(266, 'semper tellus id', 55),
(267, 'felis ullamcorper viverra.', 11),
(268, 'augue id ante', 67),
(269, 'quam, elementum at,', 95),
(270, 'dapibus gravida. Aliquam', 36),
(271, 'dui lectus rutrum', 9),
(272, 'arcu vel quam', 24),
(273, 'orci. Phasellus dapibus', 94),
(274, 'diam at pretium', 113),
(275, 'augue porttitor interdum.', 23),
(276, 'non, feugiat nec,', 25),
(277, 'molestie pharetra nibh.', 34),
(278, 'Cras dolor dolor,', 19),
(279, 'ultrices. Duis volutpat', 66),
(280, 'risus quis diam', 4),
(281, 'vitae sodales nisi', 118),
(282, 'tellus id nunc', 19),
(283, 'eu dolor egestas', 106),
(284, 'lectus. Cum sociis', 116),
(285, 'faucibus. Morbi vehicula.', 20),
(286, 'eleifend nec, malesuada', 57),
(287, 'Quisque libero lacus,', 119),
(288, 'ligula. Aenean gravida', 42),
(289, 'Morbi accumsan laoreet', 84),
(290, 'Ut tincidunt orci', 94),
(291, 'amet risus. Donec', 98),
(292, 'metus sit amet', 6),
(293, 'ridiculus mus. Aenean', 5),
(294, 'tristique aliquet. Phasellus', 11),
(295, 'scelerisque neque sed', 53),
(296, 'nec, malesuada ut,', 115),
(297, 'libero. Integer in', 6),
(298, 'purus mauris a', 108),
(299, 'Proin vel nisl.', 51),
(300, 'est ac facilisis', 53),
(301, 'Nunc ut erat.', 37),
(302, 'dis parturient montes,', 92),
(303, 'eleifend, nunc risus', 13),
(304, 'ante bibendum ullamcorper.', 8),
(305, 'Donec sollicitudin adipiscing', 8),
(306, 'erat semper rutrum.', 92),
(307, 'Aliquam rutrum lorem', 8),
(308, 'nunc. Quisque ornare', 108),
(309, 'egestas. Duis ac', 57),
(310, 'ornare sagittis felis.', 100),
(311, 'ligula. Nullam feugiat', 75),
(312, 'aliquet, metus urna', 96),
(313, 'eget, ipsum. Donec', 112),
(314, 'nisl. Nulla eu', 61),
(315, 'orci lobortis augue', 80),
(316, 'ut eros non', 49),
(317, 'aliquet odio. Etiam', 92),
(318, 'elit sed consequat', 103),
(319, 'enim. Etiam gravida', 76),
(320, 'risus, at fringilla', 63),
(321, 'Cras convallis convallis', 38),
(322, 'nec orci. Donec', 95),
(323, 'a odio semper', 50),
(324, 'dolor. Nulla semper', 49),
(325, 'risus quis diam', 1),
(326, 'odio semper cursus.', 91),
(327, 'magna, malesuada vel,', 74),
(328, 'mauris id sapien.', 3),
(329, 'fermentum vel, mauris.', 63),
(330, 'Phasellus dolor elit,', 117),
(331, 'rutrum eu, ultrices', 14),
(332, 'Cras lorem lorem,', 34),
(333, 'in, dolor. Fusce', 85),
(334, 'malesuada fames ac', 113),
(335, 'tempus scelerisque, lorem', 15),
(336, 'ipsum porta elit,', 27),
(337, 'feugiat metus sit', 98),
(338, 'Integer in magna.', 120),
(339, 'auctor non, feugiat', 105),
(340, 'aliquam eu, accumsan', 39),
(341, 'Curae; Phasellus ornare.', 87),
(342, 'dolor. Fusce mi', 88),
(343, 'nisi sem semper', 118),
(344, 'nulla. Donec non', 108),
(345, 'Integer sem elit,', 108),
(346, 'ornare placerat, orci', 42),
(347, 'purus ac tellus.', 74),
(348, 'tristique pharetra. Quisque', 48),
(349, 'ac metus vitae', 108),
(350, 'tellus. Aenean egestas', 117),
(351, 'velit eget laoreet', 73),
(352, 'arcu. Vivamus sit', 46),
(353, 'Suspendisse dui. Fusce', 95),
(354, 'nulla. Cras eu', 105),
(355, 'Donec elementum, lorem', 88),
(356, 'molestie orci tincidunt', 65),
(357, 'felis. Donec tempor,', 31),
(358, 'sed consequat auctor,', 60),
(359, 'Nulla eget metus', 75),
(360, 'sed dui. Fusce', 98),
(361, 'natoque penatibus et', 58),
(362, 'placerat eget, venenatis', 76),
(363, 'per inceptos hymenaeos.', 109),
(364, 'ullamcorper, nisl arcu', 103),
(365, 'quam dignissim pharetra.', 101),
(366, 'Quisque nonummy ipsum', 16),
(367, 'ornare egestas ligula.', 16),
(368, 'leo. Morbi neque', 41),
(369, 'id enim. Curabitur', 18),
(370, 'Proin dolor. Nulla', 68),
(371, 'sed tortor. Integer', 31),
(372, 'euismod ac, fermentum', 36),
(373, 'est. Mauris eu', 32),
(374, 'Vivamus rhoncus. Donec', 83),
(375, 'adipiscing elit. Aliquam', 120),
(376, 'turpis egestas. Fusce', 63),
(377, 'est, congue a,', 26),
(378, 'Duis ac arcu.', 95),
(379, 'Cras dictum ultricies', 42),
(380, 'vestibulum massa rutrum', 110),
(381, 'dui, semper et,', 31),
(382, 'Aenean euismod mauris', 51),
(383, 'semper rutrum. Fusce', 39),
(384, 'a, malesuada id,', 96),
(385, 'ultricies adipiscing, enim', 58),
(386, 'Sed neque. Sed', 63),
(387, 'ac urna. Ut', 82),
(388, 'ut dolor dapibus', 98),
(389, 'odio, auctor vitae,', 8),
(390, 'torquent per conubia', 73),
(391, 'Phasellus nulla. Integer', 79),
(392, 'Mauris molestie pharetra', 105),
(393, 'Donec porttitor tellus', 64),
(394, 'at risus. Nunc', 49),
(395, 'a odio semper', 66),
(396, 'mauris elit, dictum', 104),
(397, 'accumsan convallis, ante', 73),
(398, 'tristique senectus et', 22),
(399, 'pharetra sed, hendrerit', 45),
(400, 'Nulla facilisi. Sed', 119),
(401, 'consequat dolor vitae', 3),
(402, 'magna. Suspendisse tristique', 94),
(403, 'vel turpis. Aliquam', 108),
(404, 'cursus. Integer mollis.', 84),
(405, 'augue malesuada malesuada.', 87),
(406, 'Duis risus odio,', 94),
(407, 'convallis est, vitae', 74),
(408, 'sem molestie sodales.', 31),
(409, 'tempor diam dictum', 12),
(410, 'turpis egestas. Fusce', 107),
(411, 'sem mollis dui,', 33),
(412, 'lectus quis massa.', 48),
(413, 'mauris elit, dictum', 20),
(414, 'eget, ipsum. Donec', 118),
(415, 'eu, euismod ac,', 46),
(416, 'aliquet nec, imperdiet', 120),
(417, 'amet ultricies sem', 110),
(418, 'lectus ante dictum', 29),
(419, 'orci. Donec nibh.', 118),
(420, 'justo. Praesent luctus.', 67),
(421, 'Quisque imperdiet, erat', 35),
(422, 'ridiculus mus. Proin', 10),
(423, 'dolor sit amet,', 118),
(424, 'vel arcu. Curabitur', 24),
(425, 'Sed nulla ante,', 118),
(426, 'scelerisque dui. Suspendisse', 57),
(427, 'fames ac turpis', 27),
(428, 'ipsum ac mi', 118),
(429, 'fermentum fermentum arcu.', 13),
(430, 'at, iaculis quis,', 98),
(431, 'tincidunt, neque vitae', 116),
(432, 'elementum, dui quis', 22),
(433, 'luctus, ipsum leo', 55),
(434, 'Integer id magna', 23),
(435, 'Sed congue, elit', 51),
(436, 'mi, ac mattis', 49),
(437, 'mauris ut mi.', 10),
(438, 'Phasellus fermentum convallis', 105),
(439, 'aliquet, sem ut', 57),
(440, 'vitae, erat. Vivamus', 40),
(441, 'vestibulum. Mauris magna.', 80),
(442, 'eget lacus. Mauris', 55),
(443, 'lobortis quis, pede.', 2),
(444, 'lectus quis massa.', 55),
(445, 'sem, consequat nec,', 22),
(446, 'montes, nascetur ridiculus', 42),
(447, 'Donec nibh enim,', 49),
(448, 'luctus felis purus', 87),
(449, 'magna et ipsum', 13),
(450, 'leo, in lobortis', 23),
(451, 'ipsum. Donec sollicitudin', 69),
(452, 'malesuada vel, convallis', 113),
(453, 'vitae dolor. Donec', 5),
(454, 'non justo. Proin', 64),
(455, 'leo. Cras vehicula', 107),
(456, 'amet ornare lectus', 13),
(457, 'parturient montes, nascetur', 62),
(458, 'Cras lorem lorem,', 98),
(459, 'quis massa. Mauris', 102),
(460, 'Etiam laoreet, libero', 74),
(461, 'tincidunt tempus risus.', 116),
(462, 'Sed nec metus', 69),
(463, 'erat nonummy ultricies', 73),
(464, 'Praesent eu nulla', 36),
(465, 'urna et arcu', 27),
(466, 'mi lorem, vehicula', 37),
(467, 'eros non enim', 20),
(468, 'leo elementum sem,', 114),
(469, 'dolor sit amet,', 49),
(470, 'odio vel est', 9),
(471, 'vitae erat vel', 1),
(472, 'enim mi tempor', 81),
(473, 'urna convallis erat,', 35),
(474, 'purus, accumsan interdum', 47),
(475, 'Quisque ac libero', 116),
(476, 'dis parturient montes,', 114),
(477, 'sed leo. Cras', 76),
(478, 'Quisque varius. Nam', 20),
(479, 'vehicula et, rutrum', 39),
(480, 'est. Nunc ullamcorper,', 79),
(481, 'Nunc quis arcu', 109),
(482, 'accumsan convallis, ante', 13),
(483, 'risus. Morbi metus.', 69),
(484, 'ipsum porta elit,', 116),
(485, 'et pede. Nunc', 75),
(486, 'quam. Curabitur vel', 16),
(487, 'non enim commodo', 47),
(488, 'non, bibendum sed,', 59),
(489, 'faucibus ut, nulla.', 65),
(490, 'lorem, eget mollis', 105),
(491, 'magna tellus faucibus', 30),
(492, 'vulputate, lacus. Cras', 9),
(493, 'Cras vulputate velit', 93),
(494, 'Phasellus fermentum convallis', 83),
(495, 'Nunc quis arcu', 65),
(496, 'tempus non, lacinia', 86),
(497, 'orci, in consequat', 120),
(498, 'ipsum non arcu.', 30),
(499, 'tempus mauris erat', 46),
(500, 'neque sed dictum', 5),
(501, 'mi. Duis risus', 5),
(502, 'nec, malesuada ut,', 23),
(503, 'vitae risus. Duis', 62),
(504, 'amet, risus. Donec', 90),
(505, 'vulputate, nisi sem', 14),
(506, 'ad litora torquent', 64),
(507, 'elit fermentum risus,', 84),
(508, 'pellentesque eget, dictum', 46),
(509, 'cubilia Curae; Phasellus', 74),
(510, 'elit pede, malesuada', 7),
(511, 'ante. Vivamus non', 104),
(512, 'id enim. Curabitur', 46),
(513, 'Maecenas ornare egestas', 21),
(514, 'nibh. Donec est', 69),
(515, 'est, vitae sodales', 92),
(516, 'elit fermentum risus,', 16),
(517, 'est ac mattis', 2),
(518, 'montes, nascetur ridiculus', 103),
(519, 'ligula elit, pretium', 2),
(520, 'Sed auctor odio', 32),
(521, 'vulputate dui, nec', 42),
(522, 'tempus risus. Donec', 107),
(523, 'sed sem egestas', 22),
(524, 'pede. Cras vulputate', 18),
(525, 'amet lorem semper', 94),
(526, 'vitae aliquam eros', 72),
(527, 'bibendum sed, est.', 47),
(528, 'rutrum eu, ultrices', 97),
(529, 'sem mollis dui,', 16),
(530, 'nisi magna sed', 36),
(531, 'imperdiet, erat nonummy', 50),
(532, 'nec, cursus a,', 71),
(533, 'malesuada vel, convallis', 16),
(534, 'in molestie tortor', 17),
(535, 'Fusce aliquam, enim', 48),
(536, 'Pellentesque tincidunt tempus', 93),
(537, 'felis ullamcorper viverra.', 9),
(538, 'sit amet metus.', 68),
(539, 'Nam nulla magna,', 119),
(540, 'ligula. Aenean gravida', 84),
(541, 'Aliquam tincidunt, nunc', 35),
(542, 'augue eu tellus.', 43),
(543, 'dignissim. Maecenas ornare', 104),
(544, 'sit amet, faucibus', 82),
(545, 'a, scelerisque sed,', 9),
(546, 'et libero. Proin', 114),
(547, 'velit in aliquet', 55),
(548, 'ornare. In faucibus.', 2),
(549, 'Vivamus nibh dolor,', 4),
(550, 'Cras interdum. Nunc', 11),
(551, 'sapien. Nunc pulvinar', 34),
(552, 'quis diam. Pellentesque', 76),
(553, 'Nunc commodo auctor', 5),
(554, 'facilisis facilisis, magna', 21),
(555, 'Proin sed turpis', 7),
(556, 'Aliquam erat volutpat.', 4),
(557, 'Cum sociis natoque', 27),
(558, 'Nam nulla magna,', 4),
(559, 'neque non quam.', 31),
(560, 'mus. Donec dignissim', 68),
(561, 'tortor at risus.', 16),
(562, 'ut odio vel', 19),
(563, 'scelerisque, lorem ipsum', 57),
(564, 'Pellentesque tincidunt tempus', 99),
(565, 'convallis erat, eget', 55),
(566, 'Phasellus at augue', 119),
(567, 'facilisis lorem tristique', 45),
(568, 'fermentum convallis ligula.', 96),
(569, 'justo faucibus lectus,', 57),
(570, 'sit amet massa.', 14),
(571, 'Sed nulla ante,', 44),
(572, 'consectetuer adipiscing elit.', 88),
(573, 'mattis. Cras eget', 21),
(574, 'neque venenatis lacus.', 84),
(575, 'torquent per conubia', 60),
(576, 'orci. Ut semper', 25),
(577, 'interdum. Curabitur dictum.', 5),
(578, 'porttitor vulputate, posuere', 9),
(579, 'Praesent luctus. Curabitur', 21),
(580, 'in molestie tortor', 73),
(581, 'rhoncus id, mollis', 109),
(582, 'mauris ut mi.', 56),
(583, 'lorem, vehicula et,', 79),
(584, 'urna. Ut tincidunt', 101),
(585, 'porttitor eros nec', 119),
(586, 'nisl arcu iaculis', 64),
(587, 'ornare lectus justo', 18),
(588, 'ridiculus mus. Proin', 99),
(589, 'convallis in, cursus', 22),
(590, 'orci. Donec nibh.', 94),
(591, 'est tempor bibendum.', 97),
(592, 'eu turpis. Nulla', 28),
(593, 'Donec nibh. Quisque', 111),
(594, 'Integer in magna.', 36),
(595, 'metus. Aliquam erat', 6),
(596, 'nisi nibh lacinia', 68),
(597, 'In mi pede,', 79),
(598, 'scelerisque neque sed', 57),
(599, 'In condimentum. Donec', 95),
(600, 'erat volutpat. Nulla', 109),
(601, 'eleifend. Cras sed', 94),
(602, 'lobortis quis, pede.', 60),
(603, 'bibendum. Donec felis', 96),
(604, 'neque et nunc.', 93),
(605, 'Etiam gravida molestie', 75),
(606, 'Morbi neque tellus,', 117),
(607, 'faucibus ut, nulla.', 7),
(608, 'purus. Duis elementum,', 62),
(609, 'interdum libero dui', 79),
(610, 'non massa non', 10),
(611, 'eget metus eu', 28),
(612, 'Morbi sit amet', 16),
(613, 'amet risus. Donec', 43),
(614, 'felis. Donec tempor,', 57),
(615, 'sed pede. Cum', 9),
(616, 'sit amet massa.', 16),
(617, 'scelerisque mollis. Phasellus', 119),
(618, 'scelerisque dui. Suspendisse', 39),
(619, 'Morbi accumsan laoreet', 25),
(620, 'posuere, enim nisl', 91),
(621, 'et, eros. Proin', 15),
(622, 'malesuada ut, sem.', 45),
(623, 'sem. Pellentesque ut', 52),
(624, 'mi pede, nonummy', 18),
(625, 'eleifend vitae, erat.', 34),
(626, 'eu tempor erat', 77),
(627, 'placerat velit. Quisque', 41),
(628, 'eget, ipsum. Donec', 37),
(629, 'eu eros. Nam', 84),
(630, 'velit dui, semper', 71),
(631, 'elementum sem, vitae', 13),
(632, 'ridiculus mus. Proin', 21),
(633, 'lorem ipsum sodales', 106),
(634, 'sed tortor. Integer', 86),
(635, 'dolor. Fusce feugiat.', 79),
(636, 'condimentum. Donec at', 37),
(637, 'odio sagittis semper.', 46),
(638, 'lacus. Cras interdum.', 80),
(639, 'vitae aliquam eros', 83),
(640, 'magna. Duis dignissim', 7),
(641, 'nec luctus felis', 27),
(642, 'vestibulum massa rutrum', 65),
(643, 'dolor vitae dolor.', 42),
(644, 'massa. Vestibulum accumsan', 107),
(645, 'et magnis dis', 87),
(646, 'lobortis mauris. Suspendisse', 44),
(647, 'blandit at, nisi.', 39),
(648, 'Maecenas malesuada fringilla', 54),
(649, 'Morbi non sapien', 119),
(650, 'neque. Sed eget', 115),
(651, 'in consequat enim', 89),
(652, 'Donec feugiat metus', 40),
(653, 'enim. Sed nulla', 67),
(654, 'felis. Nulla tempor', 81),
(655, 'Praesent eu nulla', 111),
(656, 'sagittis lobortis mauris.', 114),
(657, 'elit erat vitae', 108),
(658, 'sapien molestie orci', 92),
(659, 'Donec egestas. Aliquam', 116),
(660, 'nec urna et', 85),
(661, 'ridiculus mus. Proin', 88),
(662, 'enim diam vel', 75),
(663, 'Nulla eget metus', 18),
(664, 'tempor diam dictum', 93),
(665, 'Proin velit. Sed', 32),
(666, 'nibh. Aliquam ornare,', 96),
(667, 'molestie dapibus ligula.', 66),
(668, 'consectetuer, cursus et,', 116),
(669, 'velit eget laoreet', 53),
(670, 'malesuada vel, convallis', 107),
(671, 'euismod in, dolor.', 43),
(672, 'placerat eget, venenatis', 22),
(673, 'eu, euismod ac,', 78),
(674, 'est, mollis non,', 71),
(675, 'cursus non, egestas', 47),
(676, 'at, libero. Morbi', 68),
(677, 'egestas. Fusce aliquet', 71),
(678, 'aliquam arcu. Aliquam', 12),
(679, 'neque. Nullam ut', 48),
(680, 'et libero. Proin', 30),
(681, 'id enim. Curabitur', 90),
(682, 'Proin eget odio.', 120),
(683, 'eleifend, nunc risus', 45),
(684, 'tincidunt adipiscing. Mauris', 110),
(685, 'neque. Nullam nisl.', 119),
(686, 'tristique pellentesque, tellus', 119),
(687, 'Fusce aliquam, enim', 24),
(688, 'sociis natoque penatibus', 31),
(689, 'lectus convallis est,', 105),
(690, 'ultrices. Vivamus rhoncus.', 24),
(691, 'suscipit nonummy. Fusce', 114),
(692, 'Proin velit. Sed', 87),
(693, 'magna a neque.', 11),
(694, 'feugiat placerat velit.', 63),
(695, 'sed dui. Fusce', 57),
(696, 'vitae sodales nisi', 73),
(697, 'amet, faucibus ut,', 38),
(698, 'nulla. Integer vulputate,', 96),
(699, 'leo elementum sem,', 54),
(700, 'lobortis augue scelerisque', 40),
(701, 'posuere vulputate, lacus.', 62),
(702, 'neque non quam.', 117),
(703, 'molestie orci tincidunt', 52),
(704, 'odio tristique pharetra.', 17),
(705, 'Donec tempus, lorem', 82),
(706, 'aliquet magna a', 54),
(707, 'semper rutrum. Fusce', 21),
(708, 'lorem lorem, luctus', 114),
(709, 'Aliquam erat volutpat.', 63),
(710, 'sollicitudin orci sem', 52),
(711, 'Nunc quis arcu', 38),
(712, 'nulla ante, iaculis', 16),
(713, 'urna. Vivamus molestie', 109),
(714, 'nec, imperdiet nec,', 16),
(715, 'ornare sagittis felis.', 63),
(716, 'mauris elit, dictum', 18),
(717, 'Duis risus odio,', 11),
(718, 'nunc sed libero.', 110),
(719, 'pretium aliquet, metus', 45),
(720, 'vestibulum nec, euismod', 32),
(721, 'vel lectus. Cum', 61),
(722, 'placerat, augue. Sed', 104),
(723, 'montes, nascetur ridiculus', 13),
(724, 'sollicitudin orci sem', 100),
(725, 'faucibus orci luctus', 55),
(726, 'dolor sit amet,', 14),
(727, 'justo sit amet', 39),
(728, 'aliquet, sem ut', 89),
(729, 'Mauris ut quam', 108),
(730, 'et risus. Quisque', 29),
(731, 'risus. Nunc ac', 21),
(732, 'at fringilla purus', 83),
(733, 'interdum enim non', 87),
(734, 'odio a purus.', 92),
(735, 'tristique pharetra. Quisque', 89),
(736, 'consectetuer euismod est', 109),
(737, 'Nullam ut nisi', 106),
(738, 'Phasellus libero mauris,', 19),
(739, 'Integer urna. Vivamus', 66),
(740, 'augue. Sed molestie.', 38),
(741, 'quis arcu vel', 45),
(742, 'tellus faucibus leo,', 49),
(743, 'Pellentesque ultricies dignissim', 49),
(744, 'semper tellus id', 1),
(745, 'dolor sit amet,', 85),
(746, 'lectus quis massa.', 24),
(747, 'ut erat. Sed', 102),
(748, 'dolor. Fusce feugiat.', 87),
(749, 'habitant morbi tristique', 68),
(750, 'ultricies ornare, elit', 101),
(751, 'felis purus ac', 111),
(752, 'semper cursus. Integer', 44),
(753, 'tincidunt, nunc ac', 114),
(754, 'dui, in sodales', 104),
(755, 'tempus scelerisque, lorem', 105),
(756, 'at arcu. Vestibulum', 87),
(757, 'enim, condimentum eget,', 28),
(758, 'massa. Quisque porttitor', 109),
(759, 'vulputate ullamcorper magna.', 55),
(760, 'eleifend vitae, erat.', 118),
(761, 'sodales purus, in', 17),
(762, 'egestas hendrerit neque.', 32),
(763, 'Donec dignissim magna', 78),
(764, 'ultrices sit amet,', 28),
(765, 'mollis vitae, posuere', 34),
(766, 'varius orci, in', 117),
(767, 'blandit enim consequat', 95),
(768, 'non ante bibendum', 66),
(769, 'ante dictum cursus.', 59),
(770, 'enim diam vel', 47),
(771, 'faucibus. Morbi vehicula.', 20),
(772, 'diam. Proin dolor.', 28),
(773, 'cursus vestibulum. Mauris', 42),
(774, 'nulla vulputate dui,', 23),
(775, 'nibh dolor, nonummy', 98),
(776, 'Donec tincidunt. Donec', 5),
(777, 'adipiscing non, luctus', 37),
(778, 'dignissim. Maecenas ornare', 64),
(779, 'nibh dolor, nonummy', 102),
(780, 'fermentum metus. Aenean', 38),
(781, 'elit, pharetra ut,', 111),
(782, 'elit, pharetra ut,', 95),
(783, 'Nullam lobortis quam', 33),
(784, 'eros nec tellus.', 27),
(785, 'laoreet, libero et', 108),
(786, 'quam, elementum at,', 5),
(787, 'mi pede, nonummy', 23),
(788, 'iaculis aliquet diam.', 112),
(789, 'sed dictum eleifend,', 100),
(790, 'nisl. Nulla eu', 66),
(791, 'et nunc. Quisque', 90),
(792, 'Integer eu lacus.', 37),
(793, 'tincidunt aliquam arcu.', 21),
(794, 'fringilla. Donec feugiat', 120),
(795, 'vulputate, lacus. Cras', 23),
(796, 'In faucibus. Morbi', 111),
(797, 'congue, elit sed', 79),
(798, 'commodo ipsum. Suspendisse', 19),
(799, 'nec urna suscipit', 1),
(800, 'mattis. Cras eget', 114),
(801, 'Etiam bibendum fermentum', 1),
(802, 'Fusce mi lorem,', 77),
(803, 'suscipit, est ac', 57),
(804, 'amet diam eu', 106),
(805, 'amet nulla. Donec', 63),
(806, 'orci lacus vestibulum', 70),
(807, 'inceptos hymenaeos. Mauris', 9),
(808, 'pede blandit congue.', 22),
(809, 'vitae semper egestas,', 37),
(810, 'libero lacus, varius', 114),
(811, 'ipsum dolor sit', 98),
(812, 'vel arcu eu', 57),
(813, 'Nulla tempor augue', 26),
(814, 'libero at auctor', 41),
(815, 'nunc. In at', 51),
(816, 'ligula eu enim.', 59),
(817, 'Aliquam gravida mauris', 118),
(818, 'fringilla cursus purus.', 118),
(819, 'tempor augue ac', 70),
(820, 'lobortis tellus justo', 41),
(821, 'eu dolor egestas', 35),
(822, 'ultricies ornare, elit', 26),
(823, 'nec urna et', 114),
(824, 'feugiat metus sit', 20),
(825, 'vulputate, lacus. Cras', 27),
(826, 'ac ipsum. Phasellus', 102),
(827, 'tincidunt dui augue', 13),
(828, 'a sollicitudin orci', 74),
(829, 'Aliquam rutrum lorem', 49),
(830, 'est ac facilisis', 42),
(831, 'sem ut cursus', 26),
(832, 'magna. Sed eu', 98),
(833, 'non, vestibulum nec,', 57),
(834, 'id magna et', 23),
(835, 'eu, euismod ac,', 12),
(836, 'molestie tellus. Aenean', 66),
(837, 'dolor quam, elementum', 25),
(838, 'Proin vel nisl.', 98),
(839, 'mollis nec, cursus', 25),
(840, 'amet lorem semper', 1),
(841, 'vel arcu eu', 56),
(842, 'laoreet ipsum. Curabitur', 12),
(843, 'mus. Proin vel', 31),
(844, 'tempus, lorem fringilla', 73),
(845, 'dis parturient montes,', 44),
(846, 'malesuada id, erat.', 57),
(847, 'nisi a odio', 38),
(848, 'commodo hendrerit. Donec', 103),
(849, 'egestas hendrerit neque.', 101),
(850, 'tellus. Phasellus elit', 108),
(851, 'iaculis nec, eleifend', 25),
(852, 'orci lacus vestibulum', 109),
(853, 'consectetuer euismod est', 21),
(854, 'volutpat. Nulla facilisis.', 17),
(855, 'est tempor bibendum.', 115),
(856, 'eu odio tristique', 14),
(857, 'adipiscing, enim mi', 25),
(858, 'ullamcorper, velit in', 35),
(859, 'viverra. Maecenas iaculis', 32),
(860, 'nunc. Quisque ornare', 42),
(861, 'orci. Ut sagittis', 27),
(862, 'pretium et, rutrum', 41),
(863, 'ante ipsum primis', 87),
(864, 'eu, odio. Phasellus', 115),
(865, 'urna. Nullam lobortis', 118),
(866, 'congue, elit sed', 49),
(867, 'semper tellus id', 83),
(868, 'dapibus rutrum, justo.', 114),
(869, 'mauris ipsum porta', 103),
(870, 'pede et risus.', 96),
(871, 'a mi fringilla', 88),
(872, 'Nullam velit dui,', 100),
(873, 'posuere at, velit.', 39),
(874, 'tortor. Nunc commodo', 103),
(875, 'metus vitae velit', 76),
(876, 'hendrerit consectetuer, cursus', 92),
(877, 'mus. Proin vel', 66),
(878, 'magna, malesuada vel,', 8),
(879, 'sed, sapien. Nunc', 111),
(880, 'diam nunc, ullamcorper', 56),
(881, 'tincidunt. Donec vitae', 38),
(882, 'nunc interdum feugiat.', 21),
(883, 'feugiat tellus lorem', 59),
(884, 'luctus aliquet odio.', 35),
(885, 'iaculis aliquet diam.', 35),
(886, 'amet orci. Ut', 119),
(887, 'dictum placerat, augue.', 102),
(888, 'ligula. Donec luctus', 16),
(889, 'porttitor vulputate, posuere', 71),
(890, 'magna. Ut tincidunt', 113),
(891, 'leo. Vivamus nibh', 69),
(892, 'ornare, libero at', 15),
(893, 'velit dui, semper', 120),
(894, 'quis lectus. Nullam', 57),
(895, 'Nunc mauris elit,', 41),
(896, 'Nullam enim. Sed', 82),
(897, 'diam. Duis mi', 84),
(898, 'montes, nascetur ridiculus', 67),
(899, 'tellus id nunc', 71),
(900, 'Nulla eu neque', 70),
(901, 'Aliquam ultrices iaculis', 117),
(902, 'magna, malesuada vel,', 101),
(903, 'Nulla aliquet. Proin', 35),
(904, 'Vivamus nibh dolor,', 83),
(905, 'Nam interdum enim', 49),
(906, 'mi. Aliquam gravida', 112),
(907, 'tellus eu augue', 45),
(908, 'eu lacus. Quisque', 55),
(909, 'Quisque varius. Nam', 25),
(910, 'vulputate, risus a', 10),
(911, 'est, vitae sodales', 38),
(912, 'augue ac ipsum.', 39),
(913, 'Integer urna. Vivamus', 108),
(914, 'amet diam eu', 50),
(915, 'natoque penatibus et', 5),
(916, 'orci. Phasellus dapibus', 32),
(917, 'neque. Nullam nisl.', 29),
(918, 'vulputate dui, nec', 86),
(919, 'pellentesque eget, dictum', 65),
(920, 'facilisis facilisis, magna', 79),
(921, 'sociosqu ad litora', 46),
(922, 'adipiscing lacus. Ut', 69),
(923, 'metus sit amet', 82),
(924, 'egestas rhoncus. Proin', 24),
(925, 'Mauris non dui', 10),
(926, 'felis. Donec tempor,', 67),
(927, 'posuere cubilia Curae;', 107),
(928, 'malesuada. Integer id', 56),
(929, 'ac facilisis facilisis,', 36),
(930, 'hendrerit. Donec porttitor', 91),
(931, 'neque. Morbi quis', 107),
(932, 'Phasellus ornare. Fusce', 25),
(933, 'leo, in lobortis', 78),
(934, 'facilisi. Sed neque.', 110),
(935, 'dolor. Donec fringilla.', 116),
(936, 'Proin vel arcu', 86),
(937, 'montes, nascetur ridiculus', 29),
(938, 'sem eget massa.', 88),
(939, 'egestas, urna justo', 99),
(940, 'luctus et ultrices', 102),
(941, 'at lacus. Quisque', 66),
(942, 'mi. Aliquam gravida', 96),
(943, 'neque. Morbi quis', 11),
(944, 'mauris. Integer sem', 16),
(945, 'lectus convallis est,', 73),
(946, 'Donec porttitor tellus', 32),
(947, 'semper rutrum. Fusce', 25),
(948, 'netus et malesuada', 50),
(949, 'porttitor vulputate, posuere', 99),
(950, 'molestie dapibus ligula.', 3),
(951, 'lobortis augue scelerisque', 74),
(952, 'consectetuer adipiscing elit.', 3),
(953, 'mus. Proin vel', 18),
(954, 'lorem ipsum sodales', 15),
(955, 'convallis erat, eget', 16),
(956, 'elit. Aliquam auctor,', 98),
(957, 'elementum, lorem ut', 91),
(958, 'est. Mauris eu', 118),
(959, 'ipsum non arcu.', 96),
(960, 'ac orci. Ut', 21),
(961, 'quam, elementum at,', 59),
(962, 'sollicitudin orci sem', 27),
(963, 'risus, at fringilla', 34),
(964, 'sodales nisi magna', 120),
(965, 'rutrum lorem ac', 22),
(966, 'non ante bibendum', 40),
(967, 'diam lorem, auctor', 70),
(968, 'vulputate, lacus. Cras', 52),
(969, 'dolor, nonummy ac,', 21),
(970, 'lorem ipsum sodales', 90),
(971, 'convallis ligula. Donec', 99),
(972, 'at auctor ullamcorper,', 68),
(973, 'non quam. Pellentesque', 31),
(974, 'In faucibus. Morbi', 14),
(975, 'dictum mi, ac', 50),
(976, 'eu, placerat eget,', 51),
(977, 'ipsum. Curabitur consequat,', 47),
(978, 'feugiat nec, diam.', 110),
(979, 'volutpat. Nulla dignissim.', 112),
(980, 'lacinia mattis. Integer', 62),
(981, 'malesuada fames ac', 52),
(982, 'leo. Morbi neque', 21),
(983, 'egestas. Sed pharetra,', 79),
(984, 'hendrerit a, arcu.', 89),
(985, 'Donec nibh enim,', 90),
(986, 'vestibulum. Mauris magna.', 112),
(987, 'magna a tortor.', 91),
(988, 'sed tortor. Integer', 30),
(989, 'Integer vulputate, risus', 98),
(990, 'nisl arcu iaculis', 4),
(991, 'amet metus. Aliquam', 42),
(992, 'Aliquam auctor, velit', 66),
(993, 'felis ullamcorper viverra.', 98),
(994, 'ipsum. Phasellus vitae', 29),
(995, 'cursus a, enim.', 33),
(996, 'vitae diam. Proin', 104),
(997, 'amet, dapibus id,', 38),
(998, 'Sed nulla ante,', 100),
(999, 'mauris, rhoncus id,', 112),
(1000, 'nibh dolor, nonummy', 49),
(1001, 'tincidunt adipiscing. Mauris', 118),
(1002, 'molestie tortor nibh', 7),
(1003, 'molestie in, tempus', 10),
(1004, 'vehicula risus. Nulla', 44),
(1005, 'Proin nisl sem,', 14),
(1006, 'placerat, orci lacus', 31),
(1007, 'Sed et libero.', 115),
(1008, 'vestibulum. Mauris magna.', 2),
(1009, 'lectus, a sollicitudin', 101),
(1010, 'scelerisque scelerisque dui.', 98),
(1011, 'Donec egestas. Aliquam', 10),
(1012, 'senectus et netus', 71),
(1013, 'Donec elementum, lorem', 17),
(1014, 'eget massa. Suspendisse', 58),
(1015, 'Duis volutpat nunc', 117),
(1016, 'Nullam ut nisi', 96),
(1017, 'sem ut dolor', 43),
(1018, 'sit amet, risus.', 87),
(1019, 'diam at pretium', 21),
(1020, 'ultrices. Duis volutpat', 40),
(1021, 'ut cursus luctus,', 120),
(1022, 'urna, nec luctus', 99),
(1023, 'malesuada ut, sem.', 7),
(1024, 'urna. Ut tincidunt', 12),
(1025, 'Aliquam ultrices iaculis', 44),
(1026, 'semper cursus. Integer', 76),
(1027, 'adipiscing elit. Curabitur', 29),
(1028, 'Nullam feugiat placerat', 15),
(1029, 'ullamcorper. Duis at', 64),
(1030, 'risus. Quisque libero', 7),
(1031, 'facilisis, magna tellus', 75),
(1032, 'elementum, dui quis', 68),
(1033, 'elit elit fermentum', 48),
(1034, 'laoreet ipsum. Curabitur', 85),
(1035, 'non, cursus non,', 31),
(1036, 'augue eu tellus.', 66),
(1037, 'Nulla eu neque', 65),
(1038, 'accumsan neque et', 69),
(1039, 'molestie tortor nibh', 10),
(1040, 'imperdiet ornare. In', 20),
(1041, 'quam a felis', 8),
(1042, 'ligula eu enim.', 58),
(1043, 'orci. Donec nibh.', 85),
(1044, 'pharetra sed, hendrerit', 96),
(1045, 'ultrices posuere cubilia', 51),
(1046, 'ridiculus mus. Aenean', 64),
(1047, 'sed leo. Cras', 110),
(1048, 'pede. Cum sociis', 31),
(1049, 'sit amet, faucibus', 15),
(1050, 'eget tincidunt dui', 53),
(1051, 'nibh dolor, nonummy', 69),
(1052, 'blandit enim consequat', 116),
(1053, 'ultrices iaculis odio.', 79),
(1054, 'et, euismod et,', 71),
(1055, 'erat, eget tincidunt', 27),
(1056, 'quis turpis vitae', 60),
(1057, 'sem semper erat,', 31),
(1058, 'magna. Sed eu', 46),
(1059, 'lobortis quis, pede.', 22),
(1060, 'ligula. Aenean gravida', 60),
(1061, 'ante. Vivamus non', 66),
(1062, 'sagittis. Nullam vitae', 27),
(1063, 'convallis ligula. Donec', 75),
(1064, 'sagittis felis. Donec', 8),
(1065, 'ac mattis velit', 78),
(1066, 'mattis ornare, lectus', 51),
(1067, 'fermentum risus, at', 16),
(1068, 'nunc est, mollis', 37),
(1069, 'rhoncus id, mollis', 90),
(1070, 'neque. Nullam ut', 111),
(1071, 'imperdiet, erat nonummy', 117),
(1072, 'ridiculus mus. Aenean', 28),
(1073, 'erat volutpat. Nulla', 94),
(1074, 'convallis ligula. Donec', 73),
(1075, 'pede. Nunc sed', 78),
(1076, 'per conubia nostra,', 28),
(1077, 'dolor dapibus gravida.', 3),
(1078, 'volutpat. Nulla facilisis.', 57),
(1079, 'et risus. Quisque', 49),
(1080, 'sociis natoque penatibus', 12),
(1081, 'lobortis mauris. Suspendisse', 72),
(1082, 'Nam interdum enim', 45),
(1083, 'lorem. Donec elementum,', 12),
(1084, 'dolor sit amet,', 62),
(1085, 'ut aliquam iaculis,', 89),
(1086, 'pede sagittis augue,', 51),
(1087, 'ultrices. Duis volutpat', 69),
(1088, 'ac mattis velit', 38),
(1089, 'euismod urna. Nullam', 35),
(1090, 'Phasellus fermentum convallis', 19),
(1091, 'sollicitudin a, malesuada', 49),
(1092, 'mauris sapien, cursus', 120),
(1093, 'enim non nisi.', 112),
(1094, 'tincidunt nibh. Phasellus', 19),
(1095, 'velit egestas lacinia.', 17),
(1096, 'morbi tristique senectus', 34),
(1097, 'a, scelerisque sed,', 5),
(1098, 'Nunc quis arcu', 35),
(1099, 'Quisque purus sapien,', 54),
(1100, 'Curabitur egestas nunc', 30),
(1101, 'ornare, libero at', 41),
(1102, 'nec mauris blandit', 29),
(1103, 'Integer aliquam adipiscing', 93),
(1104, 'Proin sed turpis', 96),
(1105, 'porttitor vulputate, posuere', 53),
(1106, 'imperdiet, erat nonummy', 66),
(1107, 'Suspendisse dui. Fusce', 72),
(1108, 'est mauris, rhoncus', 112),
(1109, 'Nunc mauris elit,', 2),
(1110, 'torquent per conubia', 33),
(1111, 'sem elit, pharetra', 107),
(1112, 'augue ac ipsum.', 1),
(1113, 'aliquet, metus urna', 42),
(1114, 'tincidunt congue turpis.', 97),
(1115, 'ante bibendum ullamcorper.', 72),
(1116, 'tincidunt pede ac', 66),
(1117, 'luctus, ipsum leo', 78),
(1118, 'ultricies sem magna', 19),
(1119, 'In ornare sagittis', 34),
(1120, 'Pellentesque tincidunt tempus', 57),
(1121, 'elit, pharetra ut,', 30),
(1122, 'vitae, posuere at,', 117),
(1123, 'mi tempor lorem,', 67),
(1124, 'elit. Etiam laoreet,', 48),
(1125, 'consectetuer adipiscing elit.', 8),
(1126, 'Nulla eget metus', 76),
(1127, 'libero est, congue', 65),
(1128, 'est, mollis non,', 27),
(1129, 'ornare lectus justo', 22),
(1130, 'Cras convallis convallis', 100),
(1131, 'pharetra, felis eget', 80),
(1132, 'ornare egestas ligula.', 82),
(1133, 'sociis natoque penatibus', 81),
(1134, 'in consectetuer ipsum', 43),
(1135, 'vitae, orci. Phasellus', 76),
(1136, 'nulla. Cras eu', 31),
(1137, 'Suspendisse non leo.', 74),
(1138, 'bibendum. Donec felis', 107),
(1139, 'ipsum primis in', 96),
(1140, 'et ipsum cursus', 58),
(1141, 'mus. Proin vel', 65),
(1142, 'enim nisl elementum', 118),
(1143, 'commodo ipsum. Suspendisse', 21),
(1144, 'tincidunt congue turpis.', 46),
(1145, 'risus. Donec nibh', 65),
(1146, 'turpis nec mauris', 20),
(1147, 'dictum. Phasellus in', 106),
(1148, 'ad litora torquent', 48),
(1149, 'tempor lorem, eget', 80),
(1150, 'Fusce feugiat. Lorem', 115),
(1151, 'diam. Sed diam', 21),
(1152, 'tincidunt, nunc ac', 55),
(1153, 'urna. Ut tincidunt', 61),
(1154, 'Proin ultrices. Duis', 42),
(1155, 'erat neque non', 120),
(1156, 'Nulla facilisi. Sed', 39),
(1157, 'nisl arcu iaculis', 8),
(1158, 'gravida nunc sed', 38),
(1159, 'Morbi neque tellus,', 49),
(1160, 'diam dictum sapien.', 100),
(1161, 'amet risus. Donec', 65),
(1162, 'Proin vel nisl.', 93),
(1163, 'rutrum urna, nec', 49),
(1164, 'Sed eu eros.', 91),
(1165, 'mattis semper, dui', 52),
(1166, 'id sapien. Cras', 96),
(1167, 'adipiscing elit. Aliquam', 54),
(1168, 'semper cursus. Integer', 76),
(1169, 'libero. Morbi accumsan', 16),
(1170, 'convallis erat, eget', 33),
(1171, 'fames ac turpis', 1),
(1172, 'eleifend, nunc risus', 30),
(1173, 'Quisque varius. Nam', 61),
(1174, 'Aenean eget magna.', 12),
(1175, 'convallis erat, eget', 34),
(1176, 'ante ipsum primis', 101),
(1177, 'commodo tincidunt nibh.', 24),
(1178, 'tincidunt aliquam arcu.', 4),
(1179, 'lacus. Etiam bibendum', 90),
(1180, 'vel, venenatis vel,', 16),
(1181, 'nulla magna, malesuada', 115),
(1182, 'ipsum. Curabitur consequat,', 38),
(1183, 'dui. Suspendisse ac', 24),
(1184, 'tristique pharetra. Quisque', 21),
(1185, 'in lobortis tellus', 71),
(1186, 'eleifend nec, malesuada', 66),
(1187, 'non magna. Nam', 116),
(1188, 'condimentum. Donec at', 64),
(1189, 'nulla at sem', 76),
(1190, 'Fusce feugiat. Lorem', 99),
(1191, 'est ac mattis', 34),
(1192, 'Suspendisse sed dolor.', 83),
(1193, 'gravida sit amet,', 26),
(1194, 'dapibus gravida. Aliquam', 49),
(1195, 'vel quam dignissim', 75),
(1196, 'ligula. Donec luctus', 9),
(1197, 'non, hendrerit id,', 14),
(1198, 'Ut nec urna', 7),
(1199, 'mollis nec, cursus', 89),
(1200, 'lorem, vehicula et,', 26),
(1201, 'mauris ipsum porta', 83),
(1202, 'Nulla eget metus', 46),
(1203, 'porttitor eros nec', 118),
(1204, 'aliquam eros turpis', 29),
(1205, 'aliquam iaculis, lacus', 36),
(1206, 'nonummy ut, molestie', 60),
(1207, 'vehicula risus. Nulla', 3),
(1208, 'pulvinar arcu et', 36),
(1209, 'sit amet luctus', 90),
(1210, 'arcu. Sed et', 17),
(1211, 'sit amet, consectetuer', 52),
(1212, 'tincidunt. Donec vitae', 28),
(1213, 'sodales elit erat', 11),
(1214, 'interdum libero dui', 15),
(1215, 'ac facilisis facilisis,', 58),
(1216, 'Etiam bibendum fermentum', 55),
(1217, 'semper cursus. Integer', 61),
(1218, 'Suspendisse non leo.', 62),
(1219, 'lacinia. Sed congue,', 30),
(1220, 'Sed dictum. Proin', 119),
(1221, 'gravida. Praesent eu', 28),
(1222, 'hendrerit neque. In', 13),
(1223, 'justo. Proin non', 50),
(1224, 'urna. Nullam lobortis', 19),
(1225, 'a feugiat tellus', 88),
(1226, 'id, erat. Etiam', 27),
(1227, 'ullamcorper eu, euismod', 93),
(1228, 'vitae, erat. Vivamus', 16),
(1229, 'magna. Praesent interdum', 110),
(1230, 'ac libero nec', 87),
(1231, 'malesuada fames ac', 93),
(1232, 'libero. Proin sed', 118),
(1233, 'lectus convallis est,', 23),
(1234, 'arcu. Vestibulum ante', 63),
(1235, 'risus quis diam', 62),
(1236, 'Cras eget nisi', 21),
(1237, 'nec urna et', 3),
(1238, 'vulputate velit eu', 41),
(1239, 'magna. Nam ligula', 117),
(1240, 'pede, ultrices a,', 41),
(1241, 'fermentum vel, mauris.', 98),
(1242, 'Duis a mi', 89),
(1243, 'a mi fringilla', 68),
(1244, 'vitae, aliquet nec,', 107),
(1245, 'mus. Proin vel', 17),
(1246, 'laoreet lectus quis', 6),
(1247, 'Vestibulum ante ipsum', 3),
(1248, 'quis urna. Nunc', 97),
(1249, 'diam vel arcu.', 35),
(1250, 'nunc risus varius', 53),
(1251, 'Nulla interdum. Curabitur', 71),
(1252, 'nulla magna, malesuada', 114),
(1253, 'Donec fringilla. Donec', 11),
(1254, 'enim. Mauris quis', 55),
(1255, 'Integer eu lacus.', 84),
(1256, 'hendrerit consectetuer, cursus', 1),
(1257, 'lorem, vehicula et,', 92),
(1258, 'elit pede, malesuada', 48),
(1259, 'risus. Duis a', 77),
(1260, 'eget varius ultrices,', 29),
(1261, 'ultrices, mauris ipsum', 47),
(1262, 'tincidunt, nunc ac', 101),
(1263, 'ligula. Nullam feugiat', 94),
(1264, 'ornare, elit elit', 20),
(1265, 'mattis ornare, lectus', 118),
(1266, 'est tempor bibendum.', 88),
(1267, 'fermentum vel, mauris.', 65),
(1268, 'libero. Proin sed', 79),
(1269, 'a, auctor non,', 45),
(1270, 'pede nec ante', 118),
(1271, 'tincidunt nibh. Phasellus', 54),
(1272, 'eros non enim', 80),
(1273, 'dictum placerat, augue.', 34),
(1274, 'nibh. Donec est', 77),
(1275, 'ut nisi a', 3),
(1276, 'sit amet luctus', 86),
(1277, 'aliquam eu, accumsan', 27),
(1278, 'elit, pretium et,', 43),
(1279, 'Cras dictum ultricies', 72),
(1280, 'hymenaeos. Mauris ut', 97),
(1281, 'erat, eget tincidunt', 25),
(1282, 'dictum magna. Ut', 84),
(1283, 'Aliquam adipiscing lobortis', 115),
(1284, 'diam luctus lobortis.', 58),
(1285, 'elit. Curabitur sed', 16),
(1286, 'urna convallis erat,', 13),
(1287, 'lorem, auctor quis,', 73),
(1288, 'Phasellus nulla. Integer', 98),
(1289, 'Aliquam ornare, libero', 63),
(1290, 'eu augue porttitor', 19),
(1291, 'ultrices. Vivamus rhoncus.', 58),
(1292, 'ultricies adipiscing, enim', 37),
(1293, 'sociosqu ad litora', 102),
(1294, 'adipiscing elit. Etiam', 7),
(1295, 'risus. In mi', 76),
(1296, 'Vivamus rhoncus. Donec', 28),
(1297, 'auctor vitae, aliquet', 95),
(1298, 'vitae, erat. Vivamus', 74),
(1299, 'velit in aliquet', 65),
(1300, 'vitae risus. Duis', 48);

-- --------------------------------------------------------

--
-- Struttura della tabella `dim_prodotto`
--

CREATE TABLE `dim_prodotto` (
  `id_prodotto` mediumint(9) NOT NULL,
  `costo` mediumint(9) DEFAULT '0',
  `nome` text,
  PRIMARY KEY (`id_prodotto`)
) ENGINE=InnoDB DEFAULT CHARSET=latin1;

--
-- Dump dei dati per la tabella `dim_prodotto`
--

INSERT INTO `dim_prodotto` (`id_prodotto`, `costo`, `nome`) VALUES
(1, 210, 'mollis.'),
(2, 137, 'per'),
(3, 381, 'purus.'),
(4, 385, 'ullamcorper'),
(5, 734, 'lorem'),
(6, 830, 'In'),
(7, 252, 'et,'),
(8, 970, 'ullamcorper'),
(9, 640, 'montes,'),
(10, 367, 'a,'),
(11, 270, 'est'),
(12, 782, 'purus,'),
(13, 550, 'magna,'),
(14, 383, 'Cras'),
(15, 474, 'Vestibulum'),
(16, 168, 'elit.'),
(17, 800, 'pretium'),
(18, 908, 'sem'),
(19, 577, 'amet'),
(20, 192, 'orci'),
(21, 385, 'nisi'),
(22, 581, 'ullamcorper'),
(23, 371, 'dapibus'),
(24, 870, 'arcu.'),
(25, 808, 'velit'),
(26, 997, 'facilisis'),
(27, 161, 'nisl'),
(28, 738, 'enim'),
(29, 756, 'lorem,'),
(30, 460, 'tellus,'),
(31, 413, 'sed'),
(32, 391, 'non,'),
(33, 459, 'Proin'),
(34, 381, 'ridiculus'),
(35, 421, 'elit,'),
(36, 948, 'semper'),
(37, 577, 'tellus'),
(38, 886, 'sed'),
(39, 766, 'neque.'),
(40, 224, 'lectus'),
(41, 574, 'penatibus'),
(42, 193, 'consequat'),
(43, 936, 'turpis'),
(44, 998, 'vitae,'),
(45, 667, 'tellus.'),
(46, 353, 'blandit'),
(47, 519, 'commodo'),
(48, 129, 'sit'),
(49, 676, 'ultrices'),
(50, 758, 'sagittis.'),
(51, 410, 'nec'),
(52, 957, 'pede'),
(53, 753, 'volutpat'),
(54, 374, 'Phasellus'),
(55, 662, 'purus.'),
(56, 636, 'Ut'),
(57, 578, 'nostra,'),
(58, 162, 'molestie'),
(59, 696, 'Nulla'),
(60, 876, 'scelerisque'),
(61, 236, 'eget'),
(62, 374, 'Pellentesque'),
(63, 569, 'varius.'),
(64, 406, 'magna.'),
(65, 565, 'lorem'),
(66, 481, 'Phasellus'),
(67, 450, 'quam.'),
(68, 866, 'quis'),
(69, 630, 'blandit.'),
(70, 996, 'Donec'),
(71, 867, 'ligula.'),
(72, 510, 'bibendum'),
(73, 132, 'libero'),
(74, 230, 'egestas'),
(75, 569, 'euismod'),
(76, 934, 'ac'),
(77, 512, 'tempus'),
(78, 585, 'amet'),
(79, 553, 'a,'),
(80, 387, 'Curae;'),
(81, 403, 'Morbi'),
(82, 408, 'lectus'),
(83, 540, 'eu'),
(84, 393, 'Mauris'),
(85, 579, 'Donec'),
(86, 610, 'euismod'),
(87, 533, 'libero.'),
(88, 396, 'sagittis.'),
(89, 869, 'sodales.'),
(90, 586, 'quam'),
(91, 825, 'lorem'),
(92, 314, 'est'),
(93, 888, 'consectetuer'),
(94, 164, 'auctor'),
(95, 166, 'lacus'),
(96, 656, 'nulla'),
(97, 258, 'rutrum.'),
(98, 787, 'adipiscing'),
(99, 561, 'Donec'),
(100, 957, 'auctor'),
(101, 360, 'Nullam'),
(102, 789, 'diam.'),
(103, 354, 'nulla.'),
(104, 336, 'Aenean'),
(105, 479, 'nonummy'),
(106, 254, 'turpis'),
(107, 621, 'justo.'),
(108, 928, 'nisl.'),
(109, 125, 'sem'),
(110, 803, 'montes,'),
(111, 745, 'Cras'),
(112, 648, 'tristique'),
(113, 523, 'convallis'),
(114, 991, 'metus'),
(115, 958, 'eu,'),
(116, 141, 'auctor.'),
(117, 996, 'tempor'),
(118, 622, 'mattis.'),
(119, 707, 'nec'),
(120, 629, 'consectetuer,'),
(121, 117, 'lacus.'),
(122, 298, 'Aenean'),
(123, 338, 'Sed'),
(124, 760, 'Curabitur'),
(125, 467, 'nec,'),
(126, 953, 'tristique'),
(127, 769, 'metus.'),
(128, 851, 'odio.'),
(129, 501, 'iaculis'),
(130, 966, 'mauris.'),
(131, 417, 'metus.'),
(132, 848, 'sed'),
(133, 618, 'vitae'),
(134, 116, 'magnis'),
(135, 396, 'sapien'),
(136, 968, 'tempus'),
(137, 306, 'mollis.'),
(138, 633, 'luctus'),
(139, 805, 'dictum.'),
(140, 491, 'aliquam'),
(141, 698, 'Nunc'),
(142, 585, 'sed'),
(143, 675, 'aliquet,'),
(144, 478, 'Aenean'),
(145, 873, 'mus.'),
(146, 181, 'erat,'),
(147, 293, 'orci.'),
(148, 633, 'penatibus'),
(149, 600, 'dictum'),
(150, 903, 'quis'),
(151, 368, 'Nulla'),
(152, 687, 'elit'),
(153, 129, 'eget'),
(154, 891, 'tempus'),
(155, 713, 'et,'),
(156, 615, 'aliquet'),
(157, 911, 'montes,'),
(158, 820, 'Sed'),
(159, 660, 'augue'),
(160, 490, 'orci'),
(161, 546, 'elit,'),
(162, 643, 'tortor.'),
(163, 265, 'posuere'),
(164, 448, 'sagittis'),
(165, 402, 'malesuada'),
(166, 305, 'ut,'),
(167, 716, 'Fusce'),
(168, 252, 'egestas'),
(169, 500, 'erat'),
(170, 574, 'nec'),
(171, 847, 'convallis'),
(172, 133, 'viverra.'),
(173, 493, 'ligula.'),
(174, 595, 'auctor.'),
(175, 196, 'elit,'),
(176, 663, 'nunc'),
(177, 677, 'dictum.'),
(178, 408, 'sit'),
(179, 741, 'consectetuer,'),
(180, 104, 'sagittis'),
(181, 378, 'sed'),
(182, 976, 'metus'),
(183, 1000, 'blandit'),
(184, 501, 'primis'),
(185, 518, 'magna.'),
(186, 155, 'id'),
(187, 462, 'rhoncus.'),
(188, 634, 'commodo'),
(189, 527, 'conubia'),
(190, 336, 'orci'),
(191, 342, 'sit'),
(192, 905, 'Morbi'),
(193, 820, 'vel,'),
(194, 179, 'sagittis'),
(195, 667, 'euismod'),
(196, 167, 'facilisis'),
(197, 602, 'hendrerit'),
(198, 657, 'lectus'),
(199, 959, 'vitae'),
(200, 983, 'semper'),
(201, 181, 'commodo'),
(202, 225, 'ac'),
(203, 613, 'arcu'),
(204, 494, 'venenatis'),
(205, 768, 'a,'),
(206, 540, 'iaculis'),
(207, 168, 'Nam'),
(208, 759, 'luctus'),
(209, 697, 'at,'),
(210, 952, 'lorem,'),
(211, 117, 'Vestibulum'),
(212, 428, 'sed'),
(213, 859, 'vel'),
(214, 108, 'Cum'),
(215, 926, 'mattis'),
(216, 283, 'elit.'),
(217, 113, 'convallis'),
(218, 684, 'lacinia'),
(219, 511, 'Nam'),
(220, 180, 'sapien.'),
(221, 954, 'mauris'),
(222, 599, 'elementum,'),
(223, 583, 'eu,'),
(224, 127, 'amet,'),
(225, 250, 'tortor,'),
(226, 222, 'orci'),
(227, 983, 'id'),
(228, 568, 'id'),
(229, 546, 'dui.'),
(230, 150, 'eu,'),
(231, 516, 'nisl'),
(232, 176, 'molestie'),
(233, 433, 'et'),
(234, 344, 'Nulla'),
(235, 125, 'et'),
(236, 623, 'Fusce'),
(237, 361, 'dolor'),
(238, 309, 'a'),
(239, 575, 'turpis.'),
(240, 386, 'luctus'),
(241, 999, 'eget'),
(242, 866, 'velit'),
(243, 809, 'eu'),
(244, 959, 'metus'),
(245, 824, 'Suspendisse'),
(246, 757, 'dis'),
(247, 232, 'cursus'),
(248, 535, 'leo.'),
(249, 425, 'non'),
(250, 864, 'molestie'),
(251, 895, 'accumsan'),
(252, 660, 'Nunc'),
(253, 272, 'convallis'),
(254, 106, 'cubilia'),
(255, 287, 'semper'),
(256, 679, 'felis'),
(257, 240, 'Curabitur'),
(258, 383, 'vel'),
(259, 524, 'malesuada'),
(260, 569, 'amet'),
(261, 669, 'faucibus'),
(262, 582, 'arcu.'),
(263, 251, 'id,'),
(264, 739, 'vel'),
(265, 360, 'volutpat.'),
(266, 552, 'ac'),
(267, 428, 'vestibulum,'),
(268, 181, 'dui.'),
(269, 577, 'lectus'),
(270, 705, 'tristique'),
(271, 520, 'nulla.'),
(272, 148, 'pretium'),
(273, 185, 'mi'),
(274, 287, 'vitae,'),
(275, 820, 'accumsan'),
(276, 179, 'facilisis,'),
(277, 942, 'imperdiet,'),
(278, 932, 'consectetuer'),
(279, 154, 'Aenean'),
(280, 173, 'odio.'),
(281, 413, 'Donec'),
(282, 597, 'amet,'),
(283, 806, 'elit,'),
(284, 119, 'fringilla.'),
(285, 936, 'tempor'),
(286, 636, 'ac,'),
(287, 987, 'consectetuer'),
(288, 750, 'et'),
(289, 620, 'Ut'),
(290, 694, 'Nullam'),
(291, 963, 'nec,'),
(292, 758, 'Quisque'),
(293, 819, 'Nullam'),
(294, 185, 'Lorem'),
(295, 642, 'Nunc'),
(296, 844, 'et'),
(297, 917, 'sem.'),
(298, 180, 'ultricies'),
(299, 327, 'erat,'),
(300, 550, 'nec'),
(301, 301, 'mus.'),
(302, 506, 'hendrerit.'),
(303, 215, 'Aliquam'),
(304, 312, 'orci,'),
(305, 484, 'ornare,'),
(306, 528, 'Duis'),
(307, 521, 'id,'),
(308, 347, 'sociis'),
(309, 118, 'ornare'),
(310, 646, 'lectus'),
(311, 607, 'dolor'),
(312, 788, 'Phasellus'),
(313, 118, 'arcu.'),
(314, 275, 'condimentum'),
(315, 393, 'gravida.'),
(316, 739, 'tortor,'),
(317, 668, 'ac'),
(318, 347, 'nunc.'),
(319, 434, 'dis'),
(320, 480, 'ac'),
(321, 432, 'non,'),
(322, 623, 'dolor'),
(323, 256, 'vel,'),
(324, 736, 'volutpat'),
(325, 945, 'mauris'),
(326, 905, 'sagittis'),
(327, 616, 'Suspendisse'),
(328, 970, 'ullamcorper'),
(329, 927, 'augue'),
(330, 769, 'mauris'),
(331, 891, 'varius.'),
(332, 751, 'nunc,'),
(333, 211, 'a,'),
(334, 643, 'ac'),
(335, 685, 'ligula'),
(336, 344, 'ipsum'),
(337, 159, 'laoreet'),
(338, 760, 'rutrum,'),
(339, 213, 'sit'),
(340, 166, 'habitant'),
(341, 543, 'sed'),
(342, 463, 'lacus,'),
(343, 465, 'nec'),
(344, 306, 'tortor,'),
(345, 265, 'ut'),
(346, 874, 'a,'),
(347, 402, 'elementum'),
(348, 254, 'Fusce'),
(349, 899, 'Nunc'),
(350, 450, 'volutpat'),
(351, 652, 'non'),
(352, 646, 'ultrices'),
(353, 444, 'non'),
(354, 985, 'interdum.'),
(355, 577, 'et'),
(356, 682, 'ornare,'),
(357, 914, 'amet'),
(358, 836, 'urna,'),
(359, 227, 'pharetra.'),
(360, 735, 'nunc'),
(361, 509, 'Integer'),
(362, 704, 'mauris'),
(363, 297, 'mi'),
(364, 137, 'quam,'),
(365, 231, 'ridiculus'),
(366, 812, 'ut'),
(367, 865, 'nunc'),
(368, 185, 'urna'),
(369, 306, 'eu'),
(370, 369, 'nisl'),
(371, 148, 'purus.'),
(372, 786, 'rutrum'),
(373, 177, 'et'),
(374, 187, 'tempus'),
(375, 900, 'eu,'),
(376, 119, 'Nullam'),
(377, 156, 'aliquam,'),
(378, 511, 'accumsan'),
(379, 494, 'est'),
(380, 244, 'ac'),
(381, 821, 'neque.'),
(382, 771, 'semper'),
(383, 901, 'cubilia'),
(384, 451, 'laoreet,'),
(385, 100, 'diam'),
(386, 657, 'et'),
(387, 597, 'nonummy'),
(388, 358, 'sed,'),
(389, 523, 'orci'),
(390, 764, 'Suspendisse'),
(391, 784, 'in'),
(392, 932, 'ornare,'),
(393, 952, 'egestas'),
(394, 191, 'nec,'),
(395, 357, 'Ut'),
(396, 607, 'primis'),
(397, 383, 'magna.'),
(398, 856, 'purus.'),
(399, 317, 'aliquet.'),
(400, 386, 'vitae'),
(401, 421, 'luctus.'),
(402, 203, 'dui'),
(403, 316, 'Donec'),
(404, 484, 'nisl.'),
(405, 115, 'tincidunt'),
(406, 125, 'diam'),
(407, 227, 'scelerisque'),
(408, 766, 'Cras'),
(409, 728, 'sit'),
(410, 786, 'enim'),
(411, 522, 'ultricies'),
(412, 258, 'scelerisque,'),
(413, 908, 'Integer'),
(414, 835, 'scelerisque'),
(415, 858, 'natoque'),
(416, 538, 'eget'),
(417, 327, 'ut,'),
(418, 138, 'Phasellus'),
(419, 302, 'eleifend'),
(420, 339, 'magna'),
(421, 521, 'lacinia'),
(422, 873, 'egestas.'),
(423, 494, 'et'),
(424, 436, 'dui,'),
(425, 400, 'nisi'),
(426, 127, 'euismod'),
(427, 928, 'sapien'),
(428, 704, 'id'),
(429, 925, 'purus'),
(430, 899, 'neque'),
(431, 985, 'lorem,'),
(432, 984, 'aliquet'),
(433, 574, 'lectus'),
(434, 599, 'mauris'),
(435, 125, 'senectus'),
(436, 572, 'augue.'),
(437, 740, 'Morbi'),
(438, 365, 'Nunc'),
(439, 289, 'dui,'),
(440, 226, 'faucibus'),
(441, 607, 'vitae,'),
(442, 875, 'et'),
(443, 543, 'egestas.'),
(444, 352, 'a'),
(445, 122, 'placerat.'),
(446, 259, 'urna.'),
(447, 833, 'id'),
(448, 571, 'dolor'),
(449, 548, 'massa.'),
(450, 420, 'Cum'),
(451, 802, 'Suspendisse'),
(452, 258, 'urna'),
(453, 445, 'sapien,'),
(454, 865, 'aliquet,'),
(455, 100, 'tincidunt,'),
(456, 552, 'felis'),
(457, 715, 'convallis'),
(458, 148, 'ultrices,'),
(459, 484, 'Donec'),
(460, 489, 'lorem'),
(461, 672, 'dolor'),
(462, 260, 'felis.'),
(463, 362, 'Mauris'),
(464, 724, 'non,'),
(465, 170, 'elit'),
(466, 767, 'egestas'),
(467, 392, 'nisi.'),
(468, 537, 'Proin'),
(469, 482, 'Cum'),
(470, 812, 'sed'),
(471, 911, 'non,'),
(472, 495, 'non,'),
(473, 994, 'aliquam'),
(474, 645, 'In'),
(475, 231, 'Suspendisse'),
(476, 590, 'eget'),
(477, 803, 'diam'),
(478, 420, 'vitae,'),
(479, 469, 'dignissim'),
(480, 609, 'ac'),
(481, 671, 'ipsum.'),
(482, 661, 'Aenean'),
(483, 578, 'velit.'),
(484, 469, 'id,'),
(485, 800, 'eu'),
(486, 501, 'Maecenas'),
(487, 205, 'neque.'),
(488, 340, 'aliquet'),
(489, 837, 'Donec'),
(490, 275, 'purus,'),
(491, 174, 'consectetuer'),
(492, 458, 'Sed'),
(493, 490, 'eu'),
(494, 142, 'elit,'),
(495, 718, 'accumsan'),
(496, 598, 'et,'),
(497, 543, 'et'),
(498, 747, 'nec,'),
(499, 708, 'Nullam'),
(500, 877, 'habitant'),
(501, 463, 'dis'),
(502, 884, 'Phasellus'),
(503, 202, 'Aliquam'),
(504, 595, 'ornare,'),
(505, 878, 'ridiculus'),
(506, 977, 'Integer'),
(507, 875, 'amet'),
(508, 206, 'neque'),
(509, 339, 'neque'),
(510, 594, 'Cum'),
(511, 621, 'nec,'),
(512, 884, 'felis.'),
(513, 886, 'dui.'),
(514, 165, 'lorem'),
(515, 298, 'sapien,'),
(516, 861, 'mauris.'),
(517, 269, 'sociis'),
(518, 978, 'eros.'),
(519, 878, 'non,'),
(520, 927, 'Pellentesque'),
(521, 605, 'erat,'),
(522, 592, 'dapibus'),
(523, 556, 'nascetur'),
(524, 671, 'augue'),
(525, 355, 'ut,'),
(526, 998, 'fringilla,'),
(527, 995, 'Nunc'),
(528, 922, 'porttitor'),
(529, 766, 'Vestibulum'),
(530, 333, 'dictum'),
(531, 187, 'Donec'),
(532, 145, 'lobortis,'),
(533, 865, 'in'),
(534, 179, 'volutpat.'),
(535, 268, 'parturient'),
(536, 581, 'nibh.'),
(537, 916, 'gravida'),
(538, 848, 'posuere'),
(539, 564, 'sociosqu'),
(540, 813, 'Fusce'),
(541, 614, 'at'),
(542, 983, 'dapibus'),
(543, 981, 'blandit'),
(544, 651, 'vel,'),
(545, 896, 'convallis'),
(546, 635, 'et'),
(547, 889, 'molestie'),
(548, 434, 'non,'),
(549, 208, 'magnis'),
(550, 995, 'nec'),
(551, 404, 'Aenean'),
(552, 187, 'ac'),
(553, 259, 'nec'),
(554, 913, 'pede.'),
(555, 945, 'lectus'),
(556, 184, 'et'),
(557, 400, 'Suspendisse'),
(558, 232, 'urna.'),
(559, 531, 'vitae'),
(560, 685, 'venenatis'),
(561, 473, 'ligula.'),
(562, 699, 'sagittis'),
(563, 369, 'enim'),
(564, 558, 'semper'),
(565, 127, 'mauris,'),
(566, 785, 'a,'),
(567, 293, 'litora'),
(568, 806, 'dis'),
(569, 749, 'arcu'),
(570, 346, 'sem'),
(571, 711, 'sed'),
(572, 670, 'nec'),
(573, 441, 'aliquam'),
(574, 465, 'nec,'),
(575, 569, 'sit'),
(576, 191, 'faucibus'),
(577, 598, 'nec,'),
(578, 414, 'Aliquam'),
(579, 296, 'at'),
(580, 212, 'dictum'),
(581, 189, 'non'),
(582, 731, 'metus'),
(583, 841, 'tristique'),
(584, 463, 'ornare'),
(585, 609, 'natoque'),
(586, 418, 'ultricies'),
(587, 448, 'elit.'),
(588, 478, 'varius'),
(589, 879, 'Proin'),
(590, 922, 'lobortis'),
(591, 678, 'tristique'),
(592, 595, 'nascetur'),
(593, 535, 'risus.'),
(594, 492, 'vulputate'),
(595, 204, 'quis,'),
(596, 355, 'eu'),
(597, 434, 'Phasellus'),
(598, 576, 'et,'),
(599, 221, 'quis'),
(600, 753, 'a'),
(601, 941, 'at,'),
(602, 165, 'pede.'),
(603, 313, 'lorem'),
(604, 198, 'dapibus'),
(605, 640, 'mauris'),
(606, 938, 'tortor'),
(607, 864, 'adipiscing.'),
(608, 767, 'semper'),
(609, 700, 'neque.'),
(610, 790, 'et,'),
(611, 213, 'Integer'),
(612, 751, 'diam'),
(613, 535, 'arcu.'),
(614, 610, 'dictum'),
(615, 223, 'faucibus'),
(616, 252, 'Nunc'),
(617, 674, 'cursus'),
(618, 961, 'malesuada'),
(619, 683, 'imperdiet,'),
(620, 488, 'rutrum'),
(621, 189, 'augue'),
(622, 392, 'in'),
(623, 902, 'fringilla'),
(624, 433, 'non,'),
(625, 728, 'ipsum.'),
(626, 902, 'non,'),
(627, 468, 'a'),
(628, 135, 'ridiculus'),
(629, 699, 'venenatis'),
(630, 857, 'ac,'),
(631, 670, 'sed'),
(632, 462, 'ullamcorper'),
(633, 496, 'Mauris'),
(634, 427, 'consequat,'),
(635, 953, 'sollicitudin'),
(636, 707, 'sociis'),
(637, 907, 'habitant'),
(638, 469, 'facilisis'),
(639, 729, 'pede.'),
(640, 251, 'ornare'),
(641, 208, 'semper'),
(642, 200, 'In'),
(643, 988, 'Duis'),
(644, 510, 'gravida'),
(645, 633, 'tempus,'),
(646, 840, 'arcu.'),
(647, 316, 'scelerisque'),
(648, 805, 'natoque'),
(649, 974, 'tellus'),
(650, 584, 'magna.'),
(651, 399, 'egestas.'),
(652, 991, 'risus.'),
(653, 573, 'sapien'),
(654, 206, 'Nunc'),
(655, 973, 'luctus'),
(656, 360, 'tortor.'),
(657, 406, 'eros'),
(658, 795, 'cubilia'),
(659, 454, 'risus.'),
(660, 400, 'nunc'),
(661, 292, 'penatibus'),
(662, 555, 'Suspendisse'),
(663, 576, 'nibh.'),
(664, 803, 'a,'),
(665, 643, 'risus.'),
(666, 343, 'eleifend.'),
(667, 202, 'sem.'),
(668, 634, 'arcu.'),
(669, 161, 'Suspendisse'),
(670, 938, 'orci'),
(671, 494, 'ut'),
(672, 842, 'adipiscing'),
(673, 576, 'quam.'),
(674, 358, 'pellentesque.'),
(675, 364, 'molestie'),
(676, 567, 'mollis'),
(677, 112, 'faucibus'),
(678, 582, 'Duis'),
(679, 769, 'elit.'),
(680, 860, 'velit.'),
(681, 120, 'bibendum'),
(682, 936, 'malesuada'),
(683, 980, 'euismod'),
(684, 659, 'magna'),
(685, 757, 'risus.'),
(686, 595, 'dui,'),
(687, 547, 'pede'),
(688, 586, 'rutrum.'),
(689, 304, 'Cras'),
(690, 174, 'vulputate,'),
(691, 349, 'semper,'),
(692, 352, 'egestas.'),
(693, 389, 'dui.'),
(694, 851, 'nulla'),
(695, 673, 'non'),
(696, 938, 'nec,'),
(697, 923, 'iaculis'),
(698, 670, 'nec'),
(699, 237, 'Nunc'),
(700, 539, 'adipiscing'),
(701, 268, 'arcu.'),
(702, 429, 'amet,'),
(703, 411, 'velit'),
(704, 340, 'sit'),
(705, 289, 'non'),
(706, 742, 'purus'),
(707, 877, 'Cras'),
(708, 935, 'senectus'),
(709, 327, 'gravida'),
(710, 799, 'nec,'),
(711, 425, 'placerat.'),
(712, 551, 'libero.'),
(713, 321, 'Nulla'),
(714, 251, 'cursus'),
(715, 886, 'tristique'),
(716, 711, 'enim,'),
(717, 903, 'non,'),
(718, 977, 'lacus.'),
(719, 1000, 'in'),
(720, 317, 'Aenean'),
(721, 504, 'consectetuer'),
(722, 620, 'lacus.'),
(723, 767, 'eget'),
(724, 102, 'et'),
(725, 916, 'cubilia'),
(726, 720, 'et'),
(727, 469, 'luctus'),
(728, 590, 'eu'),
(729, 314, 'tempor,'),
(730, 488, 'dolor'),
(731, 431, 'Phasellus'),
(732, 531, 'orci.'),
(733, 886, 'Duis'),
(734, 390, 'lorem'),
(735, 701, 'est,'),
(736, 978, 'sem'),
(737, 206, 'Integer'),
(738, 243, 'sed'),
(739, 626, 'interdum'),
(740, 675, 'elit,'),
(741, 302, 'et'),
(742, 137, 'et'),
(743, 791, 'ipsum'),
(744, 262, 'faucibus'),
(745, 753, 'magna.'),
(746, 859, 'non,'),
(747, 507, 'mi.'),
(748, 313, 'sapien,'),
(749, 852, 'lectus,'),
(750, 302, 'luctus'),
(751, 889, 'auctor.'),
(752, 967, 'at'),
(753, 107, 'est.'),
(754, 583, 'purus.'),
(755, 529, 'ipsum.'),
(756, 428, 'egestas.'),
(757, 855, 'magna'),
(758, 580, 'non'),
(759, 679, 'mollis.'),
(760, 303, 'mollis.'),
(761, 273, 'leo,'),
(762, 487, 'ligula.'),
(763, 240, 'eu,'),
(764, 344, 'aliquet'),
(765, 867, 'Fusce'),
(766, 943, 'gravida'),
(767, 304, 'a'),
(768, 545, 'Sed'),
(769, 708, 'nunc.'),
(770, 476, 'Duis'),
(771, 145, 'Donec'),
(772, 616, 'feugiat'),
(773, 556, 'libero.'),
(774, 862, 'arcu.'),
(775, 209, 'nascetur'),
(776, 847, 'fringilla'),
(777, 188, 'non,'),
(778, 496, 'consectetuer'),
(779, 509, 'consectetuer'),
(780, 301, 'lectus.'),
(781, 326, 'magna'),
(782, 371, 'Pellentesque'),
(783, 945, 'et'),
(784, 951, 'risus.'),
(785, 864, 'tincidunt,'),
(786, 977, 'convallis'),
(787, 293, 'eros.'),
(788, 708, 'ipsum'),
(789, 926, 'Vestibulum'),
(790, 408, 'vel'),
(791, 996, 'ut,'),
(792, 689, 'luctus.'),
(793, 348, 'est,'),
(794, 975, 'Nullam'),
(795, 162, 'egestas'),
(796, 171, 'dolor.'),
(797, 824, 'Nullam'),
(798, 357, 'aptent'),
(799, 235, 'morbi'),
(800, 625, 'egestas'),
(801, 131, 'leo.'),
(802, 847, 'eu'),
(803, 438, 'mollis'),
(804, 191, 'libero.'),
(805, 386, 'ullamcorper'),
(806, 283, 'tristique'),
(807, 506, 'Fusce'),
(808, 261, 'augue'),
(809, 381, 'Aliquam'),
(810, 591, 'ut'),
(811, 670, 'eget'),
(812, 950, 'orci'),
(813, 318, 'lorem'),
(814, 914, 'purus'),
(815, 853, 'mauris'),
(816, 194, 'viverra.'),
(817, 428, 'purus'),
(818, 200, 'malesuada'),
(819, 153, 'dictum'),
(820, 210, 'neque.'),
(821, 709, 'Mauris'),
(822, 367, 'eros.'),
(823, 114, 'fringilla'),
(824, 765, 'magna.'),
(825, 226, 'varius'),
(826, 150, 'ultrices'),
(827, 711, 'et'),
(828, 415, 'nibh'),
(829, 707, 'orci,'),
(830, 791, 'turpis.'),
(831, 263, 'sem,'),
(832, 884, 'Mauris'),
(833, 521, 'tempor'),
(834, 794, 'In'),
(835, 160, 'sit'),
(836, 462, 'dis'),
(837, 149, 'facilisis'),
(838, 651, 'id'),
(839, 851, 'lacus'),
(840, 307, 'enim,'),
(841, 485, 'pretium'),
(842, 584, 'eros'),
(843, 703, 'imperdiet,'),
(844, 607, 'lobortis'),
(845, 657, 'varius'),
(846, 952, 'dictum'),
(847, 382, 'nulla.'),
(848, 318, 'ac'),
(849, 165, 'Nulla'),
(850, 976, 'dui,'),
(851, 687, 'Mauris'),
(852, 274, 'lectus'),
(853, 862, 'placerat.'),
(854, 455, 'eros'),
(855, 620, 'nisl'),
(856, 585, 'Cum'),
(857, 905, 'tempor,'),
(858, 140, 'rutrum'),
(859, 792, 'orci,'),
(860, 889, 'Mauris'),
(861, 615, 'Vivamus'),
(862, 419, 'elit'),
(863, 615, 'ipsum.'),
(864, 174, 'suscipit'),
(865, 637, 'lectus'),
(866, 332, 'ut'),
(867, 309, 'vitae'),
(868, 603, 'lorem,'),
(869, 608, 'sed'),
(870, 531, 'placerat.'),
(871, 709, 'libero'),
(872, 936, 'sodales'),
(873, 451, 'Pellentesque'),
(874, 679, 'lectus'),
(875, 981, 'pede'),
(876, 917, 'Proin'),
(877, 956, 'magnis'),
(878, 975, 'at,'),
(879, 466, 'erat,'),
(880, 422, 'arcu'),
(881, 477, 'ipsum.'),
(882, 470, 'arcu.'),
(883, 735, 'non'),
(884, 813, 'ac'),
(885, 529, 'mollis.'),
(886, 915, 'viverra.'),
(887, 926, 'feugiat.'),
(888, 663, 'Donec'),
(889, 120, 'ut'),
(890, 257, 'luctus'),
(891, 609, 'Donec'),
(892, 140, 'accumsan'),
(893, 116, 'elit'),
(894, 865, 'metus'),
(895, 789, 'nunc.'),
(896, 447, 'Nam'),
(897, 834, 'non'),
(898, 625, 'aliquet,'),
(899, 346, 'in,'),
(900, 688, 'Phasellus'),
(901, 433, 'nibh'),
(902, 218, 'nisi.'),
(903, 413, 'augue.'),
(904, 279, 'ac'),
(905, 414, 'sed'),
(906, 175, 'sollicitudin'),
(907, 318, 'turpis'),
(908, 314, 'Sed'),
(909, 704, 'malesuada'),
(910, 463, 'ornare.'),
(911, 201, 'Duis'),
(912, 557, 'non,'),
(913, 984, 'sed,'),
(914, 413, 'auctor'),
(915, 270, 'litora'),
(916, 180, 'ipsum'),
(917, 204, 'Aliquam'),
(918, 830, 'Pellentesque'),
(919, 378, 'et,'),
(920, 837, 'a'),
(921, 981, 'Proin'),
(922, 648, 'Suspendisse'),
(923, 513, 'sit'),
(924, 390, 'interdum.'),
(925, 933, 'magnis'),
(926, 456, 'Morbi'),
(927, 636, 'enim'),
(928, 925, 'purus'),
(929, 314, 'fringilla'),
(930, 585, 'Vivamus'),
(931, 163, 'et'),
(932, 611, 'hendrerit.'),
(933, 594, 'Donec'),
(934, 729, 'arcu.'),
(935, 845, 'eget'),
(936, 434, 'ullamcorper'),
(937, 902, 'molestie'),
(938, 138, 'Donec'),
(939, 784, 'tincidunt'),
(940, 186, 'eu,'),
(941, 658, 'nec,'),
(942, 137, 'diam.'),
(943, 411, 'Suspendisse'),
(944, 972, 'Morbi'),
(945, 298, 'commodo'),
(946, 285, 'Sed'),
(947, 712, 'molestie'),
(948, 580, 'magna'),
(949, 370, 'semper'),
(950, 133, 'Nulla'),
(951, 241, 'eu,'),
(952, 490, 'cursus'),
(953, 980, 'rhoncus'),
(954, 948, 'Fusce'),
(955, 770, 'mus.'),
(956, 848, 'lectus'),
(957, 247, 'enim.'),
(958, 691, 'orci.'),
(959, 826, 'velit'),
(960, 908, 'luctus'),
(961, 250, 'Donec'),
(962, 846, 'at'),
(963, 416, 'lectus.'),
(964, 574, 'Donec'),
(965, 235, 'auctor,'),
(966, 657, 'enim'),
(967, 171, 'nec,'),
(968, 772, 'lectus.'),
(969, 361, 'dui.'),
(970, 543, 'Mauris'),
(971, 568, 'facilisis'),
(972, 579, 'massa'),
(973, 497, 'mus.'),
(974, 577, 'diam.'),
(975, 599, 'fringilla.'),
(976, 661, 'ut'),
(977, 823, 'Quisque'),
(978, 988, 'erat'),
(979, 821, 'elit.'),
(980, 686, 'consectetuer'),
(981, 505, 'urna.'),
(982, 327, 'congue.'),
(983, 913, 'at'),
(984, 879, 'sit'),
(985, 772, 'velit'),
(986, 798, 'et'),
(987, 492, 'dolor'),
(988, 753, 'cubilia'),
(989, 425, 'Sed'),
(990, 836, 'est.'),
(991, 334, 'Phasellus'),
(992, 240, 'Donec'),
(993, 451, 'dui.'),
(994, 690, 'nisi'),
(995, 630, 'justo'),
(996, 129, 'at,'),
(997, 787, 'orci'),
(998, 315, 'tincidunt'),
(999, 498, 'lacus.'),
(1000, 721, 'Aliquam');

-- --------------------------------------------------------

--
-- Struttura della tabella `fact_esecuzione`
--

CREATE TABLE `fact_esecuzione` (
  `id_esecuzione` mediumint(9) NOT NULL AUTO_INCREMENT,
  `lavorazione_id` mediumint(8) DEFAULT NULL,
  `prodotto_id` mediumint(9) NOT NULL,
  `dipendente_id` mediumint(8) NOT NULL,
  `tempo` mediumint(9) DEFAULT NULL,
  PRIMARY KEY (`id_esecuzione`)
) ENGINE=InnoDB  DEFAULT CHARSET=latin1 AUTO_INCREMENT=2901 ;

--
-- Dump dei dati per la tabella `fact_esecuzione`
--

INSERT INTO `fact_esecuzione` (`id_esecuzione`, `lavorazione_id`, `prodotto_id`, `dipendente_id`, `tempo`) VALUES
(1, 619, 1, 15, 117),
(2, 768, 2, 11, 104),
(3, 254, 2, 25, 2),
(4, 1183, 2, 18, 94),
(5, 76, 3, 12, 96),
(6, 712, 3, 22, 48),
(7, 814, 3, 26, 35),
(8, 887, 3, 4, 76),
(9, 768, 4, 29, 112),
(10, 555, 5, 33, 69),
(11, 1037, 5, 29, 120),
(12, 1038, 5, 2, 3),
(13, 1288, 5, 15, 45),
(14, 101, 6, 31, 97),
(15, 108, 6, 32, 56),
(16, 306, 6, 11, 99),
(17, 1260, 7, 19, 70),
(18, 456, 7, 32, 87),
(19, 774, 7, 1, 13),
(20, 1182, 8, 12, 8),
(21, 969, 9, 6, 68),
(22, 1037, 9, 15, 80),
(23, 769, 9, 33, 18),
(24, 877, 9, 31, 37),
(25, 1201, 10, 13, 59),
(26, 1181, 11, 23, 28),
(27, 587, 11, 6, 103),
(28, 355, 11, 2, 108),
(29, 208, 12, 24, 79),
(30, 1260, 12, 8, 111),
(31, 1268, 13, 34, 104),
(32, 23, 13, 5, 87),
(33, 450, 14, 6, 105),
(34, 509, 14, 27, 40),
(35, 496, 15, 21, 35),
(36, 556, 15, 30, 65),
(37, 1053, 15, 34, 56),
(38, 1104, 16, 7, 73),
(39, 475, 16, 16, 90),
(40, 303, 16, 13, 29),
(41, 450, 16, 24, 36),
(42, 441, 17, 3, 7),
(43, 536, 17, 32, 103),
(44, 962, 18, 6, 12),
(45, 1175, 18, 16, 58),
(46, 983, 19, 2, 85),
(47, 625, 19, 13, 59),
(48, 723, 19, 25, 56),
(49, 97, 19, 33, 48),
(50, 441, 19, 20, 15),
(51, 55, 20, 1, 59),
(52, 446, 20, 34, 106),
(53, 612, 20, 22, 57),
(54, 897, 20, 27, 58),
(55, 1251, 20, 29, 2),
(56, 19, 21, 25, 83),
(57, 87, 22, 24, 16),
(58, 137, 22, 4, 35),
(59, 300, 22, 9, 61),
(60, 312, 22, 24, 57),
(61, 433, 22, 7, 93),
(62, 1002, 22, 13, 54),
(63, 1220, 23, 10, 39),
(64, 454, 23, 14, 50),
(65, 468, 23, 3, 100),
(66, 457, 24, 11, 76),
(67, 515, 24, 6, 80),
(68, 517, 24, 25, 50),
(69, 1034, 24, 9, 44),
(70, 323, 24, 12, 4),
(71, 563, 25, 23, 25),
(72, 874, 26, 17, 70),
(73, 1278, 26, 8, 109),
(74, 1246, 27, 17, 48),
(75, 419, 27, 26, 43),
(76, 833, 28, 14, 27),
(77, 835, 29, 26, 117),
(78, 898, 29, 15, 99),
(79, 927, 29, 20, 87),
(80, 1063, 30, 28, 3),
(81, 1077, 30, 32, 79),
(82, 585, 30, 4, 113),
(83, 383, 30, 22, 37),
(84, 64, 31, 32, 61),
(85, 458, 31, 9, 109),
(86, 742, 31, 10, 80),
(87, 1062, 31, 34, 44),
(88, 492, 32, 30, 18),
(89, 859, 32, 19, 22),
(90, 5, 32, 18, 116),
(91, 311, 32, 19, 112),
(92, 325, 33, 23, 116),
(93, 685, 33, 18, 98),
(94, 985, 33, 13, 93),
(95, 1201, 33, 5, 103),
(96, 466, 34, 26, 65),
(97, 647, 34, 1, 13),
(98, 664, 34, 25, 21),
(99, 516, 35, 8, 55),
(100, 1020, 35, 1, 110),
(101, 202, 35, 9, 41),
(102, 362, 35, 26, 78),
(103, 393, 35, 18, 65),
(104, 445, 35, 32, 16),
(105, 604, 36, 30, 77),
(106, 890, 36, 20, 107),
(107, 613, 37, 15, 88),
(108, 614, 37, 22, 100),
(109, 1245, 37, 22, 62),
(110, 1049, 38, 26, 96),
(111, 1135, 38, 1, 40),
(112, 399, 38, 24, 40),
(113, 112, 40, 17, 27),
(114, 975, 40, 8, 39),
(115, 724, 40, 4, 18),
(116, 1165, 41, 22, 29),
(117, 1217, 41, 34, 60),
(118, 1273, 41, 22, 92),
(119, 197, 41, 19, 83),
(120, 1029, 42, 10, 74),
(121, 547, 42, 2, 67),
(122, 679, 42, 13, 10),
(123, 800, 42, 27, 20),
(124, 830, 42, 6, 16),
(125, 589, 43, 25, 8),
(126, 693, 43, 13, 117),
(127, 744, 43, 20, 2),
(128, 894, 43, 30, 41),
(129, 252, 43, 29, 8),
(130, 137, 44, 18, 42),
(131, 247, 44, 5, 15),
(132, 480, 44, 13, 106),
(133, 258, 45, 32, 107),
(134, 538, 46, 29, 30),
(135, 1228, 46, 8, 4),
(136, 1133, 47, 28, 84),
(137, 748, 47, 7, 89),
(138, 103, 47, 2, 43),
(139, 733, 48, 34, 111),
(140, 803, 48, 11, 91),
(141, 877, 48, 18, 4),
(142, 1068, 48, 29, 96),
(143, 1272, 48, 19, 35),
(144, 392, 49, 13, 117),
(145, 126, 50, 24, 108),
(146, 923, 50, 19, 109),
(147, 1227, 50, 16, 26),
(148, 567, 50, 16, 75),
(149, 482, 51, 8, 18),
(150, 686, 51, 7, 32),
(151, 2, 51, 9, 100),
(152, 97, 52, 26, 101),
(153, 169, 52, 7, 60),
(154, 392, 52, 3, 73),
(155, 443, 52, 17, 61),
(156, 649, 52, 17, 40),
(157, 743, 53, 33, 25),
(158, 60, 53, 30, 17),
(159, 218, 54, 2, 21),
(160, 1059, 54, 22, 86),
(161, 141, 56, 19, 95),
(162, 150, 56, 18, 49),
(163, 378, 56, 14, 72),
(164, 658, 56, 32, 77),
(165, 782, 56, 26, 36),
(166, 790, 57, 34, 15),
(167, 864, 57, 1, 43),
(168, 144, 57, 25, 102),
(169, 1264, 57, 2, 60),
(170, 1031, 58, 28, 107),
(171, 1115, 58, 13, 24),
(172, 409, 58, 26, 37),
(173, 1245, 59, 10, 115),
(174, 776, 60, 12, 23),
(175, 463, 61, 30, 5),
(176, 820, 61, 8, 23),
(177, 327, 61, 7, 96),
(178, 383, 61, 14, 69),
(179, 274, 63, 7, 88),
(180, 433, 63, 34, 70),
(181, 738, 63, 20, 32),
(182, 1178, 63, 9, 106),
(183, 1250, 63, 11, 22),
(184, 1128, 64, 19, 23),
(185, 857, 64, 5, 105),
(186, 20, 64, 32, 2),
(187, 132, 64, 23, 86),
(188, 626, 65, 31, 87),
(189, 642, 65, 4, 12),
(190, 692, 68, 26, 20),
(191, 136, 69, 26, 109),
(192, 178, 69, 17, 110),
(193, 1035, 69, 12, 68),
(194, 1066, 69, 29, 86),
(195, 66, 70, 20, 112),
(196, 675, 70, 23, 7),
(197, 784, 70, 34, 4),
(198, 475, 72, 27, 116),
(199, 585, 72, 32, 25),
(200, 860, 72, 14, 46),
(201, 150, 72, 17, 9),
(202, 1057, 72, 33, 58),
(203, 1267, 72, 19, 112),
(204, 1056, 73, 1, 44),
(205, 628, 73, 13, 14),
(206, 629, 73, 3, 87),
(207, 934, 74, 30, 47),
(208, 1041, 74, 21, 87),
(209, 169, 74, 5, 110),
(210, 68, 75, 1, 85),
(211, 258, 75, 19, 119),
(212, 397, 76, 4, 82),
(213, 1013, 76, 20, 85),
(214, 1159, 76, 6, 74),
(215, 778, 76, 16, 52),
(216, 225, 77, 10, 10),
(217, 339, 77, 5, 13),
(218, 1193, 78, 6, 75),
(219, 1291, 78, 2, 63),
(220, 959, 79, 28, 41),
(221, 1036, 79, 7, 3),
(222, 1200, 79, 4, 95),
(223, 261, 79, 32, 4),
(224, 479, 79, 16, 30),
(225, 517, 80, 3, 35),
(226, 81, 80, 27, 118),
(227, 1081, 80, 15, 3),
(228, 1162, 80, 6, 83),
(229, 543, 81, 20, 86),
(230, 772, 81, 18, 59),
(231, 898, 81, 17, 1),
(232, 260, 82, 22, 5),
(233, 406, 82, 12, 110),
(234, 662, 83, 3, 29),
(235, 917, 83, 26, 83),
(236, 1195, 83, 10, 67),
(237, 1232, 83, 27, 115),
(238, 1120, 84, 28, 56),
(239, 1198, 84, 9, 13),
(240, 157, 84, 20, 30),
(241, 1201, 85, 3, 59),
(242, 1209, 85, 20, 95),
(243, 496, 85, 22, 41),
(244, 592, 86, 26, 57),
(245, 711, 87, 19, 101),
(246, 920, 87, 12, 9),
(247, 34, 87, 33, 57),
(248, 526, 88, 5, 84),
(249, 566, 88, 31, 23),
(250, 618, 88, 29, 71),
(251, 630, 89, 4, 34),
(252, 189, 89, 13, 90),
(253, 1235, 89, 24, 89),
(254, 888, 90, 6, 55),
(255, 1021, 91, 26, 61),
(256, 1212, 91, 6, 31),
(257, 196, 91, 25, 4),
(258, 1031, 92, 19, 23),
(259, 1056, 92, 12, 90),
(260, 1207, 92, 10, 103),
(261, 650, 92, 14, 34),
(262, 1005, 93, 33, 104),
(263, 1080, 94, 21, 105),
(264, 494, 94, 12, 108),
(265, 213, 94, 3, 116),
(266, 294, 94, 12, 107),
(267, 438, 94, 11, 40),
(268, 235, 95, 9, 31),
(269, 366, 95, 33, 35),
(270, 607, 95, 31, 28),
(271, 681, 95, 17, 37),
(272, 710, 96, 4, 79),
(273, 621, 97, 33, 59),
(274, 368, 97, 4, 114),
(275, 415, 97, 3, 10),
(276, 416, 97, 26, 24),
(277, 942, 97, 5, 42),
(278, 1034, 98, 31, 41),
(279, 1192, 98, 3, 117),
(280, 1225, 98, 13, 27),
(281, 79, 98, 28, 93),
(282, 168, 98, 18, 99),
(283, 382, 98, 8, 6),
(284, 763, 98, 3, 52),
(285, 851, 98, 20, 114),
(286, 121, 99, 6, 102),
(287, 129, 99, 12, 61),
(288, 1130, 99, 18, 111),
(289, 1281, 99, 4, 112),
(290, 983, 101, 23, 101),
(291, 1075, 101, 24, 80),
(292, 148, 102, 13, 113),
(293, 50, 103, 12, 89),
(294, 147, 103, 10, 54),
(295, 1155, 103, 34, 75),
(296, 705, 103, 22, 6),
(297, 861, 103, 4, 24),
(298, 475, 104, 14, 117),
(299, 958, 104, 23, 60),
(300, 364, 104, 4, 16),
(301, 195, 105, 9, 20),
(302, 898, 105, 31, 25),
(303, 928, 106, 1, 58),
(304, 1009, 106, 15, 72),
(305, 688, 107, 20, 76),
(306, 731, 107, 4, 115),
(307, 835, 107, 34, 107),
(308, 246, 107, 18, 33),
(309, 69, 109, 9, 54),
(310, 360, 109, 4, 62),
(311, 479, 109, 13, 77),
(312, 513, 109, 31, 16),
(313, 1117, 109, 16, 58),
(314, 1145, 109, 2, 118),
(315, 681, 110, 1, 28),
(316, 873, 110, 26, 39),
(317, 153, 110, 28, 110),
(318, 387, 110, 22, 16),
(319, 95, 111, 8, 112),
(320, 604, 111, 13, 13),
(321, 1029, 111, 18, 67),
(322, 463, 112, 27, 57),
(323, 94, 112, 18, 108),
(324, 247, 112, 13, 113),
(325, 268, 113, 20, 103),
(326, 163, 114, 30, 59),
(327, 904, 114, 18, 44),
(328, 1000, 114, 3, 39),
(329, 498, 116, 8, 12),
(330, 1275, 117, 1, 76),
(331, 581, 118, 23, 19),
(332, 788, 119, 26, 91),
(333, 811, 119, 34, 11),
(334, 947, 119, 5, 29),
(335, 985, 119, 34, 109),
(336, 1223, 120, 14, 105),
(337, 1244, 120, 6, 84),
(338, 582, 120, 34, 101),
(339, 673, 120, 20, 71),
(340, 27, 120, 8, 79),
(341, 47, 120, 28, 96),
(342, 332, 120, 11, 76),
(343, 63, 121, 4, 89),
(344, 131, 121, 21, 72),
(345, 758, 121, 21, 106),
(346, 853, 121, 10, 7),
(347, 884, 121, 17, 102),
(348, 526, 122, 23, 105),
(349, 534, 122, 14, 113),
(350, 246, 122, 12, 25),
(351, 259, 122, 4, 116),
(352, 955, 122, 7, 33),
(353, 1150, 122, 28, 38),
(354, 1025, 123, 7, 42),
(355, 1228, 123, 21, 13),
(356, 1277, 123, 22, 96),
(357, 353, 123, 12, 51),
(358, 408, 123, 34, 99),
(359, 442, 124, 8, 58),
(360, 670, 125, 1, 12),
(361, 809, 125, 3, 84),
(362, 1155, 126, 3, 40),
(363, 1257, 127, 2, 119),
(364, 174, 127, 23, 31),
(365, 91, 128, 22, 117),
(366, 916, 128, 23, 95),
(367, 933, 128, 19, 50),
(368, 706, 128, 25, 99),
(369, 516, 129, 22, 12),
(370, 725, 130, 4, 113),
(371, 9, 130, 31, 51),
(372, 45, 130, 34, 75),
(373, 825, 131, 24, 17),
(374, 627, 132, 24, 102),
(375, 880, 132, 12, 10),
(376, 115, 132, 7, 64),
(377, 344, 133, 34, 32),
(378, 1182, 133, 12, 26),
(379, 919, 134, 31, 93),
(380, 32, 134, 29, 50),
(381, 120, 134, 9, 105),
(382, 179, 134, 15, 33),
(383, 392, 134, 25, 104),
(384, 577, 134, 25, 64),
(385, 679, 134, 3, 67),
(386, 844, 135, 20, 102),
(387, 313, 135, 7, 34),
(388, 1071, 135, 29, 92),
(389, 1091, 135, 18, 54),
(390, 1253, 135, 24, 4),
(391, 1282, 136, 23, 63),
(392, 402, 136, 12, 46),
(393, 428, 136, 22, 5),
(394, 894, 136, 1, 107),
(395, 501, 137, 6, 45),
(396, 107, 137, 23, 18),
(397, 1004, 137, 10, 92),
(398, 804, 138, 14, 30),
(399, 618, 139, 14, 95),
(400, 955, 139, 31, 41),
(401, 1133, 139, 7, 117),
(402, 984, 140, 29, 77),
(403, 1135, 140, 7, 3),
(404, 461, 140, 32, 72),
(405, 590, 140, 7, 15),
(406, 724, 140, 10, 13),
(407, 370, 140, 10, 68),
(408, 1028, 141, 21, 51),
(409, 1218, 143, 19, 72),
(410, 324, 143, 26, 17),
(411, 1267, 144, 25, 6),
(412, 1277, 146, 9, 56),
(413, 213, 146, 9, 37),
(414, 492, 146, 17, 46),
(415, 507, 146, 6, 55),
(416, 448, 147, 33, 109),
(417, 925, 147, 27, 12),
(418, 975, 147, 16, 6),
(419, 538, 148, 17, 71),
(420, 666, 148, 33, 116),
(421, 727, 148, 6, 14),
(422, 564, 149, 25, 98),
(423, 675, 149, 19, 104),
(424, 1111, 149, 28, 116),
(425, 941, 151, 6, 82),
(426, 1021, 151, 20, 33),
(427, 1056, 151, 17, 47),
(428, 1065, 151, 22, 107),
(429, 507, 151, 19, 57),
(430, 451, 151, 8, 46),
(431, 272, 152, 30, 91),
(432, 684, 153, 5, 43),
(433, 1082, 153, 5, 87),
(434, 1242, 153, 5, 89),
(435, 1014, 154, 18, 68),
(436, 1050, 154, 17, 6),
(437, 859, 154, 20, 45),
(438, 234, 154, 6, 4),
(439, 427, 155, 9, 1),
(440, 1122, 155, 6, 60),
(441, 1268, 155, 26, 108),
(442, 303, 156, 3, 113),
(443, 782, 156, 31, 38),
(444, 763, 157, 3, 44),
(445, 37, 158, 30, 70),
(446, 1106, 158, 7, 26),
(447, 973, 159, 21, 66),
(448, 1009, 159, 23, 116),
(449, 979, 160, 19, 104),
(450, 99, 160, 6, 7),
(451, 481, 160, 20, 20),
(452, 597, 160, 26, 44),
(453, 544, 161, 11, 106),
(454, 677, 161, 18, 104),
(455, 774, 161, 19, 28),
(456, 375, 161, 17, 87),
(457, 1270, 161, 19, 68),
(458, 1226, 162, 33, 88),
(459, 36, 162, 24, 52),
(460, 131, 162, 7, 41),
(461, 105, 163, 30, 106),
(462, 1222, 163, 22, 117),
(463, 743, 163, 17, 49),
(464, 896, 163, 19, 77),
(465, 728, 164, 33, 86),
(466, 821, 164, 25, 119),
(467, 1067, 164, 9, 72),
(468, 1220, 165, 22, 112),
(469, 544, 166, 1, 99),
(470, 652, 166, 15, 74),
(471, 540, 167, 28, 78),
(472, 287, 167, 3, 107),
(473, 186, 168, 15, 77),
(474, 380, 168, 2, 52),
(475, 588, 168, 5, 97),
(476, 677, 168, 10, 110),
(477, 860, 168, 22, 73),
(478, 1094, 168, 11, 1),
(479, 1112, 168, 24, 50),
(480, 1204, 168, 34, 104),
(481, 1099, 169, 21, 50),
(482, 529, 169, 22, 31),
(483, 549, 169, 16, 5),
(484, 442, 169, 11, 118),
(485, 433, 170, 8, 103),
(486, 831, 170, 17, 115),
(487, 953, 170, 3, 109),
(488, 982, 171, 6, 112),
(489, 982, 171, 29, 91),
(490, 1035, 171, 22, 72),
(491, 600, 171, 3, 60),
(492, 619, 171, 26, 5),
(493, 584, 172, 16, 86),
(494, 543, 173, 18, 5),
(495, 1235, 173, 10, 38),
(496, 68, 173, 9, 14),
(497, 123, 174, 33, 116),
(498, 708, 174, 3, 68),
(499, 801, 174, 11, 57),
(500, 63, 175, 1, 115),
(501, 219, 175, 33, 54),
(502, 1075, 175, 21, 114),
(503, 1106, 175, 18, 27),
(504, 553, 176, 7, 82),
(505, 577, 176, 24, 116),
(506, 770, 176, 24, 105),
(507, 796, 176, 15, 30),
(508, 817, 176, 25, 2),
(509, 830, 176, 30, 67),
(510, 385, 177, 9, 112),
(511, 397, 177, 9, 37),
(512, 343, 178, 8, 61),
(513, 715, 178, 21, 104),
(514, 1298, 179, 12, 22),
(515, 978, 180, 7, 22),
(516, 1036, 180, 26, 115),
(517, 522, 181, 30, 79),
(518, 357, 181, 2, 68),
(519, 380, 181, 27, 83),
(520, 90, 182, 1, 25),
(521, 549, 182, 6, 93),
(522, 1144, 182, 5, 71),
(523, 931, 183, 31, 66),
(524, 1187, 183, 29, 60),
(525, 518, 183, 27, 69),
(526, 1282, 184, 20, 38),
(527, 1073, 185, 10, 101),
(528, 230, 185, 7, 46),
(529, 348, 185, 18, 100),
(530, 356, 185, 29, 24),
(531, 76, 186, 3, 105),
(532, 410, 186, 15, 92),
(533, 928, 186, 16, 56),
(534, 469, 186, 13, 30),
(535, 236, 187, 1, 35),
(536, 952, 188, 26, 33),
(537, 1195, 190, 16, 113),
(538, 296, 190, 1, 13),
(539, 335, 190, 2, 40),
(540, 370, 190, 29, 14),
(541, 275, 191, 11, 78),
(542, 507, 191, 8, 32),
(543, 509, 192, 1, 30),
(544, 620, 192, 22, 8),
(545, 125, 192, 19, 7),
(546, 1214, 192, 32, 13),
(547, 1243, 192, 3, 117),
(548, 959, 194, 1, 37),
(549, 1121, 194, 2, 43),
(550, 16, 194, 2, 2),
(551, 58, 194, 16, 68),
(552, 888, 194, 9, 17),
(553, 681, 195, 14, 34),
(554, 7, 195, 23, 54),
(555, 361, 195, 20, 86),
(556, 123, 196, 10, 88),
(557, 128, 196, 24, 117),
(558, 207, 196, 20, 103),
(559, 804, 196, 27, 8),
(560, 647, 197, 13, 59),
(561, 1100, 197, 10, 15),
(562, 8, 198, 28, 109),
(563, 197, 198, 2, 66),
(564, 295, 199, 14, 79),
(565, 929, 199, 16, 27),
(566, 701, 199, 34, 67),
(567, 462, 200, 17, 18),
(568, 640, 200, 6, 86),
(569, 1152, 200, 28, 120),
(570, 159, 200, 24, 114),
(571, 369, 200, 17, 67),
(572, 450, 200, 13, 85),
(573, 179, 201, 26, 42),
(574, 1192, 201, 9, 44),
(575, 721, 201, 26, 112),
(576, 1179, 202, 23, 107),
(577, 1279, 202, 21, 26),
(578, 1007, 203, 2, 29),
(579, 538, 203, 31, 60),
(580, 221, 203, 16, 7),
(581, 93, 204, 23, 47),
(582, 566, 204, 29, 6),
(583, 1151, 204, 5, 90),
(584, 304, 205, 31, 91),
(585, 1208, 206, 32, 110),
(586, 1271, 206, 7, 2),
(587, 905, 206, 4, 3),
(588, 1225, 207, 20, 64),
(589, 164, 207, 25, 14),
(590, 139, 208, 1, 58),
(591, 332, 209, 15, 30),
(592, 1169, 209, 5, 88),
(593, 560, 209, 11, 112),
(594, 835, 209, 33, 10),
(595, 818, 210, 16, 4),
(596, 1175, 210, 8, 69),
(597, 204, 210, 24, 24),
(598, 32, 211, 7, 24),
(599, 291, 211, 33, 8),
(600, 929, 211, 19, 117),
(601, 911, 211, 8, 14),
(602, 1046, 212, 21, 4),
(603, 979, 213, 33, 96),
(604, 1295, 213, 34, 9),
(605, 609, 213, 23, 44),
(606, 809, 213, 20, 110),
(607, 830, 213, 2, 61),
(608, 309, 213, 24, 89),
(609, 940, 214, 15, 105),
(610, 1156, 215, 3, 102),
(611, 598, 215, 33, 42),
(612, 815, 215, 3, 79),
(613, 611, 217, 6, 28),
(614, 1039, 217, 23, 48),
(615, 309, 217, 1, 25),
(616, 418, 218, 32, 96),
(617, 1147, 218, 2, 18),
(618, 516, 218, 20, 69),
(619, 602, 218, 25, 42),
(620, 812, 218, 6, 16),
(621, 819, 218, 8, 120),
(622, 65, 219, 5, 56),
(623, 394, 220, 13, 64),
(624, 583, 221, 18, 84),
(625, 973, 221, 31, 35),
(626, 1266, 221, 25, 11),
(627, 973, 223, 32, 41),
(628, 1213, 223, 6, 107),
(629, 1228, 223, 18, 79),
(630, 582, 223, 20, 14),
(631, 274, 223, 18, 93),
(632, 357, 223, 13, 96),
(633, 784, 224, 14, 108),
(634, 931, 224, 19, 71),
(635, 944, 224, 31, 19),
(636, 1086, 224, 11, 115),
(637, 1096, 224, 19, 71),
(638, 1025, 225, 3, 92),
(639, 568, 225, 28, 58),
(640, 894, 225, 18, 28),
(641, 209, 225, 12, 20),
(642, 965, 226, 21, 1),
(643, 1083, 227, 16, 120),
(644, 298, 227, 4, 48),
(645, 401, 227, 5, 80),
(646, 574, 227, 13, 81),
(647, 707, 228, 2, 41),
(648, 324, 228, 28, 86),
(649, 618, 229, 30, 85),
(650, 961, 229, 21, 30),
(651, 926, 231, 14, 100),
(652, 1162, 231, 16, 74),
(653, 1290, 231, 19, 26),
(654, 664, 231, 34, 19),
(655, 343, 231, 25, 37),
(656, 371, 231, 29, 63),
(657, 384, 231, 32, 89),
(658, 588, 232, 21, 88),
(659, 620, 232, 8, 100),
(660, 673, 232, 19, 6),
(661, 1192, 232, 7, 46),
(662, 1207, 232, 24, 46),
(663, 1009, 233, 22, 13),
(664, 470, 233, 1, 28),
(665, 47, 233, 16, 38),
(666, 412, 233, 34, 22),
(667, 83, 234, 19, 6),
(668, 612, 234, 18, 61),
(669, 1224, 234, 27, 25),
(670, 1281, 234, 24, 39),
(671, 984, 235, 20, 118),
(672, 44, 235, 13, 75),
(673, 445, 235, 20, 115),
(674, 1026, 236, 12, 81),
(675, 439, 237, 30, 23),
(676, 652, 237, 32, 37),
(677, 682, 237, 12, 119),
(678, 838, 237, 34, 84),
(679, 849, 237, 3, 89),
(680, 495, 238, 27, 27),
(681, 232, 238, 12, 30),
(682, 325, 238, 27, 47),
(683, 242, 239, 10, 104),
(684, 292, 240, 18, 94),
(685, 1185, 240, 34, 109),
(686, 1031, 241, 32, 1),
(687, 486, 241, 12, 11),
(688, 1003, 242, 6, 53),
(689, 631, 243, 25, 102),
(690, 304, 243, 14, 29),
(691, 419, 243, 4, 16),
(692, 216, 244, 3, 102),
(693, 889, 244, 34, 90),
(694, 1115, 244, 12, 10),
(695, 1287, 245, 22, 49),
(696, 126, 245, 5, 25),
(697, 486, 246, 21, 57),
(698, 895, 246, 10, 111),
(699, 659, 247, 22, 88),
(700, 715, 247, 27, 96),
(701, 42, 247, 32, 30),
(702, 67, 247, 22, 47),
(703, 919, 247, 15, 19),
(704, 990, 248, 27, 80),
(705, 1017, 248, 23, 18),
(706, 386, 248, 23, 32),
(707, 547, 248, 8, 77),
(708, 560, 248, 15, 86),
(709, 694, 248, 23, 26),
(710, 464, 249, 16, 109),
(711, 21, 249, 4, 39),
(712, 406, 249, 28, 11),
(713, 999, 249, 31, 103),
(714, 1069, 249, 28, 42),
(715, 1256, 249, 1, 51),
(716, 1260, 249, 19, 12),
(717, 742, 250, 23, 65),
(718, 1287, 251, 33, 24),
(719, 1298, 251, 27, 76),
(720, 86, 251, 17, 49),
(721, 337, 251, 27, 21),
(722, 86, 252, 6, 120),
(723, 1046, 252, 27, 5),
(724, 1121, 253, 29, 59),
(725, 86, 253, 2, 101),
(726, 159, 253, 17, 85),
(727, 348, 254, 5, 79),
(728, 453, 254, 26, 57),
(729, 20, 255, 28, 3),
(730, 197, 255, 22, 51),
(731, 1026, 255, 30, 3),
(732, 1102, 256, 18, 71),
(733, 503, 256, 30, 104),
(734, 695, 257, 14, 59),
(735, 809, 257, 20, 39),
(736, 1157, 257, 25, 56),
(737, 1243, 257, 27, 57),
(738, 922, 258, 30, 77),
(739, 180, 258, 13, 14),
(740, 158, 259, 17, 111),
(741, 1020, 259, 25, 104),
(742, 1059, 260, 3, 79),
(743, 779, 261, 9, 6),
(744, 929, 262, 5, 18),
(745, 1067, 262, 24, 43),
(746, 1195, 263, 13, 97),
(747, 1204, 263, 25, 31),
(748, 722, 263, 30, 102),
(749, 418, 263, 25, 97),
(750, 419, 263, 13, 62),
(751, 13, 264, 1, 51),
(752, 507, 264, 27, 61),
(753, 594, 265, 8, 57),
(754, 811, 265, 13, 68),
(755, 134, 265, 11, 30),
(756, 197, 265, 5, 27),
(757, 1217, 265, 7, 28),
(758, 367, 266, 27, 90),
(759, 724, 266, 28, 50),
(760, 770, 266, 23, 106),
(761, 1272, 267, 30, 5),
(762, 633, 268, 4, 24),
(763, 888, 268, 12, 69),
(764, 267, 268, 26, 118),
(765, 379, 268, 15, 115),
(766, 164, 269, 16, 103),
(767, 118, 271, 26, 102),
(768, 583, 271, 32, 72),
(769, 721, 272, 22, 90),
(770, 758, 272, 15, 113),
(771, 832, 272, 21, 2),
(772, 35, 272, 19, 24),
(773, 449, 272, 8, 14),
(774, 987, 272, 21, 99),
(775, 1175, 273, 6, 99),
(776, 1286, 273, 18, 97),
(777, 160, 273, 10, 31),
(778, 625, 273, 23, 10),
(779, 858, 273, 29, 43),
(780, 538, 274, 33, 73),
(781, 738, 274, 28, 10),
(782, 183, 274, 21, 104),
(783, 3, 275, 13, 33),
(784, 846, 275, 14, 70),
(785, 887, 275, 25, 62),
(786, 463, 276, 30, 48),
(787, 653, 276, 14, 91),
(788, 122, 276, 29, 93),
(789, 227, 277, 8, 87),
(790, 258, 278, 27, 9),
(791, 915, 279, 5, 118),
(792, 59, 280, 34, 113),
(793, 463, 280, 15, 11),
(794, 599, 280, 9, 40),
(795, 721, 280, 31, 30),
(796, 893, 280, 19, 10),
(797, 557, 281, 16, 107),
(798, 23, 281, 32, 88),
(799, 151, 281, 30, 8),
(800, 259, 281, 17, 59),
(801, 351, 281, 21, 21),
(802, 1011, 281, 15, 110),
(803, 1120, 281, 28, 32),
(804, 82, 282, 1, 93),
(805, 1024, 283, 28, 91),
(806, 1132, 283, 21, 71),
(807, 825, 283, 30, 43),
(808, 1212, 284, 22, 56),
(809, 256, 284, 30, 100),
(810, 306, 284, 25, 56),
(811, 149, 285, 14, 51),
(812, 606, 285, 11, 70),
(813, 700, 285, 20, 31),
(814, 814, 285, 22, 120),
(815, 868, 285, 6, 58),
(816, 906, 286, 21, 68),
(817, 65, 286, 1, 79),
(818, 232, 286, 24, 80),
(819, 252, 286, 12, 28),
(820, 984, 286, 3, 26),
(821, 1203, 286, 12, 53),
(822, 983, 287, 13, 9),
(823, 1069, 287, 12, 102),
(824, 1213, 287, 30, 51),
(825, 1272, 287, 20, 119),
(826, 581, 287, 4, 27),
(827, 794, 287, 1, 23),
(828, 997, 288, 17, 88),
(829, 1095, 288, 24, 64),
(830, 1246, 288, 5, 3),
(831, 1086, 289, 20, 70),
(832, 850, 289, 24, 94),
(833, 286, 289, 6, 11),
(834, 423, 289, 12, 47),
(835, 82, 290, 13, 8),
(836, 652, 290, 26, 79),
(837, 662, 290, 32, 80),
(838, 861, 290, 26, 45),
(839, 1019, 290, 5, 40),
(840, 1190, 290, 10, 105),
(841, 585, 291, 3, 5),
(842, 834, 291, 13, 88),
(843, 842, 291, 18, 96),
(844, 364, 292, 26, 27),
(845, 13, 293, 25, 113),
(846, 44, 293, 25, 60),
(847, 448, 293, 18, 57),
(848, 723, 293, 6, 111),
(849, 900, 293, 29, 105),
(850, 1035, 293, 11, 48),
(851, 1104, 293, 2, 80),
(852, 1174, 294, 14, 3),
(853, 791, 294, 20, 10),
(854, 46, 294, 11, 28),
(855, 54, 295, 4, 67),
(856, 385, 295, 14, 111),
(857, 694, 295, 22, 13),
(858, 808, 296, 2, 108),
(859, 943, 296, 8, 104),
(860, 1156, 296, 10, 112),
(861, 768, 297, 33, 45),
(862, 788, 297, 22, 103),
(863, 525, 298, 11, 113),
(864, 548, 298, 29, 5),
(865, 1109, 298, 26, 83),
(866, 257, 298, 8, 71),
(867, 349, 299, 24, 62),
(868, 414, 299, 25, 30),
(869, 917, 299, 1, 38),
(870, 922, 299, 18, 28),
(871, 1190, 299, 23, 15),
(872, 584, 299, 26, 50),
(873, 715, 299, 21, 71),
(874, 723, 299, 10, 98),
(875, 876, 300, 12, 90),
(876, 920, 300, 30, 85),
(877, 1059, 300, 19, 43),
(878, 1026, 301, 22, 8),
(879, 609, 301, 10, 51),
(880, 709, 301, 5, 66),
(881, 46, 301, 33, 84),
(882, 52, 301, 20, 104),
(883, 251, 301, 31, 63),
(884, 149, 302, 16, 82),
(885, 939, 302, 15, 29),
(886, 1136, 303, 9, 59),
(887, 851, 303, 11, 6),
(888, 842, 304, 10, 12),
(889, 1036, 304, 12, 9),
(890, 1260, 304, 7, 107),
(891, 364, 304, 9, 108),
(892, 623, 305, 2, 10),
(893, 578, 306, 33, 57),
(894, 688, 306, 4, 114),
(895, 917, 306, 14, 64),
(896, 1129, 306, 7, 85),
(897, 587, 307, 23, 27),
(898, 603, 308, 21, 104),
(899, 769, 308, 23, 30),
(900, 1006, 308, 1, 4),
(901, 1164, 308, 4, 42),
(902, 447, 308, 25, 84),
(903, 178, 309, 2, 82),
(904, 229, 309, 22, 97),
(905, 390, 309, 28, 13),
(906, 440, 309, 7, 82),
(907, 498, 309, 33, 59),
(908, 685, 309, 33, 31),
(909, 533, 310, 13, 2),
(910, 568, 310, 28, 91),
(911, 606, 311, 22, 22),
(912, 852, 311, 1, 24),
(913, 250, 311, 2, 52),
(914, 326, 312, 15, 113),
(915, 1226, 312, 15, 44),
(916, 1176, 313, 31, 53),
(917, 481, 313, 12, 72),
(918, 806, 314, 17, 104),
(919, 380, 314, 5, 113),
(920, 469, 315, 31, 97),
(921, 808, 315, 15, 74),
(922, 1183, 315, 18, 103),
(923, 1128, 316, 8, 77),
(924, 725, 317, 14, 100),
(925, 93, 317, 5, 32),
(926, 38, 318, 34, 101),
(927, 1273, 318, 22, 110),
(928, 933, 319, 21, 18),
(929, 81, 321, 5, 80),
(930, 86, 321, 28, 55),
(931, 624, 321, 12, 33),
(932, 887, 322, 29, 17),
(933, 321, 322, 19, 97),
(934, 1082, 322, 12, 42),
(935, 931, 323, 15, 44),
(936, 965, 323, 25, 77),
(937, 1250, 323, 10, 96),
(938, 952, 324, 13, 46),
(939, 105, 324, 15, 114),
(940, 505, 324, 29, 86),
(941, 549, 324, 8, 37),
(942, 284, 325, 9, 45),
(943, 434, 325, 11, 40),
(944, 436, 325, 14, 56),
(945, 99, 326, 18, 102),
(946, 643, 326, 34, 8),
(947, 932, 326, 25, 69),
(948, 1055, 326, 15, 96),
(949, 526, 327, 27, 30),
(950, 564, 328, 8, 23),
(951, 569, 328, 18, 76),
(952, 718, 328, 33, 105),
(953, 840, 328, 27, 7),
(954, 1112, 328, 28, 105),
(955, 1253, 328, 16, 74),
(956, 1223, 329, 26, 34),
(957, 40, 329, 1, 19),
(958, 249, 329, 33, 41),
(959, 313, 329, 18, 69),
(960, 132, 330, 21, 73),
(961, 1034, 330, 29, 79),
(962, 1036, 330, 16, 29),
(963, 540, 330, 5, 44),
(964, 815, 330, 34, 69),
(965, 854, 330, 6, 96),
(966, 506, 331, 26, 85),
(967, 962, 331, 6, 81),
(968, 189, 331, 11, 100),
(969, 213, 331, 23, 80),
(970, 698, 332, 5, 1),
(971, 728, 332, 28, 50),
(972, 706, 333, 5, 45),
(973, 1099, 333, 33, 8),
(974, 1237, 334, 31, 41),
(975, 228, 334, 16, 13),
(976, 406, 335, 28, 70),
(977, 450, 335, 14, 92),
(978, 977, 335, 15, 64),
(979, 1140, 335, 21, 17),
(980, 952, 336, 33, 29),
(981, 1171, 336, 4, 53),
(982, 403, 336, 19, 62),
(983, 445, 336, 30, 8),
(984, 1130, 337, 27, 50),
(985, 1174, 337, 11, 25),
(986, 1242, 338, 15, 41),
(987, 416, 338, 11, 112),
(988, 434, 338, 1, 43),
(989, 466, 338, 11, 9),
(990, 773, 338, 17, 68),
(991, 293, 339, 4, 4),
(992, 1150, 339, 22, 10),
(993, 179, 340, 19, 4),
(994, 814, 341, 21, 10),
(995, 636, 342, 4, 76),
(996, 900, 342, 21, 65),
(997, 104, 342, 27, 65),
(998, 974, 342, 22, 76),
(999, 925, 343, 23, 55),
(1000, 1259, 343, 24, 98),
(1001, 608, 343, 12, 46),
(1002, 910, 344, 27, 34),
(1003, 218, 344, 9, 33),
(1004, 244, 345, 34, 38),
(1005, 502, 345, 31, 84),
(1006, 1209, 345, 33, 85),
(1007, 1033, 346, 25, 61),
(1008, 514, 346, 13, 31),
(1009, 854, 346, 28, 86),
(1010, 1146, 347, 33, 68),
(1011, 663, 348, 20, 100),
(1012, 908, 348, 9, 48),
(1013, 118, 348, 30, 115),
(1014, 122, 348, 13, 112),
(1015, 1007, 349, 26, 28),
(1016, 1005, 350, 31, 47),
(1017, 1, 350, 33, 115),
(1018, 469, 350, 1, 105),
(1019, 860, 350, 2, 22),
(1020, 649, 351, 19, 44),
(1021, 833, 351, 16, 60),
(1022, 1213, 351, 10, 18),
(1023, 605, 352, 2, 32),
(1024, 70, 352, 7, 13),
(1025, 377, 352, 33, 67),
(1026, 284, 353, 6, 12),
(1027, 570, 353, 10, 37),
(1028, 644, 353, 30, 4),
(1029, 1157, 353, 9, 66),
(1030, 1198, 354, 16, 90),
(1031, 768, 354, 19, 86),
(1032, 3, 354, 6, 53),
(1033, 208, 354, 4, 74),
(1034, 617, 355, 8, 45),
(1035, 570, 356, 17, 7),
(1036, 678, 356, 22, 41),
(1037, 761, 356, 1, 11),
(1038, 206, 356, 12, 47),
(1039, 1057, 356, 11, 89),
(1040, 1283, 356, 33, 83),
(1041, 191, 357, 31, 30),
(1042, 6, 358, 14, 105),
(1043, 99, 358, 26, 72),
(1044, 998, 358, 4, 46),
(1045, 549, 358, 7, 50),
(1046, 1149, 359, 8, 96),
(1047, 1040, 360, 26, 70),
(1048, 434, 360, 3, 72),
(1049, 492, 361, 17, 111),
(1050, 476, 362, 19, 44),
(1051, 645, 362, 30, 26),
(1052, 840, 362, 30, 104),
(1053, 228, 362, 29, 91),
(1054, 922, 362, 2, 28),
(1055, 304, 363, 27, 98),
(1056, 1045, 364, 8, 119),
(1057, 1219, 364, 2, 94),
(1058, 496, 364, 12, 16),
(1059, 23, 365, 27, 53),
(1060, 80, 365, 22, 83),
(1061, 273, 365, 29, 16),
(1062, 945, 366, 30, 47),
(1063, 969, 366, 9, 8),
(1064, 1274, 366, 2, 17),
(1065, 961, 367, 25, 1),
(1066, 519, 367, 12, 41),
(1067, 558, 368, 11, 84),
(1068, 1266, 368, 21, 40),
(1069, 290, 369, 15, 11),
(1070, 392, 369, 1, 101),
(1071, 1047, 370, 33, 13),
(1072, 544, 370, 27, 49),
(1073, 1262, 371, 33, 98),
(1074, 1167, 372, 12, 119),
(1075, 672, 372, 33, 101),
(1076, 395, 372, 5, 52),
(1077, 294, 373, 13, 73),
(1078, 968, 373, 23, 101),
(1079, 1156, 373, 34, 63),
(1080, 157, 374, 31, 89),
(1081, 416, 374, 14, 93),
(1082, 440, 374, 31, 103),
(1083, 467, 374, 29, 71),
(1084, 514, 374, 24, 1),
(1085, 899, 375, 19, 118),
(1086, 265, 375, 11, 20),
(1087, 1190, 375, 30, 24),
(1088, 735, 376, 19, 31),
(1089, 1137, 377, 18, 47),
(1090, 1152, 377, 13, 54),
(1091, 1011, 378, 33, 91),
(1092, 1216, 378, 14, 98),
(1093, 554, 378, 10, 85),
(1094, 174, 378, 4, 60),
(1095, 313, 379, 26, 89),
(1096, 435, 379, 5, 33),
(1097, 367, 380, 31, 97),
(1098, 926, 380, 22, 111),
(1099, 402, 381, 16, 25),
(1100, 628, 381, 12, 40),
(1101, 754, 381, 18, 7),
(1102, 150, 382, 6, 51),
(1103, 209, 382, 19, 79),
(1104, 929, 382, 6, 112),
(1105, 1160, 382, 21, 118),
(1106, 1240, 382, 31, 72),
(1107, 1057, 383, 15, 84),
(1108, 395, 383, 13, 66),
(1109, 134, 384, 17, 87),
(1110, 298, 384, 8, 104),
(1111, 335, 384, 22, 34),
(1112, 1033, 384, 9, 105),
(1113, 318, 385, 20, 8),
(1114, 675, 385, 21, 82),
(1115, 839, 385, 23, 95),
(1116, 259, 386, 32, 17),
(1117, 966, 386, 9, 53),
(1118, 941, 387, 22, 16),
(1119, 973, 387, 28, 46),
(1120, 999, 387, 31, 60),
(1121, 199, 388, 19, 112),
(1122, 309, 388, 12, 85),
(1123, 898, 389, 15, 115),
(1124, 909, 389, 14, 15),
(1125, 857, 390, 16, 58),
(1126, 298, 390, 26, 113),
(1127, 4, 391, 7, 69),
(1128, 991, 391, 6, 115),
(1129, 1146, 391, 30, 48),
(1130, 1232, 391, 18, 48),
(1131, 1029, 392, 18, 58),
(1132, 1204, 392, 18, 49),
(1133, 1137, 393, 11, 104),
(1134, 157, 393, 2, 114),
(1135, 288, 393, 1, 18),
(1136, 355, 394, 15, 23),
(1137, 1025, 394, 1, 5),
(1138, 1079, 394, 29, 53),
(1139, 476, 394, 22, 77),
(1140, 720, 395, 34, 15),
(1141, 614, 396, 24, 37),
(1142, 1149, 396, 24, 33),
(1143, 1159, 396, 32, 46),
(1144, 1023, 397, 23, 97),
(1145, 1169, 397, 16, 117),
(1146, 822, 397, 5, 3),
(1147, 235, 397, 29, 46),
(1148, 279, 397, 22, 87),
(1149, 413, 398, 27, 59),
(1150, 414, 398, 15, 64),
(1151, 485, 398, 23, 84),
(1152, 1119, 398, 30, 9),
(1153, 569, 399, 24, 40),
(1154, 1066, 400, 19, 40),
(1155, 1128, 400, 27, 6),
(1156, 1150, 400, 9, 120),
(1157, 76, 400, 17, 89),
(1158, 341, 400, 33, 88),
(1159, 431, 400, 19, 62),
(1160, 60, 401, 22, 36),
(1161, 275, 401, 23, 117),
(1162, 956, 401, 20, 90),
(1163, 964, 401, 10, 110),
(1164, 1125, 401, 22, 66),
(1165, 963, 402, 2, 1),
(1166, 1261, 403, 34, 87),
(1167, 547, 403, 14, 30),
(1168, 684, 403, 29, 26),
(1169, 719, 404, 25, 42),
(1170, 880, 404, 8, 98),
(1171, 1298, 404, 16, 70),
(1172, 168, 404, 33, 86),
(1173, 241, 404, 34, 93),
(1174, 364, 405, 19, 86),
(1175, 612, 405, 30, 52),
(1176, 905, 405, 17, 101),
(1177, 486, 406, 24, 45),
(1178, 469, 407, 26, 26),
(1179, 658, 407, 21, 116),
(1180, 441, 407, 29, 67),
(1181, 34, 408, 9, 18),
(1182, 394, 408, 19, 9),
(1183, 925, 408, 27, 113),
(1184, 1064, 409, 15, 65),
(1185, 1286, 409, 28, 26),
(1186, 539, 409, 18, 15),
(1187, 729, 409, 17, 86),
(1188, 520, 410, 1, 83),
(1189, 102, 410, 15, 67),
(1190, 158, 411, 24, 111),
(1191, 442, 411, 12, 64),
(1192, 470, 411, 11, 87),
(1193, 1018, 411, 32, 99),
(1194, 943, 412, 20, 106),
(1195, 681, 412, 10, 33),
(1196, 133, 412, 30, 54),
(1197, 143, 412, 7, 43),
(1198, 401, 412, 16, 43),
(1199, 82, 414, 29, 29),
(1200, 352, 414, 31, 51),
(1201, 654, 414, 4, 4),
(1202, 45, 415, 30, 39),
(1203, 71, 415, 22, 21),
(1204, 259, 415, 28, 31),
(1205, 1184, 415, 25, 10),
(1206, 1091, 416, 13, 88),
(1207, 945, 417, 8, 75),
(1208, 309, 417, 26, 62),
(1209, 687, 417, 22, 48),
(1210, 792, 417, 11, 32),
(1211, 661, 418, 7, 10),
(1212, 315, 418, 5, 119),
(1213, 445, 418, 16, 75),
(1214, 290, 419, 34, 30),
(1215, 154, 420, 7, 67),
(1216, 876, 420, 15, 116),
(1217, 657, 421, 16, 3),
(1218, 688, 421, 16, 44),
(1219, 786, 421, 29, 105),
(1220, 603, 422, 15, 8),
(1221, 765, 423, 11, 88),
(1222, 846, 423, 6, 53),
(1223, 49, 423, 31, 97),
(1224, 331, 423, 6, 50),
(1225, 1074, 423, 17, 36),
(1226, 1104, 424, 18, 15),
(1227, 270, 424, 22, 113),
(1228, 623, 425, 14, 89),
(1229, 1028, 426, 28, 47),
(1230, 1077, 426, 21, 71),
(1231, 333, 427, 34, 112),
(1232, 136, 428, 29, 26),
(1233, 307, 428, 33, 22),
(1234, 396, 428, 24, 102),
(1235, 136, 429, 10, 93),
(1236, 289, 429, 4, 7),
(1237, 316, 430, 17, 48),
(1238, 904, 430, 10, 94),
(1239, 520, 431, 14, 79),
(1240, 765, 431, 4, 103),
(1241, 339, 431, 18, 55),
(1242, 170, 432, 34, 42),
(1243, 213, 432, 22, 17),
(1244, 279, 432, 14, 81),
(1245, 767, 432, 9, 58),
(1246, 117, 433, 30, 18),
(1247, 1086, 433, 18, 39),
(1248, 1268, 433, 4, 58),
(1249, 915, 434, 30, 36),
(1250, 474, 434, 18, 47),
(1251, 520, 434, 5, 59),
(1252, 810, 434, 20, 113),
(1253, 234, 435, 8, 76),
(1254, 304, 435, 21, 39),
(1255, 320, 435, 1, 98),
(1256, 2, 436, 22, 30),
(1257, 317, 436, 11, 42),
(1258, 580, 436, 32, 82),
(1259, 729, 436, 31, 40),
(1260, 845, 437, 9, 99),
(1261, 23, 437, 31, 68),
(1262, 55, 437, 3, 24),
(1263, 213, 438, 20, 118),
(1264, 290, 438, 17, 23),
(1265, 853, 438, 6, 37),
(1266, 1167, 438, 24, 59),
(1267, 559, 439, 34, 49),
(1268, 130, 439, 15, 76),
(1269, 211, 439, 33, 103),
(1270, 780, 440, 22, 6),
(1271, 635, 441, 29, 113),
(1272, 294, 441, 15, 101),
(1273, 352, 441, 22, 58),
(1274, 38, 442, 5, 8),
(1275, 138, 442, 9, 3),
(1276, 1177, 442, 22, 20),
(1277, 1218, 442, 34, 77),
(1278, 313, 443, 10, 73),
(1279, 377, 443, 33, 60),
(1280, 108, 444, 26, 89),
(1281, 156, 444, 6, 118),
(1282, 346, 445, 14, 35),
(1283, 616, 445, 10, 99),
(1284, 820, 445, 11, 115),
(1285, 846, 445, 18, 102),
(1286, 931, 446, 7, 50),
(1287, 1142, 446, 16, 69),
(1288, 222, 447, 9, 67),
(1289, 984, 448, 16, 5),
(1290, 1167, 448, 28, 30),
(1291, 717, 448, 8, 63),
(1292, 1201, 449, 5, 42),
(1293, 134, 449, 17, 47),
(1294, 1262, 450, 6, 95),
(1295, 975, 451, 26, 90),
(1296, 142, 451, 18, 97),
(1297, 196, 451, 23, 8),
(1298, 35, 452, 2, 24),
(1299, 304, 452, 31, 56),
(1300, 559, 452, 21, 11),
(1301, 875, 452, 12, 32),
(1302, 428, 453, 19, 78),
(1303, 996, 453, 34, 80),
(1304, 980, 454, 22, 100),
(1305, 1103, 454, 26, 13),
(1306, 323, 454, 34, 107),
(1307, 431, 454, 4, 98),
(1308, 586, 454, 23, 80),
(1309, 660, 454, 18, 43),
(1310, 1253, 455, 34, 102),
(1311, 544, 456, 11, 109),
(1312, 635, 457, 7, 33),
(1313, 668, 457, 5, 17),
(1314, 451, 457, 11, 53),
(1315, 692, 458, 8, 49),
(1316, 1003, 458, 11, 110),
(1317, 815, 459, 9, 2),
(1318, 288, 459, 5, 57),
(1319, 281, 460, 25, 67),
(1320, 1005, 460, 4, 31),
(1321, 1079, 461, 6, 96),
(1322, 1270, 461, 28, 30),
(1323, 173, 462, 7, 23),
(1324, 340, 462, 27, 35),
(1325, 407, 462, 2, 27),
(1326, 451, 462, 24, 40),
(1327, 910, 462, 28, 65),
(1328, 620, 463, 32, 58),
(1329, 697, 463, 26, 37),
(1330, 947, 463, 34, 59),
(1331, 1022, 463, 14, 59),
(1332, 1059, 463, 1, 38),
(1333, 501, 464, 4, 43),
(1334, 547, 465, 17, 65),
(1335, 307, 465, 15, 6),
(1336, 909, 466, 7, 50),
(1337, 495, 468, 6, 34),
(1338, 830, 468, 18, 83),
(1339, 1140, 468, 24, 52),
(1340, 642, 469, 27, 58),
(1341, 102, 469, 5, 41),
(1342, 643, 470, 27, 98),
(1343, 480, 471, 28, 97),
(1344, 764, 471, 20, 119),
(1345, 166, 471, 14, 93),
(1346, 403, 471, 13, 48),
(1347, 300, 472, 11, 119),
(1348, 370, 472, 15, 74),
(1349, 727, 472, 28, 26),
(1350, 862, 472, 23, 36),
(1351, 1173, 472, 25, 44),
(1352, 496, 473, 17, 41),
(1353, 723, 473, 19, 41),
(1354, 175, 473, 10, 23),
(1355, 378, 473, 29, 4),
(1356, 698, 474, 20, 48),
(1357, 100, 475, 4, 73),
(1358, 365, 475, 22, 92),
(1359, 919, 475, 30, 104),
(1360, 1110, 476, 23, 77),
(1361, 39, 476, 21, 100),
(1362, 314, 476, 34, 57),
(1363, 467, 476, 10, 111),
(1364, 836, 477, 8, 68),
(1365, 864, 477, 6, 92),
(1366, 903, 477, 8, 98),
(1367, 414, 477, 6, 98),
(1368, 1075, 477, 12, 70),
(1369, 1292, 477, 26, 19),
(1370, 939, 478, 18, 117),
(1371, 952, 478, 11, 47),
(1372, 84, 478, 27, 21),
(1373, 258, 478, 6, 30),
(1374, 711, 478, 2, 102),
(1375, 893, 479, 1, 9),
(1376, 936, 479, 23, 43),
(1377, 991, 479, 21, 52),
(1378, 997, 479, 2, 106),
(1379, 1128, 479, 34, 16),
(1380, 938, 480, 1, 20),
(1381, 620, 480, 15, 78),
(1382, 856, 480, 4, 118),
(1383, 45, 480, 34, 4),
(1384, 181, 480, 31, 79),
(1385, 124, 481, 28, 82),
(1386, 589, 481, 30, 36),
(1387, 702, 481, 12, 105),
(1388, 622, 482, 29, 10),
(1389, 906, 482, 23, 56),
(1390, 253, 482, 23, 62),
(1391, 384, 482, 28, 48),
(1392, 1003, 482, 2, 80),
(1393, 60, 483, 23, 95),
(1394, 334, 483, 11, 99),
(1395, 593, 483, 20, 43),
(1396, 814, 483, 17, 48),
(1397, 1182, 484, 6, 22),
(1398, 952, 485, 31, 46),
(1399, 1017, 485, 26, 67),
(1400, 1258, 485, 1, 107),
(1401, 126, 485, 32, 108),
(1402, 128, 485, 30, 6),
(1403, 312, 486, 16, 57),
(1404, 462, 486, 20, 28),
(1405, 646, 486, 14, 85),
(1406, 841, 486, 32, 23),
(1407, 457, 487, 30, 49),
(1408, 745, 487, 17, 48),
(1409, 960, 487, 16, 11),
(1410, 1074, 487, 9, 79),
(1411, 1276, 487, 24, 56),
(1412, 856, 488, 29, 59),
(1413, 65, 488, 33, 43),
(1414, 184, 489, 22, 4),
(1415, 766, 489, 2, 114),
(1416, 898, 490, 18, 115),
(1417, 190, 490, 33, 104),
(1418, 1065, 490, 12, 97),
(1419, 1204, 490, 30, 116),
(1420, 1277, 490, 25, 37),
(1421, 979, 491, 18, 99),
(1422, 119, 491, 1, 85),
(1423, 132, 491, 1, 84),
(1424, 443, 492, 16, 54),
(1425, 234, 493, 10, 73),
(1426, 1126, 493, 16, 103),
(1427, 1149, 494, 7, 106),
(1428, 203, 494, 33, 83),
(1429, 298, 494, 20, 59),
(1430, 138, 495, 4, 41),
(1431, 1107, 495, 9, 32),
(1432, 1253, 496, 23, 32),
(1433, 404, 496, 12, 16),
(1434, 672, 496, 21, 29),
(1435, 794, 497, 11, 50),
(1436, 807, 497, 1, 59),
(1437, 820, 497, 12, 118),
(1438, 292, 497, 20, 87),
(1439, 114, 498, 8, 25),
(1440, 335, 498, 7, 78),
(1441, 713, 498, 17, 38),
(1442, 747, 498, 7, 78),
(1443, 1088, 498, 25, 46),
(1444, 1278, 499, 34, 79),
(1445, 783, 499, 10, 2),
(1446, 312, 499, 12, 47),
(1447, 107, 500, 5, 25),
(1448, 826, 500, 2, 18),
(1449, 861, 500, 14, 67),
(1450, 682, 501, 4, 61),
(1451, 266, 501, 19, 50),
(1452, 1048, 501, 15, 17),
(1453, 1275, 502, 18, 35),
(1454, 12, 502, 10, 73),
(1455, 266, 502, 34, 67),
(1456, 550, 502, 16, 65),
(1457, 638, 503, 9, 36),
(1458, 5, 503, 21, 78),
(1459, 930, 503, 30, 100),
(1460, 1044, 503, 14, 11),
(1461, 822, 504, 8, 71),
(1462, 558, 505, 29, 103),
(1463, 593, 505, 23, 84),
(1464, 675, 505, 31, 8),
(1465, 1119, 505, 26, 30),
(1466, 48, 505, 26, 45),
(1467, 188, 505, 32, 75),
(1468, 856, 506, 13, 88),
(1469, 131, 507, 2, 88),
(1470, 263, 507, 16, 86),
(1471, 379, 507, 10, 14),
(1472, 629, 508, 13, 102),
(1473, 1044, 508, 21, 97),
(1474, 1048, 508, 1, 22),
(1475, 1054, 509, 11, 45),
(1476, 1266, 509, 27, 112),
(1477, 1107, 510, 5, 83),
(1478, 1223, 510, 31, 104),
(1479, 803, 510, 34, 12),
(1480, 70, 510, 13, 28),
(1481, 186, 510, 29, 28),
(1482, 250, 510, 30, 24),
(1483, 383, 511, 12, 64),
(1484, 552, 511, 22, 39),
(1485, 789, 511, 27, 33),
(1486, 867, 511, 20, 8),
(1487, 1137, 511, 7, 94),
(1488, 1168, 511, 21, 9),
(1489, 934, 512, 22, 69),
(1490, 563, 512, 15, 27),
(1491, 860, 512, 18, 26),
(1492, 50, 512, 21, 84),
(1493, 166, 512, 6, 86),
(1494, 213, 513, 8, 18),
(1495, 688, 513, 16, 7),
(1496, 957, 513, 14, 87),
(1497, 1218, 514, 17, 87),
(1498, 494, 514, 25, 10),
(1499, 171, 514, 2, 93),
(1500, 432, 514, 24, 25),
(1501, 312, 515, 13, 32),
(1502, 387, 515, 24, 88),
(1503, 104, 516, 23, 116),
(1504, 199, 516, 19, 11),
(1505, 587, 516, 19, 56),
(1506, 1017, 516, 11, 70),
(1507, 1009, 517, 5, 103),
(1508, 1138, 517, 9, 95),
(1509, 1148, 517, 19, 95),
(1510, 735, 517, 22, 28),
(1511, 751, 517, 26, 66),
(1512, 1019, 519, 5, 96),
(1513, 991, 520, 5, 11),
(1514, 685, 520, 30, 65),
(1515, 699, 520, 24, 25),
(1516, 791, 520, 27, 60),
(1517, 161, 520, 23, 18),
(1518, 271, 521, 24, 15),
(1519, 280, 521, 25, 5),
(1520, 724, 521, 15, 2),
(1521, 969, 521, 11, 45),
(1522, 1048, 521, 8, 70),
(1523, 1043, 522, 25, 119),
(1524, 1196, 522, 18, 60),
(1525, 845, 522, 24, 34),
(1526, 851, 522, 28, 13),
(1527, 855, 522, 34, 75),
(1528, 897, 522, 6, 83),
(1529, 477, 523, 24, 50),
(1530, 1130, 523, 31, 86),
(1531, 1196, 523, 29, 54),
(1532, 206, 523, 32, 3),
(1533, 421, 523, 25, 101),
(1534, 426, 524, 1, 106),
(1535, 1166, 524, 15, 105),
(1536, 1274, 524, 13, 95),
(1537, 786, 524, 33, 66),
(1538, 539, 525, 13, 33),
(1539, 828, 525, 31, 53),
(1540, 6, 525, 30, 52),
(1541, 2, 526, 6, 111),
(1542, 270, 526, 16, 76),
(1543, 285, 526, 32, 49),
(1544, 325, 526, 18, 30),
(1545, 1262, 526, 25, 27),
(1546, 1118, 527, 4, 30),
(1547, 753, 527, 12, 56),
(1548, 923, 528, 24, 33),
(1549, 173, 528, 19, 79),
(1550, 41, 530, 19, 83),
(1551, 141, 530, 11, 67),
(1552, 289, 530, 26, 118),
(1553, 1280, 530, 26, 75),
(1554, 774, 530, 34, 25),
(1555, 498, 531, 33, 109),
(1556, 208, 531, 29, 102),
(1557, 386, 531, 6, 104),
(1558, 378, 532, 28, 55),
(1559, 411, 532, 24, 82),
(1560, 1071, 532, 12, 42),
(1561, 1096, 532, 19, 113),
(1562, 1117, 533, 21, 77),
(1563, 207, 533, 11, 11),
(1564, 500, 533, 20, 41),
(1565, 671, 533, 16, 102),
(1566, 145, 534, 24, 41),
(1567, 149, 535, 1, 34),
(1568, 542, 535, 23, 97),
(1569, 721, 536, 3, 89),
(1570, 174, 536, 16, 43),
(1571, 402, 536, 3, 87),
(1572, 97, 537, 8, 26),
(1573, 201, 537, 13, 13),
(1574, 776, 537, 13, 54),
(1575, 1012, 537, 12, 105),
(1576, 1039, 538, 21, 79),
(1577, 383, 538, 21, 27),
(1578, 431, 539, 18, 119),
(1579, 974, 539, 17, 81),
(1580, 475, 539, 16, 43),
(1581, 797, 540, 16, 26),
(1582, 1245, 540, 2, 114),
(1583, 29, 540, 16, 36),
(1584, 124, 540, 8, 27),
(1585, 338, 540, 21, 46),
(1586, 238, 541, 29, 15),
(1587, 739, 541, 7, 112),
(1588, 641, 542, 2, 25),
(1589, 650, 542, 32, 59),
(1590, 877, 542, 28, 50),
(1591, 55, 542, 23, 22),
(1592, 110, 542, 22, 98),
(1593, 446, 542, 34, 105),
(1594, 220, 543, 32, 37),
(1595, 509, 543, 24, 65),
(1596, 943, 543, 29, 58),
(1597, 1182, 543, 16, 119),
(1598, 1250, 543, 23, 13),
(1599, 111, 544, 28, 65),
(1600, 319, 544, 14, 113),
(1601, 106, 546, 10, 86),
(1602, 199, 546, 19, 113),
(1603, 507, 546, 34, 46),
(1604, 561, 546, 6, 78),
(1605, 593, 546, 18, 118),
(1606, 508, 547, 28, 88),
(1607, 902, 547, 20, 59),
(1608, 121, 547, 9, 97),
(1609, 122, 547, 27, 40),
(1610, 196, 547, 17, 99),
(1611, 1013, 547, 34, 11),
(1612, 63, 548, 22, 77),
(1613, 119, 548, 27, 75),
(1614, 565, 548, 21, 115),
(1615, 570, 548, 6, 93),
(1616, 837, 548, 19, 20),
(1617, 465, 549, 19, 69),
(1618, 319, 550, 5, 102),
(1619, 346, 550, 9, 104),
(1620, 95, 551, 4, 100),
(1621, 352, 551, 11, 58),
(1622, 385, 551, 26, 75),
(1623, 830, 551, 21, 37),
(1624, 1001, 551, 26, 84),
(1625, 1189, 551, 21, 117),
(1626, 1152, 552, 2, 86),
(1627, 735, 552, 12, 55),
(1628, 505, 553, 18, 9),
(1629, 506, 553, 23, 9),
(1630, 625, 553, 4, 28),
(1631, 116, 553, 3, 28),
(1632, 122, 555, 8, 115),
(1633, 400, 555, 9, 104),
(1634, 1153, 555, 28, 44),
(1635, 951, 556, 23, 15),
(1636, 1129, 556, 7, 81),
(1637, 1265, 556, 14, 101),
(1638, 323, 556, 27, 66),
(1639, 675, 556, 14, 7),
(1640, 583, 557, 11, 98),
(1641, 684, 557, 29, 107),
(1642, 447, 557, 34, 83),
(1643, 1148, 557, 31, 100),
(1644, 1220, 557, 6, 76),
(1645, 1173, 558, 30, 94),
(1646, 1291, 558, 25, 80),
(1647, 794, 558, 5, 85),
(1648, 939, 559, 13, 37),
(1649, 47, 559, 1, 32),
(1650, 154, 559, 28, 101),
(1651, 1203, 560, 10, 58),
(1652, 1191, 561, 16, 9),
(1653, 124, 561, 18, 34),
(1654, 174, 561, 20, 83),
(1655, 1014, 562, 12, 115),
(1656, 1164, 562, 3, 82),
(1657, 1035, 564, 28, 102),
(1658, 264, 564, 2, 86),
(1659, 730, 564, 23, 38),
(1660, 783, 564, 23, 37),
(1661, 611, 565, 33, 107),
(1662, 754, 565, 23, 29),
(1663, 861, 565, 31, 51),
(1664, 21, 565, 27, 51),
(1665, 39, 565, 22, 57),
(1666, 1055, 565, 23, 35),
(1667, 1295, 566, 25, 27),
(1668, 31, 566, 23, 3),
(1669, 770, 567, 32, 26),
(1670, 884, 567, 15, 113),
(1671, 1006, 568, 26, 81),
(1672, 1262, 568, 4, 108),
(1673, 1197, 569, 9, 56),
(1674, 1261, 569, 7, 67),
(1675, 632, 569, 6, 61),
(1676, 158, 569, 3, 90),
(1677, 299, 569, 31, 20),
(1678, 316, 570, 19, 17),
(1679, 870, 570, 31, 115),
(1680, 1025, 570, 29, 78),
(1681, 1207, 570, 25, 104),
(1682, 1107, 571, 22, 75),
(1683, 504, 571, 27, 89),
(1684, 228, 571, 2, 85),
(1685, 258, 571, 24, 97),
(1686, 141, 572, 31, 115),
(1687, 311, 572, 28, 86),
(1688, 779, 572, 20, 77),
(1689, 1023, 572, 11, 57),
(1690, 1136, 572, 1, 34),
(1691, 126, 573, 24, 96),
(1692, 351, 573, 26, 97),
(1693, 388, 574, 25, 30),
(1694, 989, 574, 9, 96),
(1695, 1141, 574, 23, 115),
(1696, 1290, 574, 8, 93),
(1697, 679, 574, 9, 47),
(1698, 822, 574, 7, 101),
(1699, 1003, 575, 19, 74),
(1700, 917, 576, 30, 37),
(1701, 966, 576, 17, 66),
(1702, 1112, 576, 11, 48),
(1703, 1269, 576, 34, 9),
(1704, 684, 576, 19, 12),
(1705, 691, 576, 6, 1),
(1706, 736, 576, 22, 80),
(1707, 1296, 577, 26, 55),
(1708, 1081, 578, 4, 39),
(1709, 1200, 578, 29, 104),
(1710, 732, 578, 16, 107),
(1711, 33, 578, 15, 17),
(1712, 353, 579, 13, 46),
(1713, 951, 579, 14, 32),
(1714, 1074, 580, 18, 99),
(1715, 1245, 580, 1, 48),
(1716, 1277, 580, 3, 58),
(1717, 329, 580, 24, 76),
(1718, 48, 581, 15, 14),
(1719, 450, 581, 26, 70),
(1720, 1002, 581, 19, 9),
(1721, 34, 584, 2, 88),
(1722, 156, 585, 3, 107),
(1723, 1090, 586, 8, 114),
(1724, 625, 586, 12, 31),
(1725, 819, 587, 21, 45),
(1726, 1057, 587, 7, 16),
(1727, 1160, 587, 5, 72),
(1728, 1238, 587, 4, 28),
(1729, 29, 587, 6, 77),
(1730, 259, 587, 31, 62),
(1731, 314, 587, 27, 25),
(1732, 387, 587, 26, 64),
(1733, 195, 588, 34, 114),
(1734, 211, 588, 22, 95),
(1735, 235, 588, 15, 80),
(1736, 629, 588, 7, 93),
(1737, 826, 588, 16, 74),
(1738, 1016, 589, 6, 65),
(1739, 1084, 589, 8, 8),
(1740, 1114, 590, 24, 16),
(1741, 65, 590, 33, 95),
(1742, 343, 590, 26, 31),
(1743, 382, 591, 24, 83),
(1744, 1021, 591, 27, 84),
(1745, 1170, 591, 23, 72),
(1746, 717, 591, 23, 80),
(1747, 865, 592, 20, 106),
(1748, 909, 592, 20, 78),
(1749, 211, 592, 30, 65),
(1750, 43, 593, 7, 72),
(1751, 233, 593, 9, 1),
(1752, 258, 593, 15, 88),
(1753, 276, 593, 30, 87),
(1754, 820, 593, 8, 48),
(1755, 582, 595, 32, 81),
(1756, 286, 595, 21, 81),
(1757, 619, 596, 7, 67),
(1758, 628, 596, 25, 61),
(1759, 753, 596, 30, 41),
(1760, 777, 597, 28, 38),
(1761, 886, 597, 1, 78),
(1762, 991, 597, 32, 47),
(1763, 1215, 597, 14, 17),
(1764, 411, 598, 19, 91),
(1765, 248, 599, 4, 52),
(1766, 394, 599, 3, 29),
(1767, 996, 599, 28, 116),
(1768, 1280, 599, 28, 86),
(1769, 748, 599, 28, 43),
(1770, 856, 600, 5, 35),
(1771, 454, 600, 9, 89),
(1772, 213, 601, 22, 44),
(1773, 952, 601, 30, 67),
(1774, 1191, 602, 15, 91),
(1775, 621, 602, 9, 116),
(1776, 776, 603, 4, 5),
(1777, 1125, 603, 22, 93),
(1778, 299, 603, 25, 33),
(1779, 357, 604, 12, 91),
(1780, 870, 604, 9, 61),
(1781, 482, 605, 31, 65),
(1782, 827, 605, 4, 110),
(1783, 897, 605, 4, 102),
(1784, 48, 605, 2, 75),
(1785, 115, 605, 26, 91),
(1786, 139, 605, 22, 56),
(1787, 419, 605, 30, 114),
(1788, 1098, 605, 29, 52),
(1789, 1241, 606, 26, 110),
(1790, 328, 606, 33, 20),
(1791, 426, 607, 13, 36),
(1792, 1012, 607, 34, 83),
(1793, 573, 607, 1, 82),
(1794, 612, 607, 2, 14),
(1795, 664, 607, 9, 99),
(1796, 1096, 608, 2, 61),
(1797, 28, 608, 3, 34),
(1798, 265, 608, 8, 118),
(1799, 331, 608, 12, 119),
(1800, 118, 609, 1, 66),
(1801, 346, 609, 20, 54),
(1802, 1007, 609, 25, 118),
(1803, 1067, 609, 11, 100),
(1804, 1236, 609, 15, 107),
(1805, 774, 609, 24, 63),
(1806, 536, 611, 24, 62),
(1807, 630, 611, 6, 117),
(1808, 656, 611, 30, 3),
(1809, 434, 611, 4, 102),
(1810, 231, 612, 26, 91),
(1811, 1201, 612, 17, 82),
(1812, 44, 613, 17, 92),
(1813, 629, 613, 6, 46),
(1814, 27, 614, 1, 78),
(1815, 908, 615, 5, 7),
(1816, 1218, 615, 15, 58),
(1817, 937, 616, 34, 33),
(1818, 1010, 616, 32, 120),
(1819, 1041, 616, 34, 120),
(1820, 661, 616, 15, 27),
(1821, 117, 616, 10, 2),
(1822, 320, 617, 9, 60),
(1823, 340, 618, 32, 90),
(1824, 502, 618, 17, 107),
(1825, 397, 619, 23, 56),
(1826, 718, 620, 2, 48),
(1827, 459, 621, 1, 103),
(1828, 957, 621, 5, 17),
(1829, 1206, 621, 19, 28),
(1830, 1233, 622, 7, 68),
(1831, 602, 622, 21, 38),
(1832, 781, 622, 24, 35),
(1833, 495, 623, 17, 67),
(1834, 1089, 623, 15, 16),
(1835, 113, 623, 10, 76),
(1836, 380, 624, 18, 95),
(1837, 670, 624, 26, 41),
(1838, 750, 625, 20, 43),
(1839, 863, 625, 33, 51),
(1840, 1296, 625, 16, 85),
(1841, 501, 626, 24, 113),
(1842, 141, 626, 13, 104),
(1843, 68, 627, 15, 88),
(1844, 1204, 627, 15, 41),
(1845, 1102, 628, 32, 88),
(1846, 751, 629, 31, 106),
(1847, 677, 630, 9, 90),
(1848, 836, 630, 8, 89),
(1849, 1277, 630, 25, 102),
(1850, 146, 630, 33, 48),
(1851, 917, 631, 28, 49),
(1852, 531, 631, 32, 18),
(1853, 644, 631, 20, 6),
(1854, 674, 631, 9, 5),
(1855, 612, 632, 19, 112),
(1856, 961, 632, 31, 24),
(1857, 32, 632, 7, 6),
(1858, 330, 632, 33, 46),
(1859, 595, 633, 19, 90),
(1860, 546, 634, 22, 6),
(1861, 785, 634, 12, 21),
(1862, 310, 634, 8, 45),
(1863, 45, 635, 29, 74),
(1864, 545, 635, 8, 48),
(1865, 758, 635, 23, 28),
(1866, 1062, 635, 13, 30),
(1867, 1270, 636, 14, 61),
(1868, 600, 636, 9, 49),
(1869, 727, 636, 22, 24),
(1870, 956, 637, 22, 52),
(1871, 77, 637, 29, 111),
(1872, 553, 638, 12, 36),
(1873, 607, 638, 27, 72),
(1874, 765, 638, 27, 22),
(1875, 30, 639, 27, 31),
(1876, 1291, 639, 23, 24),
(1877, 1228, 640, 34, 106),
(1878, 126, 640, 8, 15),
(1879, 856, 640, 8, 66),
(1880, 569, 641, 32, 85),
(1881, 671, 641, 8, 112),
(1882, 748, 641, 2, 78),
(1883, 836, 641, 32, 12),
(1884, 261, 641, 15, 119),
(1885, 933, 641, 12, 51),
(1886, 932, 642, 23, 68),
(1887, 1092, 642, 11, 53),
(1888, 1133, 642, 16, 6),
(1889, 1241, 642, 29, 61),
(1890, 276, 642, 9, 58),
(1891, 490, 642, 25, 46),
(1892, 660, 642, 33, 118),
(1893, 554, 643, 20, 22),
(1894, 718, 643, 21, 89),
(1895, 820, 643, 14, 1),
(1896, 195, 643, 17, 110),
(1897, 1156, 643, 26, 14),
(1898, 1258, 644, 8, 8),
(1899, 626, 644, 17, 43),
(1900, 764, 644, 2, 88),
(1901, 588, 646, 26, 19),
(1902, 744, 646, 29, 71),
(1903, 1162, 646, 12, 116),
(1904, 1169, 646, 9, 71),
(1905, 1287, 646, 26, 64),
(1906, 769, 647, 19, 2),
(1907, 85, 647, 13, 11),
(1908, 336, 649, 2, 24),
(1909, 434, 650, 26, 43),
(1910, 1061, 650, 9, 4),
(1911, 970, 651, 31, 88),
(1912, 1052, 651, 3, 103),
(1913, 1167, 651, 14, 29),
(1914, 781, 651, 26, 7),
(1915, 724, 652, 24, 1),
(1916, 717, 653, 25, 85),
(1917, 1022, 653, 3, 114),
(1918, 1218, 654, 9, 109),
(1919, 506, 654, 12, 70),
(1920, 759, 654, 34, 97),
(1921, 828, 655, 14, 116),
(1922, 947, 656, 33, 50),
(1923, 282, 656, 22, 67),
(1924, 48, 657, 32, 24),
(1925, 173, 657, 22, 70),
(1926, 1285, 657, 3, 63),
(1927, 818, 657, 7, 102),
(1928, 632, 658, 28, 116),
(1929, 1036, 658, 18, 96),
(1930, 1241, 658, 9, 89),
(1931, 1285, 658, 1, 30),
(1932, 225, 658, 29, 59),
(1933, 573, 659, 32, 66),
(1934, 1120, 660, 22, 74),
(1935, 1032, 661, 11, 24),
(1936, 1244, 661, 31, 28),
(1937, 1038, 662, 32, 99),
(1938, 1123, 662, 1, 89),
(1939, 489, 662, 2, 53),
(1940, 660, 662, 14, 81),
(1941, 672, 662, 22, 12),
(1942, 1107, 663, 20, 33),
(1943, 349, 663, 14, 107),
(1944, 29, 664, 4, 28),
(1945, 1181, 664, 11, 38),
(1946, 1014, 665, 4, 102),
(1947, 836, 665, 6, 120),
(1948, 1028, 666, 5, 66),
(1949, 280, 666, 8, 51),
(1950, 441, 667, 10, 13),
(1951, 624, 667, 26, 50),
(1952, 824, 668, 27, 60),
(1953, 18, 668, 19, 111),
(1954, 1214, 668, 14, 13),
(1955, 128, 669, 32, 93),
(1956, 498, 670, 27, 95),
(1957, 93, 671, 20, 72),
(1958, 1024, 671, 22, 29),
(1959, 985, 672, 11, 49),
(1960, 1017, 672, 28, 68),
(1961, 1130, 672, 19, 87),
(1962, 417, 672, 15, 66),
(1963, 239, 673, 30, 42),
(1964, 1185, 673, 24, 55),
(1965, 707, 673, 15, 93),
(1966, 708, 673, 3, 8),
(1967, 552, 674, 30, 69),
(1968, 2, 674, 24, 70),
(1969, 318, 674, 27, 100),
(1970, 13, 675, 27, 71),
(1971, 306, 675, 5, 51),
(1972, 494, 675, 29, 86),
(1973, 880, 676, 28, 100),
(1974, 250, 676, 2, 114),
(1975, 936, 676, 10, 106),
(1976, 1032, 676, 24, 35),
(1977, 1168, 676, 11, 39),
(1978, 1243, 677, 28, 39),
(1979, 941, 678, 4, 15),
(1980, 1164, 678, 30, 30),
(1981, 686, 678, 33, 104),
(1982, 889, 678, 12, 32),
(1983, 525, 679, 19, 77),
(1984, 795, 679, 7, 117),
(1985, 948, 679, 13, 12),
(1986, 1292, 679, 10, 47),
(1987, 811, 680, 26, 17),
(1988, 487, 681, 3, 63),
(1989, 56, 681, 30, 14),
(1990, 277, 681, 17, 83),
(1991, 88, 682, 9, 85),
(1992, 319, 682, 25, 73),
(1993, 437, 682, 1, 93),
(1994, 451, 682, 17, 110),
(1995, 1150, 682, 32, 63),
(1996, 930, 683, 30, 73),
(1997, 1075, 683, 11, 59),
(1998, 1269, 683, 17, 77),
(1999, 624, 683, 33, 100),
(2000, 742, 683, 27, 85),
(2001, 605, 684, 19, 50),
(2002, 831, 685, 25, 111),
(2003, 280, 685, 19, 2),
(2004, 295, 685, 22, 81),
(2005, 416, 685, 31, 31),
(2006, 345, 686, 13, 54),
(2007, 557, 686, 23, 108),
(2008, 719, 686, 13, 35),
(2009, 1075, 686, 33, 100),
(2010, 1152, 686, 8, 45),
(2011, 1246, 686, 15, 15),
(2012, 349, 687, 6, 82),
(2013, 425, 688, 1, 64),
(2014, 428, 688, 12, 70),
(2015, 1028, 688, 12, 6),
(2016, 1290, 688, 2, 93),
(2017, 1031, 689, 26, 12),
(2018, 1060, 689, 7, 38),
(2019, 184, 689, 1, 28),
(2020, 118, 690, 24, 82),
(2021, 1117, 690, 26, 60),
(2022, 1131, 690, 33, 22),
(2023, 269, 691, 30, 95),
(2024, 691, 691, 9, 76),
(2025, 499, 692, 12, 118),
(2026, 243, 692, 9, 96),
(2027, 355, 692, 29, 3),
(2028, 1131, 692, 21, 46),
(2029, 1203, 692, 31, 106),
(2030, 920, 693, 3, 48),
(2031, 106, 693, 2, 28),
(2032, 178, 693, 9, 22),
(2033, 879, 693, 18, 20),
(2034, 568, 694, 28, 89),
(2035, 575, 695, 9, 37),
(2036, 835, 695, 1, 92),
(2037, 313, 695, 34, 36),
(2038, 113, 696, 26, 37),
(2039, 713, 696, 6, 100),
(2040, 590, 697, 29, 110),
(2041, 1110, 697, 8, 1),
(2042, 793, 698, 22, 47),
(2043, 351, 698, 19, 92),
(2044, 52, 699, 14, 79),
(2045, 473, 699, 5, 9),
(2046, 676, 699, 32, 8),
(2047, 662, 700, 25, 108),
(2048, 923, 700, 16, 117),
(2049, 1046, 700, 14, 103),
(2050, 1150, 701, 15, 105),
(2051, 473, 702, 16, 31),
(2052, 724, 703, 26, 30),
(2053, 852, 703, 29, 49),
(2054, 380, 703, 31, 58),
(2055, 433, 703, 28, 38),
(2056, 1007, 704, 32, 87),
(2057, 1158, 705, 1, 48),
(2058, 131, 705, 4, 86),
(2059, 319, 705, 4, 36),
(2060, 44, 706, 8, 91),
(2061, 138, 706, 17, 80),
(2062, 995, 706, 4, 90),
(2063, 1006, 706, 3, 20),
(2064, 1110, 706, 19, 72),
(2065, 575, 706, 9, 18),
(2066, 671, 707, 12, 65),
(2067, 1196, 707, 3, 75),
(2068, 905, 708, 19, 17),
(2069, 291, 708, 30, 1),
(2070, 887, 709, 26, 57),
(2071, 1081, 709, 20, 68),
(2072, 165, 710, 27, 34),
(2073, 237, 710, 16, 11),
(2074, 1011, 711, 33, 76),
(2075, 1104, 711, 27, 15),
(2076, 29, 712, 5, 112),
(2077, 30, 712, 10, 13),
(2078, 133, 712, 14, 83),
(2079, 405, 712, 21, 36),
(2080, 415, 712, 12, 107),
(2081, 419, 712, 14, 45),
(2082, 693, 712, 14, 35),
(2083, 716, 713, 34, 79),
(2084, 847, 713, 29, 37),
(2085, 504, 714, 18, 51),
(2086, 526, 714, 29, 23),
(2087, 123, 714, 27, 15),
(2088, 1008, 714, 27, 49),
(2089, 1122, 715, 19, 6),
(2090, 554, 715, 16, 98),
(2091, 554, 715, 7, 82),
(2092, 867, 715, 26, 67),
(2093, 664, 716, 18, 88),
(2094, 716, 716, 8, 98),
(2095, 866, 716, 21, 35),
(2096, 1022, 716, 9, 34),
(2097, 1024, 716, 19, 85),
(2098, 163, 716, 21, 65),
(2099, 133, 717, 14, 28),
(2100, 1136, 717, 8, 31),
(2101, 719, 717, 16, 24),
(2102, 1212, 718, 9, 56),
(2103, 979, 719, 32, 72),
(2104, 1117, 719, 29, 117),
(2105, 513, 719, 13, 64),
(2106, 679, 719, 1, 66),
(2107, 822, 719, 24, 35),
(2108, 20, 719, 6, 101),
(2109, 716, 720, 9, 72),
(2110, 867, 720, 19, 1),
(2111, 558, 721, 17, 17),
(2112, 655, 721, 5, 22),
(2113, 336, 721, 29, 61),
(2114, 124, 722, 9, 74),
(2115, 221, 722, 10, 64),
(2116, 243, 722, 27, 116),
(2117, 613, 723, 26, 1),
(2118, 660, 723, 24, 105),
(2119, 938, 723, 31, 50),
(2120, 1282, 723, 3, 106),
(2121, 1240, 724, 7, 117),
(2122, 612, 724, 10, 12),
(2123, 679, 724, 9, 45),
(2124, 691, 724, 8, 52),
(2125, 603, 726, 17, 104),
(2126, 1232, 726, 16, 78),
(2127, 1163, 727, 9, 49),
(2128, 553, 727, 1, 110),
(2129, 816, 727, 2, 61),
(2130, 230, 727, 33, 96),
(2131, 295, 727, 2, 71),
(2132, 380, 727, 4, 33),
(2133, 99, 728, 18, 71),
(2134, 1081, 729, 11, 105),
(2135, 1023, 730, 21, 113);
INSERT INTO `fact_esecuzione` (`id_esecuzione`, `lavorazione_id`, `prodotto_id`, `dipendente_id`, `tempo`) VALUES
(2136, 1070, 730, 11, 110),
(2137, 1105, 730, 20, 64),
(2138, 1284, 730, 11, 58),
(2139, 494, 730, 1, 5),
(2140, 496, 731, 8, 59),
(2141, 659, 731, 24, 68),
(2142, 911, 732, 31, 30),
(2143, 236, 732, 12, 77),
(2144, 821, 733, 18, 63),
(2145, 730, 734, 27, 87),
(2146, 861, 734, 7, 119),
(2147, 75, 734, 20, 88),
(2148, 173, 734, 33, 72),
(2149, 440, 734, 2, 45),
(2150, 1199, 734, 3, 82),
(2151, 1142, 735, 5, 102),
(2152, 236, 735, 12, 12),
(2153, 331, 735, 22, 91),
(2154, 352, 735, 7, 62),
(2155, 400, 735, 7, 113),
(2156, 669, 735, 23, 55),
(2157, 670, 735, 11, 118),
(2158, 689, 737, 15, 45),
(2159, 372, 737, 7, 46),
(2160, 746, 738, 30, 104),
(2161, 1268, 738, 31, 71),
(2162, 994, 739, 12, 120),
(2163, 689, 740, 26, 96),
(2164, 731, 742, 5, 29),
(2165, 80, 742, 24, 116),
(2166, 183, 742, 21, 62),
(2167, 363, 743, 12, 112),
(2168, 788, 743, 20, 2),
(2169, 1285, 743, 29, 69),
(2170, 878, 744, 7, 92),
(2171, 22, 744, 16, 56),
(2172, 58, 744, 23, 102),
(2173, 144, 745, 7, 7),
(2174, 634, 745, 19, 49),
(2175, 721, 745, 31, 98),
(2176, 1241, 745, 6, 93),
(2177, 1240, 746, 11, 97),
(2178, 478, 746, 4, 110),
(2179, 1025, 747, 22, 109),
(2180, 1240, 747, 31, 50),
(2181, 693, 748, 28, 30),
(2182, 701, 748, 8, 15),
(2183, 55, 748, 11, 9),
(2184, 100, 748, 5, 15),
(2185, 300, 749, 10, 97),
(2186, 1267, 749, 30, 91),
(2187, 709, 750, 29, 96),
(2188, 900, 750, 13, 56),
(2189, 534, 751, 5, 99),
(2190, 896, 751, 20, 99),
(2191, 1149, 751, 13, 102),
(2192, 1288, 751, 11, 110),
(2193, 1279, 752, 33, 27),
(2194, 712, 752, 1, 72),
(2195, 111, 752, 11, 108),
(2196, 246, 753, 22, 116),
(2197, 299, 753, 7, 24),
(2198, 546, 753, 33, 49),
(2199, 1119, 753, 15, 72),
(2200, 961, 754, 16, 88),
(2201, 995, 755, 13, 90),
(2202, 1153, 755, 32, 35),
(2203, 522, 755, 7, 19),
(2204, 632, 755, 1, 62),
(2205, 263, 755, 32, 10),
(2206, 523, 756, 4, 25),
(2207, 1174, 756, 22, 80),
(2208, 1052, 757, 23, 65),
(2209, 895, 757, 14, 15),
(2210, 208, 757, 13, 43),
(2211, 214, 757, 32, 43),
(2212, 269, 757, 17, 115),
(2213, 123, 758, 13, 2),
(2214, 207, 758, 27, 7),
(2215, 934, 758, 11, 14),
(2216, 102, 759, 28, 65),
(2217, 388, 759, 11, 25),
(2218, 931, 760, 14, 57),
(2219, 1004, 760, 7, 108),
(2220, 1294, 760, 5, 105),
(2221, 1228, 761, 14, 40),
(2222, 1254, 761, 11, 34),
(2223, 712, 761, 32, 68),
(2224, 728, 761, 18, 48),
(2225, 793, 762, 9, 65),
(2226, 956, 762, 13, 46),
(2227, 1176, 762, 20, 54),
(2228, 1182, 763, 11, 114),
(2229, 759, 763, 6, 34),
(2230, 19, 763, 26, 92),
(2231, 133, 763, 31, 108),
(2232, 269, 763, 15, 41),
(2233, 345, 763, 6, 112),
(2234, 1196, 764, 25, 6),
(2235, 962, 765, 22, 9),
(2236, 1103, 765, 21, 72),
(2237, 402, 765, 32, 38),
(2238, 1041, 766, 20, 80),
(2239, 1192, 766, 34, 34),
(2240, 536, 766, 32, 52),
(2241, 674, 766, 17, 97),
(2242, 486, 767, 31, 42),
(2243, 894, 767, 26, 62),
(2244, 945, 767, 33, 64),
(2245, 930, 768, 28, 109),
(2246, 1196, 768, 26, 97),
(2247, 614, 770, 27, 22),
(2248, 756, 770, 8, 19),
(2249, 815, 770, 2, 120),
(2250, 120, 770, 20, 109),
(2251, 1, 771, 34, 31),
(2252, 248, 771, 5, 68),
(2253, 655, 771, 13, 18),
(2254, 1234, 771, 5, 101),
(2255, 1287, 771, 20, 66),
(2256, 993, 772, 7, 62),
(2257, 488, 772, 27, 112),
(2258, 89, 772, 12, 13),
(2259, 148, 772, 33, 71),
(2260, 188, 773, 2, 18),
(2261, 1297, 773, 13, 107),
(2262, 853, 774, 14, 47),
(2263, 987, 775, 22, 107),
(2264, 1287, 775, 16, 33),
(2265, 1004, 776, 25, 116),
(2266, 1042, 776, 18, 51),
(2267, 473, 776, 3, 26),
(2268, 1210, 777, 28, 68),
(2269, 1232, 777, 17, 27),
(2270, 195, 777, 25, 94),
(2271, 190, 778, 26, 2),
(2272, 376, 778, 10, 49),
(2273, 796, 778, 13, 100),
(2274, 645, 779, 28, 87),
(2275, 1076, 779, 16, 85),
(2276, 988, 780, 33, 76),
(2277, 1059, 780, 32, 21),
(2278, 522, 780, 16, 34),
(2279, 740, 780, 13, 6),
(2280, 838, 780, 11, 19),
(2281, 279, 780, 22, 108),
(2282, 504, 781, 7, 69),
(2283, 594, 781, 20, 7),
(2284, 1192, 781, 10, 23),
(2285, 1200, 781, 1, 93),
(2286, 1219, 781, 14, 39),
(2287, 518, 782, 33, 72),
(2288, 561, 782, 1, 48),
(2289, 378, 782, 10, 76),
(2290, 36, 783, 7, 97),
(2291, 147, 783, 33, 30),
(2292, 666, 783, 30, 81),
(2293, 754, 783, 7, 93),
(2294, 1271, 783, 29, 36),
(2295, 87, 784, 12, 44),
(2296, 93, 784, 7, 86),
(2297, 104, 784, 28, 29),
(2298, 446, 784, 32, 9),
(2299, 397, 785, 12, 49),
(2300, 428, 785, 21, 106),
(2301, 455, 785, 8, 80),
(2302, 552, 785, 18, 55),
(2303, 621, 785, 25, 48),
(2304, 678, 785, 12, 116),
(2305, 213, 786, 17, 44),
(2306, 419, 786, 12, 41),
(2307, 1033, 786, 31, 101),
(2308, 1286, 786, 25, 82),
(2309, 1033, 787, 27, 101),
(2310, 1229, 787, 12, 11),
(2311, 47, 787, 17, 7),
(2312, 230, 787, 32, 20),
(2313, 284, 787, 20, 21),
(2314, 820, 787, 16, 1),
(2315, 482, 788, 3, 98),
(2316, 648, 789, 25, 35),
(2317, 1147, 789, 1, 41),
(2318, 1277, 790, 19, 72),
(2319, 172, 790, 22, 67),
(2320, 530, 791, 24, 65),
(2321, 369, 792, 33, 8),
(2322, 221, 793, 7, 29),
(2323, 445, 793, 12, 51),
(2324, 454, 793, 11, 14),
(2325, 339, 794, 27, 80),
(2326, 584, 794, 32, 27),
(2327, 1297, 795, 18, 74),
(2328, 449, 796, 6, 13),
(2329, 426, 797, 8, 75),
(2330, 1198, 797, 30, 72),
(2331, 1224, 797, 26, 89),
(2332, 495, 797, 34, 112),
(2333, 549, 797, 19, 80),
(2334, 879, 797, 16, 18),
(2335, 499, 798, 9, 91),
(2336, 995, 798, 8, 69),
(2337, 284, 798, 20, 63),
(2338, 133, 799, 9, 39),
(2339, 433, 800, 18, 92),
(2340, 437, 800, 6, 60),
(2341, 961, 800, 27, 30),
(2342, 1201, 800, 28, 4),
(2343, 1269, 800, 6, 24),
(2344, 475, 800, 18, 54),
(2345, 893, 801, 13, 72),
(2346, 1135, 801, 9, 87),
(2347, 1194, 801, 27, 96),
(2348, 222, 801, 19, 33),
(2349, 1241, 802, 2, 49),
(2350, 637, 802, 1, 65),
(2351, 826, 802, 3, 36),
(2352, 833, 803, 8, 84),
(2353, 392, 803, 16, 75),
(2354, 1186, 804, 15, 83),
(2355, 44, 805, 30, 34),
(2356, 67, 805, 5, 57),
(2357, 41, 807, 8, 35),
(2358, 137, 807, 21, 96),
(2359, 1145, 807, 24, 38),
(2360, 933, 808, 17, 10),
(2361, 60, 808, 19, 95),
(2362, 321, 808, 15, 21),
(2363, 553, 808, 18, 45),
(2364, 704, 808, 16, 54),
(2365, 718, 808, 33, 98),
(2366, 94, 809, 2, 43),
(2367, 408, 809, 6, 80),
(2368, 121, 810, 17, 99),
(2369, 211, 810, 28, 37),
(2370, 327, 811, 31, 56),
(2371, 178, 812, 4, 31),
(2372, 617, 812, 34, 17),
(2373, 756, 812, 19, 88),
(2374, 1043, 812, 24, 84),
(2375, 1066, 813, 7, 66),
(2376, 1253, 813, 30, 31),
(2377, 704, 813, 31, 9),
(2378, 404, 813, 10, 105),
(2379, 906, 814, 14, 61),
(2380, 970, 814, 24, 55),
(2381, 895, 815, 10, 2),
(2382, 1296, 816, 6, 45),
(2383, 216, 816, 5, 72),
(2384, 291, 816, 19, 68),
(2385, 381, 817, 16, 25),
(2386, 699, 817, 7, 75),
(2387, 851, 818, 12, 85),
(2388, 177, 818, 34, 56),
(2389, 428, 818, 32, 64),
(2390, 447, 818, 2, 21),
(2391, 389, 819, 9, 25),
(2392, 763, 819, 31, 4),
(2393, 759, 820, 31, 79),
(2394, 253, 820, 23, 18),
(2395, 27, 822, 32, 21),
(2396, 166, 822, 23, 73),
(2397, 743, 822, 20, 40),
(2398, 1044, 822, 25, 75),
(2399, 1148, 822, 32, 17),
(2400, 1207, 822, 21, 66),
(2401, 917, 823, 7, 43),
(2402, 943, 823, 32, 88),
(2403, 1083, 823, 4, 49),
(2404, 636, 823, 12, 64),
(2405, 649, 823, 34, 112),
(2406, 539, 824, 13, 77),
(2407, 1043, 824, 31, 108),
(2408, 1212, 824, 15, 55),
(2409, 1213, 824, 2, 102),
(2410, 1215, 824, 22, 25),
(2411, 1296, 824, 10, 96),
(2412, 43, 824, 1, 68),
(2413, 132, 824, 13, 101),
(2414, 148, 824, 24, 51),
(2415, 1055, 825, 10, 39),
(2416, 1078, 825, 16, 101),
(2417, 1017, 826, 25, 9),
(2418, 463, 826, 6, 9),
(2419, 1050, 827, 5, 22),
(2420, 1139, 827, 18, 32),
(2421, 1064, 828, 4, 17),
(2422, 1075, 828, 19, 99),
(2423, 538, 828, 33, 93),
(2424, 722, 828, 6, 45),
(2425, 790, 828, 22, 5),
(2426, 598, 829, 17, 30),
(2427, 605, 829, 33, 101),
(2428, 1273, 829, 10, 16),
(2429, 371, 829, 3, 49),
(2430, 7, 830, 29, 14),
(2431, 135, 830, 23, 46),
(2432, 689, 830, 20, 106),
(2433, 363, 831, 34, 8),
(2434, 1101, 831, 10, 75),
(2435, 1288, 831, 13, 106),
(2436, 1076, 832, 26, 32),
(2437, 159, 832, 18, 35),
(2438, 317, 832, 29, 17),
(2439, 599, 832, 29, 86),
(2440, 907, 832, 4, 43),
(2441, 630, 833, 16, 12),
(2442, 60, 833, 16, 93),
(2443, 1089, 833, 26, 81),
(2444, 1122, 833, 28, 72),
(2445, 1251, 834, 16, 109),
(2446, 1279, 834, 3, 101),
(2447, 1300, 834, 12, 44),
(2448, 32, 834, 2, 87),
(2449, 160, 834, 2, 79),
(2450, 381, 834, 31, 86),
(2451, 361, 835, 24, 79),
(2452, 919, 835, 28, 17),
(2453, 1168, 835, 2, 31),
(2454, 461, 836, 19, 113),
(2455, 753, 836, 23, 71),
(2456, 465, 837, 28, 52),
(2457, 498, 838, 9, 2),
(2458, 615, 838, 34, 63),
(2459, 664, 838, 33, 19),
(2460, 950, 838, 18, 10),
(2461, 967, 838, 2, 54),
(2462, 1078, 838, 3, 44),
(2463, 52, 838, 4, 44),
(2464, 263, 839, 16, 107),
(2465, 406, 839, 26, 119),
(2466, 960, 839, 5, 55),
(2467, 1220, 839, 17, 33),
(2468, 1055, 840, 13, 18),
(2469, 1165, 840, 14, 47),
(2470, 840, 840, 28, 102),
(2471, 1108, 841, 13, 11),
(2472, 1055, 842, 21, 70),
(2473, 124, 842, 27, 93),
(2474, 1057, 843, 31, 84),
(2475, 776, 843, 17, 26),
(2476, 866, 843, 1, 102),
(2477, 821, 844, 1, 23),
(2478, 728, 845, 8, 97),
(2479, 1156, 845, 8, 26),
(2480, 1111, 846, 31, 74),
(2481, 595, 846, 18, 49),
(2482, 1, 846, 18, 30),
(2483, 334, 846, 29, 39),
(2484, 116, 847, 15, 88),
(2485, 672, 847, 32, 28),
(2486, 56, 848, 22, 50),
(2487, 104, 849, 29, 11),
(2488, 475, 849, 23, 44),
(2489, 492, 849, 15, 93),
(2490, 1038, 849, 26, 106),
(2491, 1187, 849, 7, 104),
(2492, 486, 850, 5, 8),
(2493, 489, 851, 27, 109),
(2494, 788, 851, 30, 29),
(2495, 1054, 851, 19, 35),
(2496, 1108, 851, 4, 24),
(2497, 11, 851, 8, 8),
(2498, 23, 851, 4, 18),
(2499, 979, 852, 15, 21),
(2500, 1091, 852, 22, 101),
(2501, 561, 852, 18, 60),
(2502, 689, 852, 30, 3),
(2503, 699, 852, 11, 43),
(2504, 838, 853, 31, 2),
(2505, 312, 853, 20, 13),
(2506, 449, 853, 18, 96),
(2507, 22, 854, 8, 86),
(2508, 643, 854, 13, 91),
(2509, 627, 855, 26, 106),
(2510, 851, 856, 26, 120),
(2511, 142, 856, 9, 84),
(2512, 186, 856, 19, 53),
(2513, 165, 858, 27, 98),
(2514, 276, 859, 29, 27),
(2515, 843, 859, 22, 56),
(2516, 792, 860, 30, 119),
(2517, 72, 860, 8, 95),
(2518, 1093, 860, 29, 50),
(2519, 1219, 860, 17, 65),
(2520, 1045, 861, 12, 1),
(2521, 390, 861, 12, 11),
(2522, 471, 861, 18, 80),
(2523, 507, 862, 20, 17),
(2524, 615, 862, 13, 27),
(2525, 23, 862, 30, 110),
(2526, 309, 863, 20, 57),
(2527, 885, 863, 28, 50),
(2528, 1130, 863, 11, 32),
(2529, 500, 864, 16, 7),
(2530, 853, 864, 1, 73),
(2531, 12, 864, 14, 72),
(2532, 582, 865, 15, 21),
(2533, 827, 866, 31, 67),
(2534, 204, 866, 10, 23),
(2535, 347, 866, 18, 35),
(2536, 1105, 866, 34, 108),
(2537, 428, 867, 16, 88),
(2538, 69, 868, 6, 48),
(2539, 476, 868, 10, 76),
(2540, 810, 869, 1, 10),
(2541, 151, 869, 8, 29),
(2542, 559, 870, 10, 25),
(2543, 791, 870, 4, 68),
(2544, 926, 870, 7, 97),
(2545, 1074, 871, 1, 14),
(2546, 1127, 871, 22, 30),
(2547, 1295, 871, 9, 76),
(2548, 1196, 872, 16, 28),
(2549, 468, 873, 11, 19),
(2550, 714, 874, 28, 26),
(2551, 1022, 874, 30, 75),
(2552, 1217, 874, 16, 6),
(2553, 25, 874, 17, 67),
(2554, 1284, 875, 32, 43),
(2555, 781, 875, 21, 28),
(2556, 572, 876, 20, 103),
(2557, 677, 876, 12, 59),
(2558, 653, 877, 3, 118),
(2559, 676, 877, 22, 107),
(2560, 837, 877, 5, 73),
(2561, 1292, 877, 27, 47),
(2562, 141, 878, 27, 15),
(2563, 115, 879, 15, 115),
(2564, 451, 879, 4, 8),
(2565, 933, 879, 8, 66),
(2566, 697, 879, 18, 81),
(2567, 11, 880, 6, 57),
(2568, 442, 881, 27, 56),
(2569, 1248, 881, 13, 20),
(2570, 1091, 882, 34, 47),
(2571, 670, 882, 19, 88),
(2572, 850, 882, 32, 115),
(2573, 584, 883, 5, 85),
(2574, 602, 883, 16, 26),
(2575, 186, 884, 13, 108),
(2576, 169, 885, 32, 95),
(2577, 219, 885, 25, 65),
(2578, 470, 885, 27, 102),
(2579, 495, 885, 25, 41),
(2580, 873, 885, 14, 80),
(2581, 949, 885, 19, 14),
(2582, 1289, 885, 30, 113),
(2583, 800, 886, 8, 16),
(2584, 8, 886, 14, 46),
(2585, 90, 886, 25, 53),
(2586, 92, 887, 20, 87),
(2587, 1258, 887, 27, 45),
(2588, 1082, 888, 14, 5),
(2589, 7, 888, 21, 56),
(2590, 84, 889, 24, 83),
(2591, 168, 889, 33, 45),
(2592, 443, 889, 25, 69),
(2593, 1081, 889, 24, 37),
(2594, 517, 889, 30, 120),
(2595, 611, 890, 4, 52),
(2596, 1040, 890, 26, 34),
(2597, 41, 890, 3, 63),
(2598, 318, 890, 23, 105),
(2599, 426, 891, 8, 43),
(2600, 738, 891, 16, 59),
(2601, 871, 891, 29, 76),
(2602, 880, 892, 23, 76),
(2603, 2, 892, 9, 8),
(2604, 964, 892, 23, 71),
(2605, 1293, 893, 27, 73),
(2606, 63, 893, 10, 25),
(2607, 282, 893, 18, 17),
(2608, 420, 894, 21, 42),
(2609, 449, 894, 20, 18),
(2610, 767, 895, 12, 64),
(2611, 865, 895, 29, 92),
(2612, 655, 896, 24, 80),
(2613, 776, 896, 31, 33),
(2614, 228, 896, 18, 23),
(2615, 1197, 896, 1, 62),
(2616, 952, 897, 34, 60),
(2617, 150, 897, 24, 107),
(2618, 587, 897, 19, 116),
(2619, 847, 897, 9, 12),
(2620, 866, 898, 30, 96),
(2621, 353, 898, 11, 87),
(2622, 20, 900, 13, 80),
(2623, 579, 900, 15, 76),
(2624, 1083, 900, 1, 103),
(2625, 922, 901, 27, 112),
(2626, 962, 901, 1, 83),
(2627, 970, 901, 2, 51),
(2628, 728, 901, 28, 64),
(2629, 741, 901, 31, 92),
(2630, 520, 902, 3, 4),
(2631, 1021, 902, 30, 119),
(2632, 1049, 903, 21, 113),
(2633, 912, 903, 25, 12),
(2634, 363, 903, 7, 80),
(2635, 787, 904, 33, 30),
(2636, 845, 904, 10, 95),
(2637, 912, 905, 26, 92),
(2638, 1253, 905, 3, 115),
(2639, 46, 906, 23, 45),
(2640, 106, 907, 11, 7),
(2641, 120, 907, 17, 51),
(2642, 134, 907, 16, 63),
(2643, 415, 907, 28, 59),
(2644, 1162, 907, 28, 113),
(2645, 531, 907, 22, 3),
(2646, 729, 908, 20, 93),
(2647, 1022, 909, 16, 87),
(2648, 315, 909, 15, 3),
(2649, 193, 910, 26, 55),
(2650, 207, 910, 6, 104),
(2651, 514, 910, 4, 90),
(2652, 480, 911, 4, 44),
(2653, 605, 911, 28, 49),
(2654, 776, 911, 16, 25),
(2655, 966, 911, 14, 21),
(2656, 1280, 912, 32, 115),
(2657, 115, 912, 24, 53),
(2658, 197, 913, 14, 9),
(2659, 377, 913, 14, 6),
(2660, 560, 913, 19, 17),
(2661, 492, 914, 26, 65),
(2662, 586, 914, 20, 24),
(2663, 980, 914, 27, 92),
(2664, 1196, 914, 30, 66),
(2665, 784, 915, 21, 112),
(2666, 308, 915, 16, 13),
(2667, 78, 916, 15, 7),
(2668, 778, 916, 13, 104),
(2669, 1193, 916, 24, 2),
(2670, 1001, 917, 8, 43),
(2671, 1009, 917, 10, 17),
(2672, 310, 917, 19, 119),
(2673, 1178, 918, 8, 42),
(2674, 536, 918, 33, 98),
(2675, 927, 919, 13, 3),
(2676, 939, 919, 2, 111),
(2677, 1138, 919, 31, 53),
(2678, 379, 919, 31, 12),
(2679, 70, 920, 11, 76),
(2680, 111, 920, 18, 78),
(2681, 241, 920, 30, 64),
(2682, 995, 920, 31, 69),
(2683, 1057, 920, 22, 30),
(2684, 1269, 921, 2, 58),
(2685, 209, 921, 18, 48),
(2686, 526, 922, 15, 37),
(2687, 556, 922, 5, 47),
(2688, 877, 922, 24, 60),
(2689, 41, 923, 31, 56),
(2690, 102, 923, 12, 5),
(2691, 306, 923, 31, 95),
(2692, 454, 923, 5, 35),
(2693, 449, 924, 23, 15),
(2694, 725, 924, 17, 104),
(2695, 833, 925, 17, 57),
(2696, 913, 925, 5, 116),
(2697, 1053, 925, 10, 73),
(2698, 1243, 925, 28, 23),
(2699, 1100, 927, 3, 64),
(2700, 296, 928, 20, 115),
(2701, 1222, 929, 11, 23),
(2702, 517, 929, 11, 103),
(2703, 851, 929, 29, 70),
(2704, 740, 930, 10, 16),
(2705, 229, 930, 18, 72),
(2706, 230, 930, 6, 4),
(2707, 26, 931, 26, 79),
(2708, 86, 931, 17, 99),
(2709, 130, 931, 10, 106),
(2710, 932, 931, 26, 39),
(2711, 65, 932, 34, 113),
(2712, 175, 932, 26, 52),
(2713, 565, 932, 12, 3),
(2714, 825, 933, 23, 61),
(2715, 862, 933, 29, 3),
(2716, 391, 933, 2, 25),
(2717, 1125, 933, 23, 47),
(2718, 1082, 934, 4, 93),
(2719, 8, 934, 31, 32),
(2720, 387, 934, 30, 57),
(2721, 458, 934, 31, 116),
(2722, 510, 935, 16, 41),
(2723, 36, 935, 17, 8),
(2724, 76, 935, 25, 27),
(2725, 196, 935, 5, 98),
(2726, 277, 935, 17, 82),
(2727, 1252, 935, 22, 74),
(2728, 374, 936, 21, 111),
(2729, 768, 936, 13, 75),
(2730, 481, 938, 23, 101),
(2731, 512, 938, 23, 35),
(2732, 805, 938, 6, 103),
(2733, 17, 938, 16, 98),
(2734, 371, 938, 14, 48),
(2735, 155, 939, 4, 48),
(2736, 293, 939, 8, 69),
(2737, 705, 939, 33, 51),
(2738, 601, 940, 16, 16),
(2739, 613, 940, 34, 117),
(2740, 603, 941, 1, 32),
(2741, 953, 941, 28, 52),
(2742, 431, 942, 29, 108),
(2743, 148, 944, 7, 111),
(2744, 221, 944, 20, 112),
(2745, 1154, 944, 13, 57),
(2746, 1214, 944, 10, 106),
(2747, 1238, 944, 24, 31),
(2748, 333, 945, 33, 58),
(2749, 493, 945, 14, 34),
(2750, 478, 946, 23, 77),
(2751, 804, 946, 28, 14),
(2752, 32, 947, 29, 40),
(2753, 1155, 947, 5, 108),
(2754, 453, 948, 18, 62),
(2755, 866, 948, 9, 22),
(2756, 737, 949, 18, 72),
(2757, 596, 950, 26, 5),
(2758, 32, 950, 20, 8),
(2759, 376, 950, 19, 91),
(2760, 1289, 950, 26, 16),
(2761, 1082, 951, 11, 54),
(2762, 1153, 951, 16, 93),
(2763, 1156, 951, 18, 104),
(2764, 447, 951, 1, 71),
(2765, 433, 952, 8, 32),
(2766, 989, 952, 22, 67),
(2767, 1246, 953, 19, 117),
(2768, 1255, 955, 26, 12),
(2769, 602, 955, 12, 48),
(2770, 618, 955, 11, 81),
(2771, 711, 955, 2, 25),
(2772, 517, 956, 7, 80),
(2773, 1104, 956, 30, 52),
(2774, 59, 956, 24, 74),
(2775, 233, 957, 1, 2),
(2776, 900, 957, 19, 78),
(2777, 817, 958, 5, 47),
(2778, 111, 959, 4, 91),
(2779, 1276, 959, 1, 91),
(2780, 54, 960, 32, 107),
(2781, 83, 960, 29, 35),
(2782, 1020, 961, 14, 75),
(2783, 1151, 961, 19, 111),
(2784, 492, 961, 30, 83),
(2785, 721, 961, 25, 48),
(2786, 758, 961, 27, 48),
(2787, 522, 962, 22, 85),
(2788, 21, 962, 18, 81),
(2789, 143, 963, 3, 76),
(2790, 303, 963, 4, 51),
(2791, 393, 963, 21, 106),
(2792, 855, 963, 8, 41),
(2793, 952, 964, 20, 38),
(2794, 249, 965, 25, 112),
(2795, 255, 966, 16, 59),
(2796, 1136, 966, 26, 119),
(2797, 1067, 967, 1, 42),
(2798, 1281, 967, 25, 99),
(2799, 375, 967, 19, 36),
(2800, 162, 968, 1, 48),
(2801, 1205, 968, 20, 109),
(2802, 659, 968, 32, 70),
(2803, 714, 969, 2, 67),
(2804, 785, 969, 25, 72),
(2805, 1231, 969, 9, 18),
(2806, 115, 969, 18, 113),
(2807, 272, 969, 14, 65),
(2808, 61, 970, 19, 12),
(2809, 390, 970, 18, 26),
(2810, 1064, 970, 9, 31),
(2811, 1125, 971, 26, 62),
(2812, 57, 971, 25, 79),
(2813, 1097, 972, 24, 4),
(2814, 531, 972, 22, 84),
(2815, 796, 973, 16, 89),
(2816, 1134, 973, 26, 56),
(2817, 317, 973, 31, 111),
(2818, 434, 973, 34, 65),
(2819, 31, 974, 12, 30),
(2820, 711, 974, 15, 82),
(2821, 654, 975, 11, 73),
(2822, 113, 975, 15, 69),
(2823, 1218, 975, 25, 2),
(2824, 247, 976, 2, 51),
(2825, 270, 976, 12, 111),
(2826, 406, 976, 16, 101),
(2827, 508, 976, 27, 87),
(2828, 760, 976, 12, 22),
(2829, 831, 976, 24, 39),
(2830, 781, 977, 3, 102),
(2831, 13, 977, 1, 15),
(2832, 248, 977, 18, 90),
(2833, 996, 977, 13, 93),
(2834, 80, 978, 4, 105),
(2835, 425, 978, 20, 18),
(2836, 804, 978, 13, 118),
(2837, 335, 979, 1, 28),
(2838, 1085, 979, 8, 85),
(2839, 1227, 980, 16, 68),
(2840, 70, 980, 22, 120),
(2841, 119, 980, 5, 64),
(2842, 166, 980, 27, 49),
(2843, 388, 980, 9, 34),
(2844, 237, 981, 2, 6),
(2845, 962, 981, 27, 80),
(2846, 984, 981, 31, 41),
(2847, 1061, 981, 15, 111),
(2848, 1200, 981, 31, 55),
(2849, 1265, 981, 15, 90),
(2850, 16, 982, 19, 51),
(2851, 190, 982, 18, 49),
(2852, 471, 982, 24, 27),
(2853, 788, 983, 3, 15),
(2854, 934, 983, 19, 115),
(2855, 677, 984, 32, 2),
(2856, 835, 985, 32, 114),
(2857, 43, 985, 22, 58),
(2858, 187, 985, 10, 35),
(2859, 194, 985, 28, 75),
(2860, 426, 985, 31, 21),
(2861, 388, 986, 28, 95),
(2862, 654, 986, 18, 117),
(2863, 598, 987, 33, 28),
(2864, 704, 987, 21, 13),
(2865, 750, 987, 33, 110),
(2866, 1221, 987, 23, 46),
(2867, 437, 988, 21, 88),
(2868, 444, 989, 27, 82),
(2869, 935, 989, 23, 94),
(2870, 1096, 990, 24, 54),
(2871, 133, 990, 22, 32),
(2872, 631, 990, 30, 44),
(2873, 677, 990, 24, 13),
(2874, 46, 991, 33, 59),
(2875, 320, 991, 3, 68),
(2876, 359, 991, 30, 76),
(2877, 234, 992, 10, 29),
(2878, 814, 993, 32, 64),
(2879, 900, 993, 25, 7),
(2880, 594, 994, 20, 33),
(2881, 643, 994, 9, 80),
(2882, 223, 994, 8, 95),
(2883, 108, 995, 19, 108),
(2884, 477, 995, 8, 115),
(2885, 498, 996, 1, 4),
(2886, 545, 996, 33, 47),
(2887, 606, 997, 13, 48),
(2888, 97, 997, 28, 60),
(2889, 251, 997, 1, 112),
(2890, 124, 998, 17, 98),
(2891, 324, 998, 29, 70),
(2892, 730, 998, 10, 108),
(2893, 1078, 998, 15, 11),
(2894, 1094, 999, 1, 109),
(2895, 502, 999, 8, 69),
(2896, 693, 999, 12, 97),
(2897, 454, 999, 6, 2),
(2898, 124, 1000, 32, 83),
(2899, 804, 1000, 5, 1),
(2900, 913, 1000, 23, 51);
