-- MySQL dump 10.13  Distrib 5.6.24, for osx10.8 (x86_64)
--
-- Host: localhost    Database: ProgSI1415
-- ------------------------------------------------------
-- Server version	5.6.17

/*!40101 SET @OLD_CHARACTER_SET_CLIENT=@@CHARACTER_SET_CLIENT */;
/*!40101 SET @OLD_CHARACTER_SET_RESULTS=@@CHARACTER_SET_RESULTS */;
/*!40101 SET @OLD_COLLATION_CONNECTION=@@COLLATION_CONNECTION */;
/*!40101 SET NAMES utf8 */;
/*!40103 SET @OLD_TIME_ZONE=@@TIME_ZONE */;
/*!40103 SET TIME_ZONE='+00:00' */;
/*!40014 SET @OLD_UNIQUE_CHECKS=@@UNIQUE_CHECKS, UNIQUE_CHECKS=0 */;
/*!40014 SET @OLD_FOREIGN_KEY_CHECKS=@@FOREIGN_KEY_CHECKS, FOREIGN_KEY_CHECKS=0 */;
/*!40101 SET @OLD_SQL_MODE=@@SQL_MODE, SQL_MODE='NO_AUTO_VALUE_ON_ZERO' */;
/*!40111 SET @OLD_SQL_NOTES=@@SQL_NOTES, SQL_NOTES=0 */;

--
-- Table structure for table `Cliente`
--

DROP TABLE IF EXISTS `Cliente`;
/*!40101 SET @saved_cs_client     = @@character_set_client */;
/*!40101 SET character_set_client = utf8 */;
CREATE TABLE `Cliente` (
  `idCliente` mediumint(9) NOT NULL,
  `Nome` varchar(255) DEFAULT NULL,
  `Indirizzo` varchar(255) DEFAULT NULL,
  `Citta` varchar(255) DEFAULT NULL,
  `Regione` varchar(50) DEFAULT NULL,
  `ZIP` varchar(10) DEFAULT NULL,
  PRIMARY KEY (`idCliente`)
) ENGINE=InnoDB DEFAULT CHARSET=latin1;
/*!40101 SET character_set_client = @saved_cs_client */;

--
-- Dumping data for table `Cliente`
--

LOCK TABLES `Cliente` WRITE;
/*!40000 ALTER TABLE `Cliente` DISABLE KEYS */;
INSERT INTO `Cliente` VALUES (1,'Eu Consulting','356-6211 Vitae, Avenue','Motta Camastra','Sicilia','23181-400'),(2,'Odio Etiam Ligula Ltd','P.O. Box 626, 8173 Suscipit St.','Frascati','Lazio','40303'),(3,'Dictum Eu Incorporated','Ap #557-9140 Feugiat Avenue','Vallepietra','Lazio','267040'),(4,'Vulputate Lacus Inc.','P.O. Box 695, 4751 Euismod St.','Castello dell\'Acqua','Lombardia','66360'),(5,'Sem Egestas Blandit Limited','Ap #642-161 Nec St.','Millesimo','Liguria','41226'),(6,'Risus Corporation','627 Porttitor St.','San Fratello','Sicilia','B0B 3OM'),(7,'In Cursus Et LLP','464-3005 Proin St.','Grosseto','Toscana','8799'),(8,'Fringilla Ornare Placerat PC','234-4430 Phasellus Rd.','Salvirola','Lombardia','02-153'),(9,'Ac Corporation','863-1208 Molestie Rd.','Siculiana','Sicilia','1458'),(10,'Leo Industries','7858 Pretium Av.','Massello','Piemonte','82983-126'),(11,'Mi Felis Company','785-6875 Non, Ave','Adrano','Sicilia','2903'),(12,'Sociis Natoque LLC','Ap #275-1006 Risus Rd.','Borno','Lombardia','24516'),(13,'Tellus Aenean Egestas LLP','P.O. Box 529, 3777 Faucibus St.','Castel Baronia','Campania','44017'),(14,'Sit Institute','Ap #710-3578 Turpis Rd.','Casoli','Abruzzo','1314'),(15,'Amet Consectetuer Adipiscing Consulting','P.O. Box 548, 9531 Nec, Ave','Castel di Tora','Lazio','147712'),(16,'A Limited','P.O. Box 732, 5738 Eleifend, Road','Casciana Terme','Toscana','6248'),(17,'Adipiscing Company','4903 Mi St.','Cefalà Diana','Sicilia','83-054'),(18,'Cursus Institute','P.O. Box 231, 4988 Pellentesque Rd.','Morro Reatino','Lazio','62032-754'),(19,'Nec Urna Associates','Ap #675-7860 Egestas Rd.','Lozzo Atestino','Veneto','29123'),(20,'Ut Inc.','9844 Molestie Rd.','Gianico','Lombardia','7368ER'),(21,'Facilisi Sed Foundation','914-1557 Mauris Rd.','Pordenone','Friuli-Venezia Giulia','45-545'),(22,'Natoque Penatibus Et Industries','P.O. Box 532, 8675 Semper Rd.','Moricone','Lazio','4800'),(23,'Libero Donec Consectetuer Limited','Ap #857-4075 Eu Rd.','Spresiano','Veneto','20917'),(24,'Mollis Industries','1249 Accumsan Avenue','Villanovafranca','Sardegna','J8P 7C2'),(25,'Vel Faucibus Id PC','7289 Arcu. St.','Arsiè','Veneto','71132'),(26,'Vestibulum Industries','P.O. Box 261, 2661 Tincidunt Rd.','Genzano di Lucania','Basilicata','74380-672'),(27,'Lorem Sit Corp.','Ap #815-6910 Est Road','Luzzara','Emilia-Romagna','08651'),(28,'Lobortis Mauris Associates','316-6078 A Rd.','Portobuffolè','Veneto','685002'),(29,'Vitae Ltd','332-5328 Vivamus Av.','Salvirola','Lombardia','74442'),(30,'Nostra Per Inceptos Associates','774-3818 Et St.','Candela','Puglia','745367'),(31,'Neque Sed Dictum PC','P.O. Box 846, 8171 Elit, Rd.','Sala Baganza','Emilia-Romagna','50618'),(32,'Turpis Egestas Consulting','Ap #346-944 Nec St.','Ficarolo','Veneto','83807'),(33,'Morbi Industries','Ap #730-4821 Sit Road','Portici','Campania','2160'),(34,'Quisque Foundation','Ap #527-8217 Risus Avenue','Motta Visconti','Lombardia','3907'),(35,'Orci Adipiscing Ltd','930-740 Tristique Rd.','Candela','Puglia','49-147'),(36,'Lorem Ut Aliquam Corp.','P.O. Box 148, 3704 Eget St.','Barghe','Lombardia','IP1 0EZ'),(37,'Quis Lectus Foundation','552-2002 Sed Road','Pavone del Mella','Lombardia','7968'),(38,'Feugiat Corp.','2924 Erat. Av.','Accadia','Puglia','3337'),(39,'Orci Luctus Limited','2821 Dolor. St.','Porretta Terme','Emilia-Romagna','51365'),(40,'Egestas LLC','656-8211 Dui Rd.','Cantalupo in Sabina','Lazio','24430'),(41,'Duis Company','250-6547 Luctus. Avenue','Sant\'Angelo a Fasanella','Campania','05978'),(42,'Cras Eu Tellus Corp.','Ap #857-4343 Massa. Street','La Spezia','Liguria','8081'),(43,'Donec Inc.','692-3322 Molestie Road','Santa Marina','Campania','66552'),(44,'In Felis Nulla Consulting','P.O. Box 412, 9193 Donec Ave','Asigliano Veneto','Veneto','84329'),(45,'Mauris Aliquam Eu Company','P.O. Box 244, 1603 Ultricies Rd.','Buccheri','Sicilia','58463'),(46,'Sed Id Risus Consulting','Ap #197-6965 Viverra. Road','Santa Marina','Campania','33013'),(47,'Mus Proin Vel Foundation','5179 Nisi. Rd.','Tezze sul Brenta','Veneto','2560'),(48,'Ullamcorper Incorporated','Ap #558-3447 Egestas Ave','Asso','Lombardia','68720-978'),(49,'Libero Nec Ligula LLP','Ap #463-7734 Mauris Rd.','Turriaco','Friuli-Venezia Giulia','1815'),(50,'Porttitor Eros Nec Foundation','P.O. Box 948, 777 Neque. Street','Premeno','Piemonte','2017'),(51,'Quam Curabitur Industries','5756 Ac Street','Davoli','Calabria','5260'),(52,'Volutpat Nunc LLC','8965 Malesuada. Av.','Pogliano Milanese','Lombardia','13826'),(53,'Libero Lacus Varius LLC','312-8423 Sociosqu Rd.','Malgesso','Lombardia','0678LO'),(54,'Ultrices LLC','4423 Enim Road','Verzegnis','Friuli-Venezia Giulia','96179'),(55,'In Associates','P.O. Box 332, 2407 Ut Av.','Palmariggi','Puglia','T02 7CB'),(56,'Morbi Tristique Senectus LLP','6849 Metus. Road','Rivello','Basilicata','29653'),(57,'Adipiscing Elit Etiam Company','1635 Pede Rd.','Annone di Brianza','Lombardia','33050-228'),(58,'Ultrices Vivamus Rhoncus LLP','947-1228 Class Road','Latera','Lazio','4251'),(59,'Libero Nec Limited','655-7974 Velit Ave','Rutigliano','Puglia','30416'),(60,'Molestie Sed Id Foundation','4822 Senectus St.','Montacuto','Piemonte','9463'),(61,'Aliquam Enim Nec Institute','P.O. Box 340, 9735 Cras St.','Follina','Veneto','69089-653'),(62,'Vestibulum Neque Industries','Ap #866-6006 Nulla Rd.','Lagundo/Algund','Trentino-Alto Adige','21508'),(63,'Libero Donec Consectetuer LLP','Ap #530-1391 Mauris St.','Cavaion Veronese','Veneto','36161-252'),(64,'Nunc Sed Corporation','P.O. Box 426, 3038 Interdum. Road','Solesino','Veneto','7779'),(65,'Eleifend Nec Incorporated','210-6502 Risus Ave','Castri di Lecce','Puglia','916898'),(66,'Ullamcorper Velit LLP','580-9442 Lectus. Rd.','Monghidoro','Emilia-Romagna','8301'),(67,'Velit Cras Incorporated','886-3557 Neque Rd.','Lenna','Lombardia','47765'),(68,'Risus A Incorporated','Ap #892-3341 Morbi St.','Genzano di Lucania','Basilicata','6915'),(69,'Nam Ligula Associates','9026 Lacus. Av.','Borgone Susa','Piemonte','7089'),(70,'Vestibulum Accumsan Neque Industries','633-814 Non, Av.','Crecchio','Abruzzo','P4G 9W0'),(71,'A Mi Corp.','872-8061 Sed Rd.','Cassano Spinola','Piemonte','B3M 7V0'),(72,'Sociis Ltd','221-7613 Lacinia. Ave','San Calogero','Calabria','74233'),(73,'Vulputate Risus A PC','Ap #445-7169 Elit, Rd.','Villafranca d\'Asti','Piemonte','75351'),(74,'Et LLP','Ap #617-8353 In Road','Saint-Denis','Valle d\'Aosta','652254'),(75,'Dignissim Magna Incorporated','Ap #136-6527 Volutpat. Avenue','Polpenazze del Garda','Lombardia','07217'),(76,'Mauris Foundation','4296 Mi St.','Sant\'Urbano','Veneto','6141'),(77,'Est Ac LLC','P.O. Box 664, 4086 Elementum, St.','Nemi','Lazio','1006'),(78,'Mauris Morbi Ltd','386-2920 Amet St.','Termini Imerese','Sicilia','25324-268'),(79,'Nibh Sit Foundation','P.O. Box 203, 2266 Nullam Rd.','Casanova Elvo','Piemonte','789522'),(80,'Proin Ultrices Inc.','P.O. Box 243, 9081 Tincidunt Rd.','Sant\'Eusanio Forconese','Abruzzo','17624'),(81,'Lectus Rutrum Incorporated','Ap #388-5469 Porttitor St.','Montalto Uffugo','Calabria','64164'),(82,'A Arcu Sed Incorporated','6534 Vitae, Road','Luino','Lombardia','2170CA'),(83,'Nec Leo Industries','208-1381 Luctus. Road','Cuglieri','Sardegna','11574'),(84,'Pede Cum Inc.','Ap #837-2789 Eleifend Street','Melazzo','Piemonte','699229'),(85,'Tortor Integer PC','5849 Aliquam Rd.','Molino dei Torti','Piemonte','53517'),(86,'Pede Ltd','770-6896 Ipsum Rd.','Garaguso','Basilicata','55367-554'),(87,'Metus Vitae Velit Institute','Ap #866-8194 Cum Road','Rocca d\'Arazzo','Piemonte','91967'),(88,'Ac Corp.','Ap #853-3740 Donec Avenue','Davoli','Calabria','D3A 3XO'),(89,'Aliquam Fringilla Cursus LLC','P.O. Box 537, 310 Eleifend. Road','Cefalà Diana','Sicilia','18560'),(90,'Facilisis Magna Tellus Ltd','490-5084 Erat Ave','Bulzi','Sardegna','9636OI'),(91,'Nam Nulla Company','P.O. Box 342, 5882 Cras Street','Cambiago','Lombardia','51-417'),(92,'Integer Tincidunt Corp.','879-6700 Nulla Rd.','Etroubles','Valle d\'Aosta','4024'),(93,'Non Ante Bibendum PC','170-7884 Quis Av.','Orciano Pisano','Toscana','4252'),(94,'Aliquam Iaculis Corporation','3756 Euismod Av.','Gavirate','Lombardia','826621'),(95,'Ipsum Suspendisse Non Corp.','P.O. Box 880, 2563 Elit Street','Fiumara','Calabria','57107-683'),(96,'Magna Sed Dui PC','Ap #185-5100 Nisi Rd.','Campolieto','Molise','07233-359'),(97,'Ac Mattis Semper PC','5307 Imperdiet Ave','Cantalupo in Sabina','Lazio','7565'),(98,'Felis Eget Corp.','3619 Lobortis St.','Crotta d\'Adda','Lombardia','71615'),(99,'Tincidunt Tempus Corporation','P.O. Box 532, 8222 Mauris Rd.','Corvino San Quirico','Lombardia','27516-807'),(100,'Turpis Egestas Fusce Consulting','Ap #511-4992 Aenean Road','Labro','Lazio','8768'),(101,'Orci Industries','610-3722 Vivamus Ave','Sorgà','Veneto','27828'),(102,'Hendrerit Neque Inc.','Ap #117-123 Elit Ave','Follina','Veneto','19034'),(103,'Adipiscing Enim LLC','P.O. Box 433, 8872 Eleifend Rd.','Castel Volturno','Campania','932866'),(104,'Tempus Lorem LLC','679-2119 Mauris Avenue','Corbara','Campania','37425'),(105,'Nec Urna Et Corporation','Ap #433-6080 Tincidunt Rd.','Casciana Terme','Toscana','26858'),(106,'Proin Dolor Nulla Foundation','348-8147 Sed Avenue','Calco','Lombardia','3981'),(107,'Egestas Fusce Aliquet Ltd','152-9080 Ac Street','Chiari','Lombardia','70586'),(108,'Proin Ultrices Inc.','214 Suspendisse Rd.','Monte San Giovanni in Sabina','Lazio','2287LR'),(109,'Sagittis Semper Corp.','493-1822 Nullam St.','San Martino in Pensilis','Molise','65432'),(110,'Morbi Metus Corporation','Ap #679-1459 Velit. St.','Rocca San Felice','Campania','14980'),(111,'Dolor Incorporated','Ap #812-1739 Sit Street','Palestrina','Lazio','4005'),(112,'Ornare In Associates','4224 Ac Ave','Zerba','Emilia-Romagna','26594'),(113,'Mauris Non Dui Corporation','P.O. Box 591, 7414 Nullam St.','Pescopagano','Basilicata','7474YC'),(114,'Dapibus Gravida Aliquam Inc.','8334 Fames Avenue','Acquafondata','Lazio','56081'),(115,'Aenean Corporation','P.O. Box 751, 4616 Praesent St.','Canino','Lazio','9391CQ'),(116,'A Auctor Non Institute','565-3073 Vehicula Rd.','Vieste','Puglia','0992MO'),(117,'Pellentesque Habitant Morbi Corporation','P.O. Box 740, 8159 Pharetra, St.','Vergemoli','Toscana','94815'),(118,'Quisque Corp.','P.O. Box 980, 1124 Hendrerit Street','Ripalta Guerina','Lombardia','15341-368'),(119,'Eros Nec Ltd','Ap #330-4221 Nam Rd.','Molfetta','Puglia','38991'),(120,'Quisque Porttitor Ltd','Ap #563-8971 Placerat. Rd.','Reana del Rojale','Friuli-Venezia Giulia','82451'),(121,'Interdum Company','336-2465 Consectetuer Rd.','Roio del Sangro','Abruzzo','50718'),(122,'Pellentesque Eget Incorporated','P.O. Box 804, 8151 Eget Av.','Armungia','Sardegna','0170'),(123,'Blandit Foundation','P.O. Box 542, 7003 Ut Avenue','Motta Visconti','Lombardia','58493'),(124,'Pede Suspendisse LLC','556-3931 Felis Rd.','Montignoso','Toscana','17439'),(125,'Elit Aliquam Corp.','P.O. Box 911, 9627 Ante St.','San Cesario di Lecce','Puglia','YS83 6AT'),(126,'Cras Lorem Consulting','829-8492 Mauris Avenue','Maracalagonis','Sardegna','E7G 6P1'),(127,'Justo Faucibus Lectus Inc.','P.O. Box 992, 4153 Viverra. Rd.','Arzano','Campania','72127-415'),(128,'Proin Company','Ap #600-7603 Ut Rd.','Tufo','Campania','8368'),(129,'Proin Ltd','127-2869 Ullamcorper. Ave','Casnate con Bernate','Lombardia','55532'),(130,'Venenatis A LLC','520-3482 Dui Rd.','Vallepietra','Lazio','726154'),(131,'Aliquam Gravida Ltd','339-4640 Aliquam Rd.','Asigliano Veneto','Veneto','252991'),(132,'Sed Incorporated','Ap #893-833 Dui. Av.','Mignanego','Liguria','70003'),(133,'Eu Nulla At Corp.','411-9497 Magna, Ave','Bastia Umbra','Umbria','64172'),(134,'Semper Erat Corp.','Ap #943-7568 In Street','Castelluccio Valmaggiore','Puglia','9226'),(135,'Morbi Ltd','8041 Gravida Ave','Torre Cajetani','Lazio','5780'),(136,'Vulputate Eu Odio Associates','296-9557 Duis Rd.','Arsiè','Veneto','45126'),(137,'Cras Associates','696-4095 Amet, Road','Catanzaro','Calabria','3557'),(138,'Est Nunc Associates','4209 Vitae Av.','Sambuca Pistoiese','Toscana','529236'),(139,'Sit Amet Industries','3566 Imperdiet Avenue','Molfetta','Puglia','1041'),(140,'Eleifend Nec Institute','Ap #902-8117 Vel Road','Pietrasanta','Toscana','3747'),(141,'Nunc Ullamcorper Ltd','7097 Justo. Ave','San Pancrazio Salentino','Puglia','19738'),(142,'A Auctor Foundation','605-8476 Semper Avenue','Lasnigo','Lombardia','10300'),(143,'Fusce Diam Institute','P.O. Box 289, 9122 Cras Rd.','Siddi','Sardegna','B2V 3G8'),(144,'Tellus Nunc PC','770-5048 Vitae, Avenue','Santo Stefano del Sole','Campania','Y1U 7MX'),(145,'Et Malesuada LLP','6087 Elementum St.','Minucciano','Toscana','5395'),(146,'Magna Inc.','739-2862 Tristique St.','Salcito','Molise','587865'),(147,'Nec Enim Ltd','3432 Et St.','Siracusa','Sicilia','23182'),(148,'Eleifend Cras Sed Ltd','P.O. Box 288, 8759 Mi, Road','Caprino Bergamasco','Lombardia','80291'),(149,'Arcu Et Associates','440 Sit St.','Daiano','Trentino-Alto Adige','163351'),(150,'Lacinia At Iaculis Associates','Ap #559-209 Quam Rd.','Galzignano Terme','Veneto','30708'),(151,'Vestibulum Ante Limited','Ap #549-4398 Eu Rd.','Santomenna','Campania','75066'),(152,'Semper Ltd','P.O. Box 974, 8145 Litora Avenue','Villafranca Tirrena','Sicilia','74893'),(153,'Aptent Taciti Sociosqu Corp.','P.O. Box 885, 2343 A Street','Sant\'Urbano','Veneto','25442'),(154,'Dictum Cursus PC','P.O. Box 584, 2528 Donec St.','Chiusa Sclafani','Sicilia','A1P 4V3'),(155,'Pharetra Nibh LLC','P.O. Box 805, 5652 Nulla Rd.','Lugnano in Teverina','Umbria','7028WO'),(156,'Mi Enim Foundation','Ap #325-3230 Faucibus Av.','Forgaria nel Friuli','Friuli-Venezia Giulia','IG03 0HJ'),(157,'Dui Fusce Industries','7327 Nec, Av.','Bondo','Trentino-Alto Adige','21617'),(158,'Egestas Blandit LLC','Ap #891-7847 Lorem Street','Ceppaloni','Campania','69551'),(159,'Scelerisque Foundation','Ap #925-1638 Eget St.','Cefalà Diana','Sicilia','67373'),(160,'Vel Sapien Imperdiet LLC','519-9926 Nulla. Street','Manfredonia','Puglia','819854'),(161,'Porttitor Scelerisque Industries','5034 Iaculis Rd.','Castiglione a Casauria','Abruzzo','6760'),(162,'Amet Faucibus Associates','810-9163 Adipiscing Road','Castelbuono','Sicilia','HA5 0BC'),(163,'Dui In Sodales Limited','Ap #449-2173 Nonummy Street','Asso','Lombardia','00187-604'),(164,'Non Hendrerit PC','942-794 Felis St.','Trivigno','Basilicata','32-319'),(165,'Quisque Ac Foundation','P.O. Box 516, 8668 Id Street','Santa Cesarea Terme','Puglia','V2B 0L2'),(166,'Fringilla Euismod Enim LLP','Ap #555-4012 Tempor Av.','Cambiago','Lombardia','8698'),(167,'Eros Nam Consequat LLC','Ap #329-796 Aliquam Av.','Monteleone di Spoleto','Umbria','3006'),(168,'Dui Cras Company','236 Magna Road','Bussolengo','Veneto','26-502'),(169,'Faucibus Leo Inc.','Ap #911-5019 Risus Rd.','Vernole','Puglia','50407'),(170,'Suspendisse Aliquet Molestie Foundation','Ap #694-8442 Sed, St.','Cannalonga','Campania','35686'),(171,'Nec Diam Consulting','246-2453 Tincidunt St.','Maglie','Puglia','03132'),(172,'Etiam Company','P.O. Box 445, 2648 Ante. Road','Gavirate','Lombardia','2991'),(173,'Dictum Consulting','9756 Natoque St.','Marsciano','Umbria','5410'),(174,'Est Tempor Industries','P.O. Box 863, 2775 Aliquet. Ave','Capannori','Toscana','9576VY'),(175,'Quam A Inc.','Ap #141-4069 Amet, Avenue','Asso','Lombardia','P2J 5XG'),(176,'In Consulting','Ap #982-8143 Phasellus St.','Sauris','Friuli-Venezia Giulia','3164'),(177,'Nulla At Sem Corp.','Ap #236-9819 Mi Rd.','Chiaromonte','Basilicata','30358'),(178,'Dolor Sit Amet Foundation','603-2475 Justo. St.','Annone di Brianza','Lombardia','02690'),(179,'Adipiscing Institute','7091 Vel Street','Monticelli d\'Ongina','Emilia-Romagna','30719'),(180,'Tellus Imperdiet Non Corp.','659-4791 Porta St.','Coreglia Antelminelli','Toscana','271220'),(181,'Orci Ltd','503-1197 Ac Ave','Sant\'Angelo a Cupolo','Campania','521258'),(182,'Cras Interdum Nunc Industries','Ap #388-9029 Ut Ave','Pisa','Toscana','29-530'),(183,'Hymenaeos Mauris Incorporated','Ap #225-8459 Rhoncus. Street','Frignano','Campania','61689'),(184,'Eleifend Cras PC','907 Molestie Rd.','Colico','Lombardia','85556'),(185,'Duis Cursus PC','P.O. Box 606, 6412 Quam. St.','Crotta d\'Adda','Lombardia','L7 3GT'),(186,'Nibh Ltd','P.O. Box 724, 2229 Gravida Av.','Fogliano Redipuglia','Friuli-Venezia Giulia','63379'),(187,'Auctor Ullamcorper Foundation','1132 Pede. Rd.','Lasnigo','Lombardia','4637'),(188,'Vel Pede Limited','7674 Eu Av.','Orsara di Puglia','Puglia','A2 8YV'),(189,'Magnis Dis Parturient LLC','161-9857 Sed Av.','Castelvetere in Val Fortore','Campania','Q52 7MX'),(190,'Ut Odio Vel Industries','275-4500 Feugiat Street','Rapagnano','Marche','8028'),(191,'Arcu Iaculis Foundation','891-1450 A, Av.','Tufo','Campania','73217'),(192,'Montes Nascetur Consulting','1719 Sagittis. Rd.','Torino','Piemonte','715622'),(193,'Mauris Consulting','4918 Mauris, Road','Braies/Prags','Trentino-Alto Adige','12930-225'),(194,'Eu Accumsan LLP','3363 Tempus Av.','Comano','Toscana','71299'),(195,'Odio Vel Est Incorporated','3949 Parturient Avenue','Velletri','Lazio','00343-386'),(196,'Metus Facilisis Limited','941-179 Leo. Av.','Maranello','Emilia-Romagna','64-482'),(197,'Velit Eget Laoreet Corporation','P.O. Box 289, 4134 Magnis Av.','Val Rezzo','Lombardia','70812'),(198,'Auctor Velit Eget Corporation','4413 Nisi. Rd.','Altavilla Irpina','Campania','44179'),(199,'Tempor Consulting','342-6697 Semper Road','San Piero Patti','Sicilia','89018'),(200,'Nunc Sit Amet LLC','880-2852 Egestas Ave','Nicolosi','Sicilia','48610'),(201,'Semper Egestas Limited','Ap #662-2665 Odio St.','Cisano Bergamasco','Lombardia','628146'),(202,'Et Rutrum Associates','P.O. Box 995, 8802 Eu Rd.','Mantova','Lombardia','51737'),(203,'Euismod LLC','715-6292 Ornare Road','Moricone','Lazio','11902'),(204,'Mi Felis Limited','9411 Cubilia Avenue','Rocca San Felice','Campania','N2K 0C5'),(205,'Volutpat Nunc Inc.','P.O. Box 165, 9655 Non, Road','Torno','Lombardia','68-400'),(206,'Turpis Egestas Fusce Consulting','490-2945 Dolor Street','Morro d\'Alba','Marche','680925'),(207,'Donec Nibh Quisque Incorporated','982-3880 Imperdiet, Rd.','Oristano','Sardegna','1127'),(208,'Dignissim Maecenas Ornare Institute','829-220 Nibh. Street','Verona','Veneto','D4G 4UR'),(209,'Pharetra Foundation','Ap #711-3271 Magna. Avenue','Lenna','Lombardia','31219'),(210,'Nulla Inc.','P.O. Box 522, 5390 Dapibus St.','Ostellato','Emilia-Romagna','9558'),(211,'Ac Ipsum Phasellus Consulting','Ap #425-2884 At Ave','Baiso','Emilia-Romagna','8814'),(212,'Volutpat Nulla LLP','530-7298 Fringilla Street','Ponte San Nicolò','Veneto','4453'),(213,'Odio Vel Est Ltd','P.O. Box 979, 5606 Tellus. Rd.','Vinci','Toscana','87-033'),(214,'Ridiculus Corp.','P.O. Box 368, 6975 Arcu Street','Monte San Giovanni in Sabina','Lazio','3923'),(215,'Ornare In Faucibus Institute','6093 Ac Rd.','Satriano di Lucania','Basilicata','5062'),(216,'Dolor Elit Company','P.O. Box 874, 6656 Dis Avenue','Vernole','Puglia','243062'),(217,'Ut Erat Industries','3120 Non, Rd.','Cardedu','Sardegna','03065'),(218,'Ante Incorporated','494-6556 In Avenue','Adrano','Sicilia','22796'),(219,'Tempor LLC','Ap #152-3262 Porttitor Avenue','Valverde','Sicilia','L5E 1R0'),(220,'Semper Pretium Neque Foundation','P.O. Box 540, 9818 A, Road','Sassocorvaro','Marche','12-830'),(221,'Nulla LLC','543-831 Montes, Rd.','Castello dell\'Acqua','Lombardia','97978'),(222,'Ad Litora Torquent PC','6250 Libero Rd.','Rignano Garganico','Puglia','5703'),(223,'Eget Volutpat Ornare Institute','Ap #201-8119 Tristique St.','Adrano','Sicilia','4543'),(224,'Ante Maecenas Mi LLC','385-5289 In Ave','Pelago','Toscana','982941'),(225,'Sed Congue Limited','2099 Cubilia Street','Torino','Piemonte','6658'),(226,'Lectus Ante Dictum Associates','Ap #232-3052 Donec Rd.','Altavilla Irpina','Campania','87095'),(227,'Dictum Phasellus In Institute','P.O. Box 237, 4926 Eu Avenue','Fusignano','Emilia-Romagna','46197'),(228,'Lacus Mauris Non Inc.','339-4696 Magna Av.','Posina','Veneto','5429'),(229,'Mattis Integer Incorporated','P.O. Box 761, 5459 Lacus. Rd.','Livorno','Toscana','6965'),(230,'Nec Tellus Nunc LLC','558-3182 Adipiscing Street','Campobasso','Molise','7763'),(231,'Tincidunt Nibh Phasellus Incorporated','Ap #113-3612 Arcu Rd.','Sala Baganza','Emilia-Romagna','2732'),(232,'Pharetra Institute','Ap #751-5358 Dictum Road','Vespolate','Piemonte','Y4X 0N7'),(233,'Blandit Enim Consequat Institute','379-6034 Eu, St.','Ladispoli','Lazio','28565-699'),(234,'Adipiscing Lacus Corp.','769-7009 Ac Rd.','San Lorenzo','Calabria','53534'),(235,'Neque Sed Sem Limited','P.O. Box 789, 8938 Nulla Rd.','Caccamo','Sicilia','5737'),(236,'Curabitur Dictum LLC','9880 Litora Rd.','Minervino di Lecce','Puglia','158794'),(237,'Adipiscing Non LLC','8293 In, St.','Santo Stefano del Sole','Campania','82326-670'),(238,'Cursus Corporation','8265 Phasellus Rd.','Santa Fiora','Toscana','0904'),(239,'Dui Inc.','236 Sodales. Rd.','Manoppello','Abruzzo','8014'),(240,'Sed Neque Sed Inc.','Ap #172-8087 Risus. Rd.','Anghiari','Toscana','52861'),(241,'Auctor Incorporated','P.O. Box 426, 3662 Donec Rd.','Bazzano','Emilia-Romagna','60906'),(242,'Nunc Ullamcorper Consulting','3230 Bibendum St.','San Leucio del Sannio','Campania','9211'),(243,'Nunc Id Corp.','P.O. Box 935, 6586 Ullamcorper Rd.','Codigoro','Emilia-Romagna','0541HN'),(244,'Suspendisse Aliquet Ltd','7049 Ullamcorper. Rd.','Cellara','Calabria','54588'),(245,'Aliquam Nisl Nulla Limited','505 Nonummy St.','Sefro','Marche','544878'),(246,'Facilisis Magna Tellus Foundation','6448 Sit Avenue','Sambuca Pistoiese','Toscana','76-447'),(247,'In Faucibus LLC','Ap #420-7928 Varius Street','Cinisi','Sicilia','964333'),(248,'Ut Ltd','P.O. Box 286, 3298 Luctus Av.','Surbo','Puglia','M4T 0L3'),(249,'Aliquam Ltd','Ap #336-5508 Imperdiet Road','Poggio Berni','Emilia-Romagna','0041'),(250,'Mauris Aliquam Corporation','P.O. Box 702, 9505 Tortor, Ave','Moricone','Lazio','6817'),(251,'Sed LLP','6750 Imperdiet Ave','Castel Baronia','Campania','F5 7TE'),(252,'Aliquam Foundation','9914 Parturient Rd.','Siracusa','Sicilia','8360'),(253,'Sem Elit Associates','6547 Ac Rd.','Acquafredda','Lombardia','6631'),(254,'Sollicitudin Foundation','151-2273 Erat Street','Annone di Brianza','Lombardia','7357'),(255,'Fringilla Ornare Ltd','6071 Mus. Av.','Montefiore dell\'Aso','Marche','245572'),(256,'Amet Dapibus Id Industries','P.O. Box 501, 7318 Rutrum St.','Molfetta','Puglia','Z28 5CU'),(257,'Pulvinar Arcu Et Institute','9943 Iaculis Ave','Sfruz','Trentino-Alto Adige','09053'),(258,'Nunc Est LLP','Ap #485-5965 Ut Avenue','Codognè','Veneto','45260'),(259,'Non Hendrerit Id LLP','609-6304 Vitae St.','Pastena','Lazio','88066'),(260,'Adipiscing Non Luctus Ltd','1601 Id, Avenue','Rocca d\'Arce','Lazio','21318'),(261,'Eget Laoreet Posuere Consulting','Ap #153-4711 Enim Rd.','Ospedaletto d\'Alpinolo','Campania','21105'),(262,'Vitae Aliquet Nec Limited','Ap #779-7954 Tincidunt Ave','Baiso','Emilia-Romagna','8234'),(263,'Amet Corp.','1191 Ornare Rd.','Nicolosi','Sicilia','61039'),(264,'Sodales Corp.','652-6376 Metus. Ave','San Costantino Calabro','Calabria','ZO2 1CP'),(265,'Magnis Dis Corp.','P.O. Box 889, 6410 Suspendisse Ave','Poggiorsini','Puglia','25-330'),(266,'Et Limited','Ap #701-3610 Cras Rd.','Porretta Terme','Emilia-Romagna','76241'),(267,'Diam Sed Diam PC','P.O. Box 716, 4249 Arcu St.','Porretta Terme','Emilia-Romagna','2798'),(268,'Adipiscing Consulting','Ap #816-3196 Nonummy Rd.','Oria','Puglia','84145'),(269,'Eu Elit Nulla Corporation','4325 Eu Av.','Santa Marina','Campania','26555'),(270,'Aliquam Erat Volutpat Limited','Ap #776-4248 Phasellus Av.','Roio del Sangro','Abruzzo','02743'),(271,'Fusce Diam Nunc Institute','155-4114 Non Ave','Francavilla Fontana','Puglia','66269'),(272,'Nulla Foundation','1018 Imperdiet Av.','Bulzi','Sardegna','22202'),(273,'Cursus PC','982-9869 Ligula. Rd.','San Lazzaro di Savena','Emilia-Romagna','5192'),(274,'Placerat Velit PC','8477 Ut St.','Pratovecchio','Toscana','C5J 0H3'),(275,'In Felis Company','900-3840 Donec St.','Castelbaldo','Veneto','46130'),(276,'Ornare Lectus Consulting','3989 Hendrerit Street','Dorgali','Sardegna','95082'),(277,'Malesuada Inc.','Ap #376-1624 Ligula. Rd.','Corbara','Campania','23900'),(278,'Et Foundation','587-4676 Vestibulum Road','Fino Mornasco','Lombardia','19713-832'),(279,'Ultrices Posuere Cubilia Associates','540 Nascetur Av.','Follina','Veneto','199775'),(280,'Mi Duis Risus Foundation','780-3498 Sed Av.','Palagano','Emilia-Romagna','35671'),(281,'Commodo Hendrerit Donec PC','P.O. Box 779, 2604 Elit, St.','Castelseprio','Lombardia','1492'),(282,'Pellentesque Sed Corp.','P.O. Box 730, 9629 Ante Ave','Priero','Piemonte','389963'),(283,'Ornare Tortor At Corp.','684-7979 Eu Av.','Enna','Sicilia','21806'),(284,'Leo Company','2446 Fermentum St.','Santa Flavia','Sicilia','80322'),(285,'Parturient Montes Nascetur LLP','5465 Euismod Rd.','San Cesario di Lecce','Puglia','58878'),(286,'Nibh Corporation','4010 Sed Street','Pramaggiore','Veneto','6661'),(287,'Sed Turpis Corporation','P.O. Box 655, 9019 Iaculis Rd.','Lasnigo','Lombardia','2932LW'),(288,'Duis Sit Foundation','558-8342 Dignissim St.','La Spezia','Liguria','88371-037'),(289,'Amet Faucibus LLP','Ap #523-4023 Gravida Rd.','Castel Maggiore','Emilia-Romagna','09639'),(290,'Tortor Inc.','8519 Gravida Rd.','Verona','Veneto','58455'),(291,'Cursus Purus Associates','202-6010 Sem Road','San Giorgio Albanese','Calabria','19-304'),(292,'Ornare Consulting','Ap #554-2892 Convallis Av.','Romano d\'Ezzelino','Veneto','R8G 2H4'),(293,'Maecenas Libero Est Inc.','543-5946 At Av.','Fiumara','Calabria','11106-765'),(294,'Aliquam Nisl Nulla Foundation','Ap #650-5552 In St.','Bevilacqua','Veneto','Y1J 2N3'),(295,'Malesuada Fames Industries','719-9416 Magna Rd.','Copertino','Puglia','6082'),(296,'Mi Tempor Limited','Ap #181-4300 Phasellus Road','Bazzano','Emilia-Romagna','57009'),(297,'Amet Industries','Ap #104-8838 Augue Avenue','Campitello di Fassa','Trentino-Alto Adige','92571'),(298,'Tempor Est Inc.','261-347 Suspendisse Street','Benestare','Calabria','12781'),(299,'Non LLP','Ap #556-111 Nam Avenue','Pietrasanta','Toscana','00760'),(300,'Nulla Dignissim PC','368-7539 Suspendisse Av.','Tropea','Calabria','74545'),(301,'Vehicula Aliquet Incorporated','Ap #405-2707 Felis Rd.','Adria','Veneto','5857'),(302,'Consectetuer LLP','Ap #924-4656 Fringilla. Ave','Castelnuovo Magra','Liguria','181611'),(303,'Velit Eget Laoreet Institute','P.O. Box 752, 9042 Aliquet Rd.','Gallodoro','Sicilia','50701'),(304,'Eu Odio LLC','1007 Id Rd.','Santa Marina','Campania','8024NA'),(305,'Velit Pellentesque Limited','P.O. Box 830, 4902 Ultrices. Rd.','Pellizzano','Trentino-Alto Adige','6564'),(306,'Eu Dolor Inc.','6240 Placerat Street','Lozzo Atestino','Veneto','VV64 8AY'),(307,'Egestas Institute','P.O. Box 751, 6746 Ultrices Rd.','Molfetta','Puglia','5969'),(308,'Ullamcorper Institute','192-7224 Eget Rd.','Acireale','Sicilia','5807DC'),(309,'Odio Tristique PC','P.O. Box 309, 9670 Ante Street','Ancona','Marche','35498'),(310,'Tempor Augue Corp.','Ap #159-8403 Ut St.','Pontedera','Toscana','L4R 0J0'),(311,'Vehicula Aliquet Libero PC','P.O. Box 112, 1525 Feugiat Ave','Ospedaletto d\'Alpinolo','Campania','S7C 0A5'),(312,'Arcu Nunc Mauris Limited','P.O. Box 622, 463 Semper, Rd.','Asti','Piemonte','8578GU'),(313,'Odio Incorporated','9679 Sagittis. St.','Ficarolo','Veneto','CH6 6NW'),(314,'Arcu Vestibulum LLC','192 Luctus St.','Piancastagnaio','Toscana','0225'),(315,'Nec Diam LLP','6269 Dui Street','Tufo','Campania','7541'),(316,'Odio Etiam Ligula Corporation','5354 Faucibus St.','Monticelli d\'Ongina','Emilia-Romagna','4272'),(317,'Tellus Suspendisse Sed Ltd','Ap #535-7064 Praesent Avenue','Fino Mornasco','Lombardia','61556'),(318,'Nulla Dignissim Maecenas LLP','P.O. Box 745, 4883 Aliquam Av.','Mazzano Romano','Lazio','22746'),(319,'Dapibus Gravida Aliquam Company','8514 Libero Street','Buti','Toscana','29996'),(320,'Posuere At Industries','882-6798 Elementum, Road','Rapagnano','Marche','4366'),(321,'Suspendisse Incorporated','6747 Ante Rd.','Buti','Toscana','03428'),(322,'In Corporation','Ap #610-4831 Nulla Avenue','Sant\'Arsenio','Campania','26462'),(323,'Vivamus Molestie Corporation','7467 Nulla. Rd.','Solesino','Veneto','8008'),(324,'Laoreet Ipsum Curabitur Corp.','3723 Ut Rd.','Fino Mornasco','Lombardia','9999'),(325,'Odio Semper Cursus Incorporated','Ap #682-411 Et Street','Montereale','Abruzzo','81344-019'),(326,'Ut Nulla Cras Inc.','P.O. Box 348, 7738 Turpis Avenue','Villafalletto','Piemonte','23290'),(327,'Ad Litora Torquent Company','P.O. Box 569, 3235 Est. Avenue','Montebelluna','Veneto','51246'),(328,'Risus Duis Limited','274-1839 At, Rd.','Colico','Lombardia','749101'),(329,'Tellus Eu Ltd','3344 Turpis. Rd.','Camerino','Marche','18284-455'),(330,'Erat In Consectetuer Incorporated','6455 Ullamcorper St.','Cefalà Diana','Sicilia','29385'),(331,'Ante Foundation','P.O. Box 874, 1517 Proin Street','Mascalucia','Sicilia','G9Z 1R6'),(332,'Sed LLP','3254 Cras St.','Casina','Emilia-Romagna','8322'),(333,'Lorem Ltd','4838 Enim. Ave','Somma Lombardo','Lombardia','59842'),(334,'Egestas A Corp.','Ap #974-978 Nunc Ave','Pero','Lombardia','6613'),(335,'Porttitor Vulputate Inc.','2591 At Av.','Compiano','Emilia-Romagna','61197'),(336,'Semper Rutrum Company','Ap #985-2705 Et Avenue','Bojano','Molise','94867'),(337,'Feugiat Industries','7075 Urna St.','Torgnon','Valle d\'Aosta','7127'),(338,'Nunc Consulting','P.O. Box 594, 2806 Aliquam Rd.','Cossignano','Marche','1982'),(339,'Molestie Orci Tincidunt Company','P.O. Box 838, 5784 Donec Ave','Massarosa','Toscana','10329'),(340,'Arcu Morbi Sit Foundation','P.O. Box 162, 1809 Aliquet. Street','Valera Fratta','Lombardia','595060'),(341,'Erat Vivamus Nisi Associates','9803 Nulla Street','Berceto','Emilia-Romagna','3167'),(342,'Malesuada Institute','Ap #671-3617 Nascetur Street','Piana degli Albanesi','Sicilia','4641'),(343,'Ipsum LLP','P.O. Box 456, 732 Nunc Ave','Asso','Lombardia','44993'),(344,'Cursus Diam Inc.','P.O. Box 823, 8094 Curabitur St.','Longano','Molise','5404'),(345,'Congue Turpis Institute','P.O. Box 997, 3231 Felis. Rd.','Torno','Lombardia','81303'),(346,'Neque Tellus Imperdiet Institute','481 Quis, Road','Segni','Lazio','21498'),(347,'Eu Euismod Company','834-2337 Blandit. Avenue','Milena','Sicilia','311081'),(348,'Nonummy Ipsum Non Incorporated','441-8340 Nibh Rd.','Sambuca Pistoiese','Toscana','8075'),(349,'Vivamus Rhoncus Donec Corp.','900-2180 Metus Av.','Falerone','Marche','79861'),(350,'Sit PC','9288 Sit Av.','Canterano','Lazio','40291'),(351,'Sociis Natoque Consulting','P.O. Box 144, 6638 Id, Ave','San Pietro al Tanagro','Campania','11811'),(352,'Quis Lectus Foundation','788-5317 Aliquet. St.','Castello di Godego','Veneto','0580'),(353,'Metus Vivamus Euismod Foundation','9065 Mauris Av.','Alvito','Lazio','30216-788'),(354,'Sit Amet Associates','654-2743 Vestibulum St.','Castel Guelfo di Bologna','Emilia-Romagna','L62 1TC'),(355,'Magna Sed Limited','283-6914 Ac Ave','Casnate con Bernate','Lombardia','13062-542'),(356,'Pede Praesent Corp.','5047 Tristique Ave','Sciacca','Sicilia','9387'),(357,'Non Leo Associates','P.O. Box 265, 5572 Fermentum Avenue','Ercolano','Campania','66310-628'),(358,'Facilisis Eget Ipsum Corporation','Ap #833-9893 Eros Av.','Lusevera','Friuli-Venezia Giulia','87310'),(359,'Ac Turpis Egestas Associates','P.O. Box 226, 6503 Dolor St.','Acquafredda','Lombardia','5501'),(360,'Ultrices PC','9688 Integer Av.','Villa Cortese','Lombardia','3472'),(361,'Lorem Ac Corporation','1550 Etiam St.','Sperlinga','Sicilia','7783'),(362,'Libero Corporation','Ap #362-1910 Et, Rd.','Colleretto Castelnuovo','Piemonte','P5C 2E1'),(363,'Ut Pharetra Sed Incorporated','P.O. Box 629, 258 Aliquam Road','Sant\'Angelo a Cupolo','Campania','XT9E 9UN'),(364,'Aliquam Eu Accumsan Incorporated','P.O. Box 400, 1833 Nullam Rd.','Grumo Appula','Puglia','34388'),(365,'Sapien Molestie Corp.','P.O. Box 769, 9708 Ullamcorper Rd.','Pastena','Lazio','27261'),(366,'Sem Limited','857-4464 Dui. Rd.','Brindisi','Puglia','18637'),(367,'Pede Ltd','888-3195 Mi Ave','Maglie','Puglia','39937'),(368,'Magna Suspendisse Institute','P.O. Box 458, 4402 Nascetur St.','Vauda Canavese','Piemonte','672578'),(369,'Donec Associates','Ap #509-1050 Facilisis, Rd.','Forgaria nel Friuli','Friuli-Venezia Giulia','5187'),(370,'Cras Company','P.O. Box 254, 6565 Montes, St.','Morolo','Lazio','805024'),(371,'Maecenas Consulting','5313 Augue Rd.','Verona','Veneto','8945'),(372,'Duis Risus Odio Company','9893 Non Avenue','Bassiano','Lazio','4177'),(373,'Auctor Corporation','165-5529 Nunc Street','Cimitile','Campania','27585'),(374,'Mattis Cras Corporation','Ap #453-7926 Velit St.','Ercolano','Campania','AS9O 7FM'),(375,'At Augue Id Limited','5684 Aliquet. Ave','San Polo d\'Enza','Emilia-Romagna','2940PO'),(376,'Lacus Inc.','8079 Mi Rd.','Malgesso','Lombardia','62138'),(377,'Nec Ligula Consectetuer Limited','Ap #784-2367 Mauris. Rd.','Oristano','Sardegna','60746'),(378,'Purus Maecenas Institute','P.O. Box 461, 9536 Arcu Ave','Calvi Risorta','Campania','5275'),(379,'Urna Nullam Lobortis PC','5945 Quisque Street','Bazzano','Emilia-Romagna','275884'),(380,'Donec Luctus Aliquet Corp.','P.O. Box 747, 1710 Orci Rd.','Castri di Lecce','Puglia','21385-566'),(381,'Interdum Incorporated','616 Proin Ave','Cavallino','Puglia','46782'),(382,'Aliquam Auctor Velit Industries','938-9362 Mauris St.','Fiumara','Calabria','36491'),(383,'Ridiculus Industries','538-6225 Neque. Ave','Masone','Liguria','35243-120'),(384,'Elit Corporation','P.O. Box 519, 3308 Luctus St.','Turriaco','Friuli-Venezia Giulia','R1Y 7Z9'),(385,'Tempus Non Ltd','488-7621 Aenean Av.','Maglie','Puglia','7831'),(386,'Eu Incorporated','P.O. Box 549, 7911 Ante. Rd.','Sulzano','Lombardia','J5W 1M1'),(387,'Diam Eu Dolor LLP','Ap #720-4901 Id, Rd.','Empoli','Toscana','05895'),(388,'Libero Morbi Accumsan Associates','8353 Fames Avenue','Sissa','Emilia-Romagna','3071IZ'),(389,'Et Tristique Pellentesque Company','Ap #336-140 Sagittis Ave','Cefalà Diana','Sicilia','HO11 5YH'),(390,'Et LLC','997-9035 Sit Ave','Santa Marina','Campania','30507'),(391,'Ullamcorper Incorporated','4851 Fringilla St.','Galbiate','Lombardia','21702'),(392,'Feugiat Consulting','382-4842 Aenean Ave','Capena','Lazio','48595'),(393,'Sem Consulting','Ap #350-4365 Sit Rd.','Nicolosi','Sicilia','63870'),(394,'Suspendisse Sed LLP','874-5024 Urna. Rd.','Salvirola','Lombardia','1971'),(395,'Tellus Phasellus Elit Company','524-2583 Pede. St.','Tresigallo','Emilia-Romagna','403480'),(396,'Fringilla Limited','6714 Mauris Av.','Rio nell\'Elba','Toscana','4202'),(397,'Montes Nascetur PC','Ap #405-2023 Lorem, Av.','Putignano','Puglia','OS6L 6XT'),(398,'Non Industries','788-4823 Tellus. Av.','Montebelluna','Veneto','1655'),(399,'Aliquam Iaculis Ltd','8126 A Av.','Cisano Bergamasco','Lombardia','30414'),(400,'Feugiat Tellus Lorem Inc.','Ap #880-7244 Dictum Avenue','Susegana','Veneto','978939');
/*!40000 ALTER TABLE `Cliente` ENABLE KEYS */;
UNLOCK TABLES;

--
-- Table structure for table `Dipendente`
--

DROP TABLE IF EXISTS `Dipendente`;
/*!40101 SET @saved_cs_client     = @@character_set_client */;
/*!40101 SET character_set_client = utf8 */;
CREATE TABLE `Dipendente` (
  `idDipendente` mediumint(8) NOT NULL AUTO_INCREMENT,
  `Nome` varchar(255) DEFAULT NULL,
  `Ruolo` varchar(255) DEFAULT NULL,
  `Eta` mediumint(9) DEFAULT NULL,
  PRIMARY KEY (`idDipendente`)
) ENGINE=InnoDB AUTO_INCREMENT=201 DEFAULT CHARSET=latin1;
/*!40101 SET character_set_client = @saved_cs_client */;

--
-- Dumping data for table `Dipendente`
--

LOCK TABLES `Dipendente` WRITE;
/*!40000 ALTER TABLE `Dipendente` DISABLE KEYS */;
INSERT INTO `Dipendente` VALUES (1,'Gregory Sherman','Semplice',28),(2,'Alyssa Mcpherson','Produzione',31),(3,'Veronica Whitney','Semplice',64),(4,'Ann Dennis','Produzione',35),(5,'Savannah Abbott','Semplice',27),(6,'Christian Barr','Specializzato',59),(7,'Jasper Osborn','Semplice',52),(8,'Louis Wiggins','Semplice',42),(9,'Hamilton Ramos','Semplice',49),(10,'Quail Roberson','Semplice',43),(11,'Malik Quinn','Specializzato!Semplice',62),(12,'Willow Mcknight','Specializzato!Semplice',34),(13,'Raymond Kinney','Responsabile',44),(14,'Dane Cole','Specializzato!Semplice',56),(15,'Fletcher Scott','Specializzato',33),(16,'Wanda Martinez','Semplice',51),(17,'Wing Graham','Semplice',53),(18,'Ann Harris','Specializzato',19),(19,'Giacomo Nunez','Semplice',26),(20,'Ruby Burks','Responsabile',24),(21,'Bruno Hopper','Responsabile',59),(22,'Urielle Herrera','Produzione',41),(23,'Mohammad Hunt','Specializzato',54),(24,'Ralph Yang','Produzione',32),(25,'Morgan Mcleod','Specializzato',32),(26,'Castor Lawrence','Semplice',65),(27,'Avram Torres','Semplice',46),(28,'Alexandra Osborne','Specializzato!Semplice',63),(29,'Jorden Hansen','Semplice',51),(30,'Shoshana Mclaughlin','Produzione',49),(31,'Tanisha Burch','Semplice',33),(32,'Alisa Burch','Semplice',37),(33,'Geoffrey Silva','Semplice',61),(34,'Carlos Alexander','Semplice',32);
/*!40000 ALTER TABLE `Dipendente` ENABLE KEYS */;
UNLOCK TABLES;

--
-- Table structure for table `Esecuzione`
--

DROP TABLE IF EXISTS `Esecuzione`;
/*!40101 SET @saved_cs_client     = @@character_set_client */;
/*!40101 SET character_set_client = utf8 */;
CREATE TABLE `Esecuzione` (
  `idLavorazione` mediumint(9) DEFAULT NULL,
  `idProdotto` mediumint(9) DEFAULT NULL,
  `idDipendente` mediumint(9) DEFAULT NULL,
  `Tempo` mediumint(9) DEFAULT NULL,
  KEY `p_idx` (`idProdotto`),
  KEY `d_idx` (`idDipendente`),
  KEY `l_idx` (`idLavorazione`),
  CONSTRAINT `p` FOREIGN KEY (`idProdotto`) REFERENCES `Prodotto` (`idProdotto`) ON DELETE NO ACTION ON UPDATE NO ACTION,
  CONSTRAINT `d` FOREIGN KEY (`idDipendente`) REFERENCES `Dipendente` (`idDipendente`) ON DELETE NO ACTION ON UPDATE NO ACTION,
  CONSTRAINT `l` FOREIGN KEY (`idLavorazione`) REFERENCES `Lavorazione` (`idLavorazione`) ON DELETE NO ACTION ON UPDATE NO ACTION
) ENGINE=InnoDB DEFAULT CHARSET=latin1;
/*!40101 SET character_set_client = @saved_cs_client */;

--
-- Dumping data for table `Esecuzione`
--

LOCK TABLES `Esecuzione` WRITE;
/*!40000 ALTER TABLE `Esecuzione` DISABLE KEYS */;
INSERT INTO `Esecuzione` VALUES (190,778,26,2),(441,407,29,67),(440,374,31,103),(889,244,34,90),(1181,11,23,28),(118,271,26,102),(1167,438,24,59),(938,723,31,50),(929,199,16,27),(65,932,34,113),(952,478,11,47),(1046,212,21,4),(866,898,30,96),(1075,686,33,100),(291,816,19,68),(410,186,15,92),(1069,287,12,102),(900,993,25,7),(769,9,33,18),(896,163,19,77),(414,477,6,98),(177,818,34,56),(654,986,18,117),(93,784,7,86),(979,160,19,104),(1071,532,12,42),(719,686,13,35),(950,838,18,10),(1284,730,11,58),(387,934,30,57),(1243,192,3,117),(284,787,20,21),(1222,163,22,117),(649,823,34,112),(404,813,10,105),(1147,218,2,18),(377,443,33,60),(1118,527,4,30),(426,891,8,43),(316,430,17,48),(47,559,1,32),(840,328,27,7),(660,723,24,105),(83,960,29,35),(32,947,29,40),(388,986,28,95),(362,35,26,78),(935,989,23,94),(1271,783,29,36),(1190,290,10,105),(629,588,7,93),(1070,730,11,110),(229,930,18,72),(553,638,12,36),(1213,287,30,51),(519,367,12,41),(1110,697,8,1),(1246,27,17,48),(818,657,7,102),(588,232,21,88),(124,998,17,98),(498,531,33,109),(1261,569,7,67),(258,478,6,30),(332,120,11,76),(387,587,26,64),(1024,671,22,29),(80,365,22,83),(684,153,5,43),(837,877,5,73),(1295,213,34,9),(1273,829,10,16),(451,457,11,53),(895,246,10,111),(1137,377,18,47),(1258,485,1,107),(1192,781,10,23),(1174,294,14,3),(1102,628,32,88),(556,922,5,47),(413,398,27,59),(20,255,28,3),(147,783,33,30),(860,72,14,46),(380,181,27,83),(470,885,27,102),(625,273,23,10),(538,46,29,30),(830,42,6,16),(609,301,10,51),(1160,382,21,118),(137,22,4,35),(526,122,23,105),(335,190,2,40),(475,72,27,116),(758,961,27,48),(727,148,6,14),(375,161,17,87),(604,36,30,77),(236,732,12,77),(579,900,15,76),(725,130,4,113),(782,56,26,36),(428,688,12,70),(662,83,3,29),(603,308,21,104),(506,553,23,9),(92,887,20,87),(364,405,19,86),(95,111,8,112),(451,879,4,8),(600,171,3,60),(763,157,3,44),(995,755,13,90),(197,255,22,51),(242,239,10,104),(681,412,10,33),(1226,312,15,44),(183,274,21,104),(506,331,26,85),(1035,171,22,72),(1075,828,19,99),(164,269,16,103),(115,132,7,64),(708,174,3,68),(248,977,18,90),(818,210,16,4),(615,862,13,27),(1296,824,10,96),(300,749,10,97),(243,692,9,96),(441,19,20,15),(768,936,13,75),(995,798,8,69),(377,913,14,6),(1104,293,2,80),(280,521,25,5),(304,205,31,91),(44,706,8,91),(353,898,11,87),(743,822,20,40),(492,914,26,65),(906,286,21,68),(431,942,29,108),(851,303,11,6),(1246,686,15,15),(352,414,31,51),(501,464,4,43),(1250,543,23,13),(476,868,10,76),(44,235,13,75),(270,976,12,111),(378,532,28,55),(370,472,15,74),(317,973,31,111),(877,48,18,4),(55,542,23,22),(1092,642,11,53),(1050,827,5,22),(989,952,22,67),(23,437,31,68),(229,309,22,97),(101,6,31,97),(1043,812,24,84),(669,735,23,55),(705,103,22,6),(65,590,33,95),(139,605,22,56),(934,983,19,115),(327,811,31,56),(84,478,27,21),(1151,204,5,90),(1270,636,14,61),(1021,91,26,61),(213,513,8,18),(825,283,30,43),(341,400,33,88),(695,257,14,59),(1220,165,22,112),(959,194,1,37),(77,637,29,111),(1214,944,10,106),(569,641,32,85),(568,694,28,89),(457,487,30,49),(1167,448,28,30),(628,596,25,61),(1227,980,16,68),(1117,690,26,60),(489,662,2,53),(408,123,34,99),(962,765,22,9),(33,578,15,17),(1077,30,32,79),(1280,599,28,86),(569,328,18,76),(570,353,10,37),(811,265,13,68),(352,735,7,62),(880,892,23,76),(691,576,6,1),(8,886,14,46),(822,397,5,3),(955,139,31,41),(1065,151,22,107),(338,540,21,46),(859,32,19,22),(1048,501,15,17),(544,161,11,106),(246,107,18,33),(76,935,25,27),(233,593,9,1),(970,814,24,55),(458,934,31,116),(13,977,1,15),(1096,224,19,71),(168,98,18,99),(543,173,18,5),(276,859,29,27),(397,76,4,82),(782,156,31,38),(1167,651,14,29),(1110,476,23,77),(679,42,13,10),(1290,231,19,26),(118,348,30,115),(975,147,16,6),(1173,472,25,44),(1232,391,18,48),(228,896,18,23),(494,514,25,10),(402,381,16,25),(1006,568,26,81),(196,451,23,8),(999,249,31,103),(194,985,28,75),(108,995,19,108),(779,572,20,77),(1219,781,14,39),(111,959,4,91),(853,121,10,7),(602,955,12,48),(710,96,4,79),(688,421,16,44),(624,667,26,50),(23,851,4,18),(133,717,14,28),(1006,706,3,20),(219,885,25,65),(230,185,7,46),(952,188,26,33),(160,834,2,79),(724,266,28,50),(1218,615,15,58),(1245,37,22,62),(178,69,17,110),(250,676,2,114),(517,80,3,35),(958,104,23,60),(275,191,11,78),(1295,871,9,76),(1115,58,13,24),(296,190,1,13),(1017,516,11,70),(1067,164,9,72),(1164,678,30,30),(937,616,34,33),(1078,998,15,11),(1235,89,24,89),(1021,591,27,84),(1242,338,15,41),(721,961,25,48),(387,110,22,16),(449,796,6,13),(922,299,18,28),(108,6,32,56),(725,924,17,104),(886,597,1,78),(82,414,29,29),(361,195,20,86),(1276,487,24,56),(134,384,17,87),(1054,509,11,45),(711,478,2,102),(142,451,18,97),(979,719,32,72),(582,865,15,21),(727,636,22,24),(920,87,12,9),(334,846,29,39),(37,158,30,70),(304,452,31,56),(836,641,32,12),(731,107,4,115),(1053,925,10,73),(1196,522,18,60),(263,755,32,10),(980,454,22,100),(516,35,8,55),(121,810,17,99),(1135,140,7,3),(415,97,3,10),(1105,730,20,64),(778,916,13,104),(1181,664,11,38),(436,325,14,56),(916,128,23,95),(178,693,9,22),(836,630,8,89),(594,265,8,57),(733,48,34,111),(1232,777,17,27),(20,900,13,80),(114,498,8,25),(838,780,11,19),(586,914,20,24),(611,217,6,28),(1127,871,22,30),(310,917,19,119),(641,542,2,25),(457,24,11,76),(1007,203,2,29),(1251,834,16,109),(947,656,33,50),(819,218,8,120),(1022,716,9,34),(1055,840,13,18),(1290,574,8,93),(263,507,16,86),(48,605,2,75),(862,933,29,3),(587,516,19,56),(776,843,17,26),(1133,642,16,6),(605,684,19,50),(564,149,25,98),(770,266,23,106),(800,886,8,16),(884,121,17,102),(820,497,12,118),(466,338,11,9),(1266,221,25,11),(1062,635,13,30),(574,227,13,81),(970,901,2,51),(158,259,17,111),(201,537,13,13),(655,896,24,80),(1044,508,21,97),(1119,505,26,30),(1264,57,2,60),(735,376,19,31),(596,950,26,5),(962,331,6,81),(1077,426,21,71),(922,362,2,28),(912,905,26,92),(1250,63,11,22),(851,522,28,13),(652,166,15,74),(853,864,1,73),(718,620,2,48),(717,653,25,85),(1107,571,22,75),(400,735,7,113),(70,510,13,28),(1268,155,26,108),(469,186,13,30),(394,220,13,64),(133,712,14,83),(1037,9,15,80),(692,458,8,49),(115,912,24,53),(392,134,25,104),(193,910,26,55),(1296,625,16,85),(525,298,11,113),(814,483,17,48),(890,36,20,107),(1145,109,2,118),(1039,538,21,79),(451,462,24,40),(357,604,12,91),(966,911,14,21),(299,603,25,33),(1031,92,19,23),(772,81,18,59),(926,380,22,111),(566,88,31,23),(1289,885,30,113),(292,240,18,94),(1156,643,26,14),(718,808,33,98),(833,351,16,60),(788,743,20,2),(1278,499,34,79),(1167,372,12,119),(206,523,32,3),(1011,281,15,110),(1096,608,2,61),(380,168,2,52),(416,374,14,93),(781,977,3,102),(94,112,18,108),(1041,616,34,120),(46,294,11,28),(1004,760,7,108),(1010,616,32,120),(437,988,21,88),(492,361,17,111),(279,780,22,108),(1106,158,7,26),(1268,13,34,104),(147,103,10,54),(741,901,31,92),(1019,519,5,96),(1097,972,24,4),(932,642,23,68),(1119,753,15,72),(426,524,1,106),(1048,521,8,70),(385,551,26,75),(486,241,12,11),(138,706,17,80),(636,342,4,76),(133,990,22,32),(1001,917,8,43),(1147,789,1,41),(383,511,12,64),(208,531,29,102),(867,715,26,67),(1162,80,6,83),(1081,889,24,37),(469,315,31,97),(218,54,2,21),(1200,578,29,104),(612,724,10,12),(926,870,7,97),(1131,692,21,46),(552,785,18,55),(120,907,17,51),(788,119,26,91),(313,379,26,89),(12,502,10,73),(1024,716,19,85),(982,171,6,112),(316,570,19,17),(601,940,16,16),(1064,970,9,31),(889,678,12,32),(1028,688,12,6),(952,964,20,38),(513,109,31,16),(682,501,4,61),(1103,454,26,13),(803,510,34,12),(253,820,23,18),(965,226,21,1),(1282,136,23,63),(1245,540,2,114),(927,29,20,87),(169,52,7,60),(348,185,18,100),(1136,717,8,31),(318,674,27,100),(357,181,2,68),(846,275,14,70),(845,437,9,99),(293,939,8,69),(898,389,15,115),(1190,299,23,15),(1212,91,6,31),(704,808,16,54),(471,982,24,27),(546,634,22,6),(431,400,19,62),(1262,568,4,108),(1057,72,33,58),(1057,356,11,89),(450,200,13,85),(853,774,14,47),(174,378,4,60),(1,350,33,115),(1094,168,11,1),(1186,804,15,83),(369,792,33,8),(509,14,27,40),(577,134,25,64),(157,84,20,30),(26,931,26,79),(1282,723,3,106),(1260,249,19,12),(941,151,6,82),(583,271,32,72),(973,387,28,46),(1084,589,8,8),(568,310,28,91),(943,296,8,104),(809,257,20,39),(323,24,12,4),(1241,658,9,89),(763,819,31,4),(917,299,1,38),(623,425,14,89),(272,969,14,65),(1130,672,19,87),(963,402,2,1),(32,211,7,24),(214,757,32,43),(1164,308,4,42),(796,176,15,30),(718,643,21,89),(81,321,5,80),(794,287,1,23),(817,176,25,2),(1198,797,30,72),(390,309,28,13),(979,491,18,99),(708,673,3,8),(416,97,26,24),(456,7,32,87),(122,348,13,112),(1196,523,29,54),(41,923,31,56),(482,788,3,98),(670,735,11,118),(197,198,2,66),(730,734,27,87),(97,997,28,60),(585,72,32,25),(86,253,2,101),(822,574,7,101),(1237,334,31,41),(153,110,28,110),(556,15,30,65),(195,588,34,114),(2,51,9,100),(169,885,32,95),(295,685,22,81),(1026,255,30,3),(327,61,7,96),(628,381,12,40),(148,102,13,113),(1036,330,16,29),(516,129,22,12),(480,44,13,106),(1055,565,23,35),(507,151,19,57),(531,907,22,3),(434,973,34,65),(414,398,15,64),(1228,46,8,4),(1099,333,33,8),(542,535,23,97),(166,980,27,49),(973,223,32,41),(141,572,31,115),(104,784,28,29),(553,176,7,82),(681,95,17,37),(573,607,1,82),(328,606,33,20),(32,834,2,87),(704,813,31,9),(880,404,8,98),(323,556,27,66),(442,881,27,56),(1091,852,22,101),(1144,182,5,71),(815,459,9,2),(383,30,22,37),(159,832,18,35),(195,777,25,94),(721,745,31,98),(1067,967,1,42),(612,607,2,14),(146,630,33,48),(670,125,1,12),(728,845,8,97),(494,730,1,5),(286,595,21,81),(149,535,1,34),(691,724,8,52),(1215,597,14,17),(674,766,17,97),(19,21,25,83),(750,987,33,110),(1069,249,28,42),(120,770,20,109),(785,634,12,21),(612,632,19,112),(108,444,26,89),(679,574,9,47),(748,599,28,43),(689,737,15,45),(791,294,20,10),(549,169,16,5),(967,838,2,54),(689,740,26,96),(204,866,10,23),(19,763,26,92),(124,1000,32,83),(716,716,8,98),(1290,688,2,93),(991,479,21,52),(906,482,23,56),(796,778,13,100),(418,218,32,96),(934,512,22,69),(1238,587,4,28),(1294,760,5,105),(1017,826,25,9),(345,686,13,54),(1281,99,4,112),(1295,566,25,27),(269,757,17,115),(1165,41,22,29),(234,992,10,29),(1083,227,16,120),(866,716,21,35),(709,301,5,66),(1277,790,19,72),(1241,606,26,110),(1039,217,23,48),(492,146,17,46),(658,56,32,77),(1171,336,4,53),(1146,391,30,48),(1209,85,20,95),(1253,135,24,4),(925,343,23,55),(1168,511,21,9),(943,412,20,106),(898,490,18,115),(331,608,12,119),(723,299,10,98),(612,234,18,61),(1190,375,30,24),(1035,69,12,68),(1253,905,3,115),(136,69,26,109),(235,588,15,80),(156,585,3,107),(237,710,16,11),(851,98,20,114),(559,870,10,25),(86,252,6,120),(123,714,27,15),(102,759,28,65),(1293,893,27,73),(933,808,17,10),(1185,673,24,55),(742,250,23,65),(138,442,9,3),(888,90,6,55),(896,751,20,99),(371,829,3,49),(644,353,30,4),(364,292,26,27),(204,210,24,24),(745,487,17,48),(677,876,12,59),(507,546,34,46),(725,317,14,100),(619,596,7,67),(1142,446,16,69),(932,326,25,69),(671,641,8,112),(625,586,12,31),(70,980,22,120),(1008,714,27,49),(406,839,26,119),(786,421,29,105),(1023,397,23,97),(714,969,2,67),(643,994,9,80),(294,373,13,73),(824,668,27,60),(447,818,2,21),(543,81,20,86),(333,427,34,112),(1187,183,29,60),(189,89,13,90),(694,248,23,26),(458,31,9,109),(418,263,25,97),(1142,735,5,102),(44,613,17,92),(560,248,15,86),(304,243,14,29),(1107,663,20,33),(912,903,25,12),(846,445,18,102),(983,19,2,85),(809,125,3,84),(645,362,30,26),(845,522,24,34),(923,700,16,117),(1229,787,12,11),(128,669,32,93),(166,471,14,93),(22,854,8,86),(450,16,24,36),(514,374,24,1),(1228,761,14,40),(1150,682,32,63),(821,733,18,63),(1000,114,3,39),(442,411,12,64),(1195,190,16,113),(654,975,11,73),(630,833,16,12),(496,473,17,41),(688,306,4,114),(131,507,2,88),(627,855,26,106),(728,761,18,48),(554,715,16,98),(284,798,20,63),(1201,33,5,103),(1022,909,16,87),(113,975,15,69),(495,885,25,41),(685,309,33,31),(124,842,27,93),(612,20,22,57),(115,969,18,113),(44,293,25,60),(400,555,9,104),(1095,288,24,64),(1062,31,34,44),(353,579,13,46),(174,536,16,43),(614,37,22,100),(951,579,14,32),(607,638,27,72),(336,721,29,61),(855,522,34,75),(931,224,19,71),(1022,874,30,75),(164,207,25,14),(144,745,7,7),(1078,838,3,44),(309,388,12,85),(679,134,3,67),(505,553,18,9),(613,37,15,88),(445,235,20,115),(1149,494,7,106),(625,553,4,28),(1117,719,29,117),(1038,5,2,3),(348,254,5,79),(917,823,7,43),(851,929,29,70),(451,682,17,110),(908,348,9,48),(1082,153,5,87),(507,191,8,32),(416,338,11,112),(614,396,24,37),(974,539,17,81),(441,17,3,7),(1078,825,16,101),(184,689,1,28),(425,688,1,64),(776,896,31,33),(983,101,23,101),(654,414,4,4),(723,19,25,56),(261,79,32,4),(1204,168,34,104),(1034,98,31,41),(1044,503,14,11),(1152,552,2,86),(557,281,16,107),(515,24,6,80),(489,851,27,109),(157,393,2,114),(788,983,3,15),(982,171,29,91),(395,383,13,66),(905,708,19,17),(213,786,17,44),(1291,78,2,63),(17,938,16,98),(510,935,16,41),(1104,424,18,15),(230,727,33,96),(1054,851,19,35),(502,618,17,107),(45,480,34,4),(481,160,20,20),(119,491,1,85),(830,468,18,83),(526,922,15,37),(496,731,8,59),(1273,318,22,110),(123,758,13,2),(678,785,12,116),(603,422,15,8),(150,897,24,107),(919,835,28,17),(903,477,8,98),(1112,328,28,105),(213,601,22,44),(27,120,8,79),(117,433,30,18),(722,828,6,45),(237,981,2,6),(1049,903,21,113),(29,664,4,28),(984,235,20,118),(748,641,2,78),(871,891,29,76),(941,678,4,15),(470,233,1,28),(468,873,11,19),(984,448,16,5),(525,679,19,77),(216,816,5,72),(85,647,13,11),(970,651,31,88),(689,830,20,106),(1287,251,33,24),(660,642,33,118),(1156,845,8,26),(996,599,28,116),(933,128,19,50),(856,506,13,88),(1110,706,19,72),(1021,902,30,119),(1049,38,26,96),(287,167,3,107),(279,397,22,87),(1075,477,12,70),(1223,329,26,34),(306,284,25,56),(857,64,5,105),(539,525,13,33),(1050,154,17,6),(1005,350,31,47),(6,525,30,52),(699,520,24,25),(577,176,24,116),(729,409,17,86),(379,268,15,115),(849,237,3,89),(1218,654,9,109),(286,289,6,11),(191,357,31,30),(357,223,13,96),(493,945,14,34),(97,19,33,48),(231,612,26,91),(833,925,17,57),(1108,841,13,11),(333,945,33,58),(925,408,27,113),(887,322,29,17),(41,530,19,83),(492,32,30,18),(324,228,28,86),(565,932,12,3),(111,752,11,108),(811,680,26,17),(76,186,3,105),(712,761,32,68),(781,651,26,7),(1140,468,24,52),(371,231,29,63),(1278,26,8,109),(909,466,7,50),(567,50,16,75),(1207,92,10,103),(325,526,18,30),(314,587,27,25),(382,98,8,6),(693,748,28,30),(670,882,19,88),(500,533,20,41),(349,299,24,62),(450,14,6,105),(1196,872,16,28),(22,744,16,56),(247,976,2,51),(831,170,17,115),(443,492,16,54),(582,223,20,14),(148,944,7,111),(594,781,20,7),(631,243,25,102),(888,194,9,17),(765,431,4,103),(962,18,6,12),(697,463,26,37),(1265,556,14,101),(1020,259,25,104),(1003,575,19,74),(218,344,9,33),(1160,587,5,72),(561,546,6,78),(715,247,27,96),(670,624,26,41),(303,963,4,51),(1005,460,4,31),(831,685,25,111),(590,140,7,15),(948,679,13,12),(529,169,22,31),(804,946,28,14),(38,442,5,8),(1203,560,10,58),(385,177,9,112),(306,6,11,99),(538,203,31,60),(630,89,4,34),(960,487,16,11),(793,762,9,65),(768,354,19,86),(486,406,24,45),(1162,646,12,116),(1251,20,29,2),(1279,752,33,27),(1196,764,25,6),(1281,967,25,99),(363,831,34,8),(620,232,8,100),(861,103,4,24),(620,463,32,58),(1128,479,34,16),(1280,912,32,115),(337,251,27,21),(694,295,22,13),(86,931,17,99),(605,911,28,49),(1138,919,31,53),(259,415,28,31),(1277,146,9,56),(1156,373,34,63),(933,879,8,66),(273,365,29,16),(1079,461,6,96),(269,691,30,95),(1246,288,5,3),(851,856,26,120),(165,858,27,98),(779,261,9,6),(148,824,24,51),(815,215,3,79),(466,34,26,65),(563,25,23,25),(581,118,23,19),(1105,866,34,108),(905,206,4,3),(209,225,12,20),(942,97,5,42),(295,727,2,71),(1292,877,27,47),(486,850,5,8),(1074,487,9,79),(463,276,30,48),(132,491,1,84),(1268,433,4,58),(1016,589,6,65),(1022,463,14,59),(895,757,14,15),(517,889,30,120),(1212,824,15,55),(179,134,15,33),(1258,887,27,45),(839,385,23,95),(246,753,22,116),(659,247,22,88),(475,104,14,117),(698,332,5,1),(1044,822,25,75),(796,973,16,89),(681,110,1,28),(440,734,2,45),(100,748,5,15),(258,278,27,9),(593,505,23,84),(171,514,2,93),(378,56,14,72),(1059,300,19,43),(8,934,31,32),(1277,490,25,37),(331,423,6,50),(973,159,21,66),(1104,16,7,73),(764,644,2,88),(1216,378,14,98),(836,665,6,120),(520,410,1,83),(1130,337,27,50),(1198,84,9,13),(769,308,23,30),(846,423,6,53),(911,732,31,30),(629,508,13,102),(1091,135,18,54),(826,500,2,18),(159,200,24,114),(728,901,28,64),(624,683,33,100),(770,176,24,105),(739,541,7,112),(447,557,34,83),(181,480,31,79),(1280,530,26,75),(637,802,1,65),(961,229,21,30),(592,86,26,57),(900,957,19,78),(770,567,32,26),(826,588,16,74),(765,638,27,22),(861,734,7,119),(339,794,27,80),(6,358,14,105),(31,566,23,3),(1075,683,11,59),(258,75,19,119),(359,991,30,76),(1024,283,28,91),(202,35,9,41),(228,362,29,91),(298,494,20,59),(833,803,8,84),(126,640,8,15),(1200,981,31,55),(930,768,28,109),(467,476,10,111),(470,411,11,87),(1076,832,26,32),(133,412,30,54),(893,479,1,9),(1089,833,26,81),(677,990,24,13),(1004,137,10,92),(474,434,18,47),(113,623,10,76),(1056,151,17,47),(773,338,17,68),(879,693,18,20),(686,678,33,104),(1272,48,19,35),(123,196,10,88),(3,354,6,53),(415,712,12,107),(52,838,4,44),(323,454,34,107),(433,952,8,32),(428,453,19,78),(593,546,18,118),(673,232,19,6),(653,877,3,118),(769,647,19,2),(763,98,3,52),(1260,7,19,70),(1012,537,12,105),(650,542,32,59),(1274,524,13,95),(244,345,34,38),(99,160,6,7),(1,846,18,30),(492,961,30,83),(1060,689,7,38),(1153,951,16,93),(861,500,14,67),(684,557,29,107),(852,311,1,24),(812,218,6,16),(1120,84,28,56),(1053,15,34,56),(509,543,24,65),(962,981,27,80),(326,312,15,113),(570,548,6,93),(133,799,9,39),(312,853,20,13),(230,787,32,20),(584,794,32,27),(1057,383,15,84),(620,480,15,78),(1291,558,25,80),(1056,92,12,90),(1218,143,19,72),(1121,194,2,43),(806,314,17,104),(1064,409,15,65),(32,950,20,8),(1098,605,29,52),(125,192,19,7),(311,572,28,86),(753,836,23,71),(808,315,15,74),(352,441,22,58),(1298,179,12,22),(282,893,18,17),(820,787,16,1),(1213,351,10,18),(588,646,26,19),(432,514,24,25),(1104,956,30,52),(549,358,7,50),(648,789,25,35),(481,313,12,72),(952,485,31,46),(991,520,5,11),(917,83,26,83),(966,386,9,53),(304,363,27,98),(482,605,31,65),(76,3,12,96),(319,682,25,73),(180,258,13,14),(1020,961,14,75),(701,748,8,15),(1073,185,10,101),(225,658,29,59),(1273,41,22,92),(568,225,28,58),(402,765,32,38),(307,465,15,6),(919,475,30,104),(920,693,3,48),(677,161,18,104),(663,348,20,100),(383,538,21,27),(469,407,26,26),(1187,849,7,104),(379,507,10,14),(173,734,33,72),(1177,442,22,20),(12,864,14,72),(1240,724,7,117),(973,221,31,35),(508,976,27,87),(1248,881,13,20),(608,343,12,46),(1300,834,12,44),(1192,232,7,46),(717,591,23,80),(196,91,25,4),(712,3,22,48),(386,248,23,32),(236,187,1,35),(1103,765,21,72),(1112,576,11,48),(804,138,14,30),(619,171,26,5),(939,302,15,29),(1125,603,22,93),(1139,827,18,32),(82,282,1,93),(1115,244,12,10),(172,790,22,67),(243,722,27,116),(1166,524,15,105),(1004,776,25,116),(1133,47,28,84),(376,778,10,49),(1107,510,5,83),(866,843,1,102),(190,490,33,104),(298,227,4,48),(1094,999,1,109),(1089,623,15,16),(87,22,24,16),(207,533,11,11),(343,231,25,37),(467,374,29,71),(241,920,30,64),(126,50,24,108),(820,445,11,115),(1176,313,31,53),(314,476,34,57),(392,49,13,117),(1001,551,26,84),(850,289,24,94),(547,248,8,77),(148,772,33,71),(604,111,13,13),(786,524,33,66),(1081,729,11,105),(1137,511,7,94),(141,626,13,104),(82,290,13,8),(372,737,7,46),(1281,234,24,39),(985,33,13,93),(707,673,15,93),(206,356,12,47),(1025,225,3,92),(1266,509,27,112),(1209,345,33,85),(582,595,32,81),(917,576,30,37),(1175,18,16,58),(188,505,32,75),(1257,127,2,119),(232,238,12,30),(686,51,7,32),(647,197,13,59),(1203,692,31,106),(48,657,32,24),(930,683,30,73),(1253,496,23,32),(339,431,18,55),(1170,591,23,72),(841,486,32,23),(566,204,29,6),(732,578,16,107),(175,473,10,23),(618,955,11,81),(923,528,24,33),(57,971,25,79),(887,3,4,76),(1156,215,3,102),(346,445,14,35),(1025,570,29,78),(1003,242,6,53),(552,511,22,39),(1197,569,9,56),(421,523,25,101),(1052,651,3,103),(844,135,20,102),(1163,727,9,49),(455,785,8,80),(131,705,4,86),(213,94,3,116),(63,548,22,77),(238,541,29,15),(517,956,7,80),(235,397,29,46),(1011,378,33,91),(738,274,28,10),(281,460,25,67),(453,948,18,62),(310,634,8,45),(955,122,7,33),(1287,245,22,49),(1101,831,10,75),(346,609,20,54),(679,724,9,45),(500,864,16,7),(20,719,6,101),(132,330,21,73),(1157,257,25,56),(810,869,1,10),(345,763,6,112),(263,839,16,107),(122,547,27,40),(668,457,5,17),(199,516,19,11),(351,573,26,97),(977,335,15,64),(756,812,19,88),(810,434,20,113),(369,200,17,67),(534,751,5,99),(446,784,32,9),(1204,392,18,49),(473,702,16,31),(211,810,28,37),(767,895,12,64),(213,331,23,80),(303,156,3,113),(897,20,27,58),(1007,704,32,87),(94,809,2,43),(1182,133,12,26),(1061,981,15,111),(640,200,6,86),(526,327,27,30),(434,360,3,72),(1174,756,22,80),(1169,209,5,88),(840,840,28,102),(1129,306,7,85),(112,40,17,27),(961,754,16,88),(425,978,20,18),(23,365,27,53),(618,229,30,85),(494,94,12,108),(526,88,5,84),(404,496,12,16),(635,441,29,113),(1109,298,26,83),(1120,660,22,74),(473,776,3,26),(221,793,7,29),(438,94,11,40),(309,417,26,62),(1200,79,4,95),(615,838,34,63),(966,576,17,66),(130,931,10,106),(65,488,33,43),(1083,900,1,103),(929,211,19,117),(952,897,34,60),(47,233,16,38),(403,471,13,48),(894,225,18,28),(1126,493,16,103),(613,723,26,1),(598,829,17,30),(1155,126,3,40),(671,533,16,102),(454,999,6,2),(636,823,12,64),(95,551,4,100),(1145,807,24,38),(1009,106,15,72),(265,375,11,20),(124,481,28,82),(1276,959,1,91),(384,231,32,89),(817,958,5,47),(1267,749,30,91),(598,987,33,28),(565,548,21,115),(461,140,32,72),(681,195,14,34),(928,186,16,56),(266,501,19,50),(449,924,23,15),(502,999,8,69),(1086,433,18,39),(1150,701,15,105),(949,885,19,14),(1002,581,19,9),(1125,401,22,66),(454,793,11,14),(805,938,6,103),(857,390,16,58),(664,607,9,99),(367,266,27,90),(907,832,4,43),(99,728,18,71),(1283,356,33,83),(609,213,23,44),(1298,251,27,76),(536,611,24,62),(877,922,24,60),(847,713,29,37),(1037,5,29,120),(60,53,30,17),(207,758,27,7),(536,17,32,103),(97,52,26,101),(290,369,15,11),(65,286,1,79),(980,914,27,92),(344,133,34,32),(830,551,21,37),(498,309,33,59),(1059,260,3,79),(506,654,12,70),(1158,705,1,48),(628,73,13,14),(340,618,32,90),(1035,564,28,102),(1267,144,25,6),(23,13,5,87),(761,356,1,11),(581,287,4,27),(1220,23,10,39),(1132,283,21,71),(953,170,3,109),(451,151,8,46),(873,110,26,39),(1253,455,34,102),(1155,103,34,75),(879,797,16,18),(724,521,15,2),(979,852,15,21),(854,346,28,86),(86,251,17,49),(67,247,22,47),(699,852,11,43),(852,703,29,49),(356,185,29,24),(165,710,27,34),(730,998,10,108),(222,801,19,33),(480,471,28,97),(475,539,16,43),(865,895,29,92),(1207,232,24,46),(46,991,33,59),(1174,337,11,25),(559,452,21,11),(1235,173,10,38),(482,51,8,18),(431,454,4,98),(727,472,28,26),(419,263,13,62),(876,300,12,90),(1108,851,4,24),(1023,730,21,113),(336,649,2,24),(913,925,5,116),(1162,231,16,74),(894,136,1,107),(213,438,20,118),(32,134,29,50),(797,540,16,26),(1032,676,24,35),(898,81,17,1),(448,147,33,109),(1067,609,11,100),(618,88,29,71),(815,330,34,69),(791,520,27,60),(1201,85,3,59),(716,720,9,72),(330,632,33,46),(381,817,16,25),(974,342,22,76),(155,939,4,48),(594,994,20,33),(831,976,24,39),(910,344,27,34),(855,963,8,41),(1150,122,28,38),(1224,797,26,89),(642,469,27,58),(203,494,33,83),(442,169,11,118),(178,309,2,82),(426,985,31,21),(979,213,33,96),(280,685,19,2),(649,52,17,40),(234,435,8,76),(312,515,13,32),(1240,747,31,50),(804,196,27,8),(186,510,29,28),(925,147,27,12),(716,713,34,79),(252,286,12,28),(545,996,33,47),(917,306,14,64),(1018,411,32,99),(904,430,10,94),(446,20,34,106),(1201,612,17,82),(411,532,24,82),(837,548,19,20),(247,112,13,113),(623,305,2,10),(93,671,20,72),(236,735,12,12),(1178,63,9,106),(723,293,6,111),(915,279,5,118),(548,298,29,5),(376,950,19,91),(300,22,9,61),(1203,286,12,53),(856,488,29,59),(748,47,7,89),(90,182,1,25),(276,593,30,87),(706,333,5,45),(975,451,26,90),(129,99,12,61),(395,372,5,52),(402,536,3,87),(659,731,24,68),(211,592,30,65),(1123,662,1,89),(689,852,30,3),(199,388,19,112),(463,61,30,5),(1258,644,8,8),(625,19,13,59),(44,805,30,34),(687,417,22,48),(821,164,25,119),(258,571,24,97),(830,176,30,67),(1130,863,11,32),(868,285,6,58),(964,892,23,71),(258,593,15,88),(465,837,28,52),(1038,849,26,106),(406,82,12,110),(408,809,6,80),(547,42,2,67),(406,335,28,70),(35,272,19,24),(1014,665,4,102),(150,382,6,51),(159,253,17,85),(814,285,22,120),(331,735,22,91),(1036,304,12,9),(1111,846,31,74),(602,883,16,26),(499,692,12,118),(905,405,17,101),(463,280,15,11),(538,148,17,71),(619,1,15,117),(931,323,15,44),(29,540,16,36),(1261,403,34,87),(80,978,4,105),(118,690,24,82),(899,375,19,118),(743,163,17,49),(709,750,29,96),(54,295,4,67),(382,591,24,83),(213,146,9,37),(420,894,21,42),(588,168,5,97),(58,194,16,68),(536,918,33,98),(295,199,14,79),(312,22,24,57),(987,775,22,107),(1270,161,19,68),(288,459,5,57),(1292,477,26,19),(1033,346,25,61),(299,569,31,20),(134,449,17,47),(626,644,17,43),(1245,580,1,48),(587,11,6,103),(1274,366,2,17),(335,979,1,28),(1289,950,26,16),(144,57,25,102),(223,994,8,95),(260,82,22,5),(656,611,30,3),(600,636,9,49),(784,224,14,108),(501,137,6,45),(403,336,19,62),(475,16,16,90),(985,119,34,109),(756,770,8,19),(298,390,26,113),(1193,916,24,2),(878,744,7,92),(324,143,26,17),(856,480,4,118),(1155,947,5,108),(888,268,12,69),(927,919,13,3),(808,296,2,108),(838,237,34,84),(294,94,12,107),(1214,668,14,13),(166,512,6,86),(1085,979,8,85),(267,268,26,118),(453,254,26,57),(1217,41,34,60),(45,635,29,74),(758,121,21,106),(508,547,28,88),(154,420,7,67),(119,980,5,64),(564,328,8,23),(561,782,1,48),(621,785,25,48),(161,520,23,18),(478,746,4,110),(795,679,7,117),(428,818,32,64),(208,354,4,74),(1028,426,28,47),(475,800,18,54),(558,505,29,103),(675,505,31,8),(318,890,23,105),(646,486,14,85),(136,428,29,26),(1026,301,22,8),(730,564,23,38),(349,663,14,107),(729,908,20,93),(835,695,1,92),(602,622,21,38),(298,384,8,104),(729,436,31,40),(1081,709,20,68),(743,53,33,25),(1063,30,28,3),(402,136,12,46),(584,883,5,85),(676,877,22,107),(765,423,11,88),(166,822,23,73),(570,356,17,7),(573,659,32,66),(1243,925,28,23),(915,434,30,36),(558,368,11,84),(1028,666,5,66),(124,722,9,74),(1212,284,22,56),(617,355,8,45),(1153,555,28,44),(553,727,1,110),(1096,990,24,54),(332,209,15,30),(282,656,22,67),(239,673,30,42),(442,124,8,58),(838,853,31,2),(454,600,9,89),(706,128,25,99),(939,919,2,111),(3,275,13,33),(1184,415,25,10),(1117,109,16,58),(199,546,19,113),(1168,835,2,31),(768,297,33,45),(774,530,34,25),(660,454,18,43),(1149,396,24,33),(504,781,7,69),(1042,776,18,51),(389,819,9,25),(1045,364,8,119),(793,698,22,47),(1218,975,25,2),(1006,308,1,4),(784,70,34,4),(517,24,25,50),(1269,683,17,77),(858,273,29,43),(850,882,32,115),(657,421,16,3),(208,757,13,43),(486,246,21,57),(776,911,16,25),(632,755,1,62),(721,272,22,90),(1178,918,8,42),(179,340,19,4),(586,454,23,80),(1220,557,6,76),(655,771,13,18),(593,483,20,43),(131,162,7,41),(1256,249,1,51),(41,807,8,35),(509,192,1,30),(31,974,12,30),(479,109,13,77),(961,367,25,1),(555,5,33,69),(861,290,26,45),(1204,490,30,116),(1081,578,4,39),(929,262,5,18),(751,517,26,66),(753,527,12,56),(117,616,10,2),(723,473,19,41),(353,123,12,51),(1201,800,28,4),(875,452,12,32),(134,265,11,30),(1074,871,1,14),(126,485,32,108),(672,496,21,29),(1260,304,7,107),(1298,404,16,70),(1222,929,11,23),(184,489,22,4),(102,469,5,41),(649,351,19,44),(1090,586,8,114),(724,652,24,1),(847,897,9,12),(1055,825,10,39),(964,401,10,110),(50,103,12,89),(317,832,29,17),(496,85,22,41),(558,721,17,17),(188,773,2,18),(35,452,2,24),(682,237,12,119),(46,906,23,45),(251,301,31,63),(1286,273,18,97),(931,183,31,66),(93,317,5,32),(443,889,25,69),(553,808,18,45),(137,807,21,96),(397,177,9,37),(135,830,23,46),(58,744,23,102),(1205,968,20,109),(735,552,12,55),(13,264,1,51),(1196,914,30,66),(685,33,18,98),(590,697,29,110),(791,870,4,68),(1150,339,22,10),(518,782,33,72),(494,675,29,86),(406,976,16,101),(321,808,15,21),(1128,400,27,6),(923,50,19,109),(1112,168,24,50),(445,336,30,8),(284,353,6,12),(531,631,32,18),(618,139,14,95),(111,544,28,65),(1033,384,9,105),(270,526,16,76),(607,95,31,28),(1157,353,9,66),(437,682,1,93),(158,411,24,111),(999,387,31,60),(985,672,11,49),(1131,690,33,22),(990,248,27,80),(957,621,5,17),(1232,83,27,115),(1009,159,23,116),(853,438,6,37),(1106,175,18,27),(699,817,7,75),(391,933,2,25),(688,107,20,76),(178,812,4,31),(502,345,31,84),(150,56,18,49),(9,130,31,51),(145,534,24,41),(1175,210,8,69),(1043,824,31,108),(87,784,12,44),(672,662,22,12),(130,439,15,76),(941,387,22,16),(1201,449,5,42),(196,547,17,99),(835,985,32,114),(856,640,8,66),(360,109,4,62),(1041,766,20,80),(675,70,23,7),(781,875,21,28),(446,542,34,105),(377,352,33,67),(599,280,9,40),(315,418,5,119),(28,608,3,34),(554,643,20,22),(1059,780,32,21),(1204,627,15,41),(1114,590,24,16),(754,565,23,29),(1136,966,26,119),(154,559,28,101),(833,28,14,27),(1036,79,7,3),(1182,484,6,22),(454,923,5,35),(318,385,20,8),(69,868,6,48),(1134,973,26,56),(375,967,19,36),(750,625,20,43),(1228,640,34,106),(1086,224,11,115),(486,767,31,42),(384,482,28,48),(675,149,19,104),(221,203,16,7),(867,720,19,1),(1122,833,28,72),(635,457,7,33),(186,168,15,77),(514,910,4,90),(758,635,23,28),(339,77,5,13),(1064,828,4,17),(1189,551,21,117),(1297,773,13,107),(602,218,25,42),(308,915,16,13),(507,862,20,17),(439,237,30,23),(856,600,5,35),(1079,394,29,53),(428,867,16,88),(1253,813,30,31),(721,536,3,89),(1296,816,6,45),(1028,141,21,51),(821,844,1,23),(43,824,1,68),(313,135,7,34),(758,272,15,113),(794,558,5,85),(860,350,2,22),(71,415,22,21),(1265,981,15,90),(1228,123,21,13),(671,707,12,65),(143,412,7,43),(68,627,15,88),(371,938,14,48),(1100,927,3,64),(132,824,13,101),(449,894,20,18),(984,140,29,77),(271,521,24,15),(790,57,34,15),(547,403,14,30),(428,785,21,106),(774,7,1,13),(931,446,7,50),(1182,543,16,119),(299,753,7,24),(313,329,18,69),(23,281,32,88),(195,105,9,20),(59,280,34,113),(547,465,17,65),(139,208,1,58),(36,935,17,8),(1169,646,9,71),(583,221,18,84),(595,846,18,49),(317,436,11,42),(662,290,32,80),(411,598,19,91),(364,104,4,16),(211,588,22,95),(984,981,31,41),(1194,801,27,96),(862,472,23,36),(1225,207,20,64),(956,637,22,52),(712,752,1,72),(774,609,24,63),(987,272,21,99),(277,681,17,83),(309,863,20,57),(1052,757,23,65),(1009,233,22,13),(445,793,12,51),(1121,253,29,59),(437,800,6,60),(674,631,9,5),(827,605,4,110),(1152,686,8,45),(1244,661,31,28),(969,521,11,45),(208,12,24,79),(30,639,27,31),(961,800,27,30),(46,301,33,84),(629,613,6,46),(334,483,11,99),(1225,98,13,27),(487,681,3,63),(150,72,17,9),(554,715,7,82),(70,920,11,76),(319,705,4,36),(495,623,17,67),(247,44,5,15),(1207,570,25,104),(788,297,22,103),(504,571,27,89),(1242,153,5,89),(207,910,6,104),(1086,289,20,70),(975,40,8,39),(1234,771,5,101),(1057,920,22,30),(1270,461,28,30),(1012,607,34,83),(859,154,20,45),(25,874,17,67),(947,463,34,59),(1128,64,19,23),(378,782,10,76),(664,838,33,19),(88,682,9,85),(1262,526,25,27),(936,479,23,43),(1128,316,8,77),(1076,779,16,85),(445,35,32,16),(142,856,9,84),(787,904,33,30),(776,603,4,5),(1240,382,31,72),(751,629,31,106),(34,408,9,18),(7,195,23,54),(463,112,27,57),(21,962,18,81),(234,154,6,4),(221,944,20,112),(1007,349,26,28),(440,309,7,82),(106,907,11,7),(209,921,18,48),(1023,572,11,57),(698,474,20,48),(900,293,29,105),(1019,290,5,40),(380,703,31,58),(162,968,1,48),(957,513,14,87),(179,201,26,42),(1011,711,33,76),(325,238,27,47),(512,938,23,35),(1241,802,2,49),(666,148,33,116),(56,681,30,14),(173,657,22,70),(809,213,20,110),(550,502,16,65),(462,200,17,18),(1192,98,3,117),(84,889,24,83),(1226,162,33,88),(933,319,21,18),(490,642,25,46),(52,699,14,79),(679,719,1,66),(89,772,12,13),(599,832,29,86),(235,95,9,31),(1269,576,34,9),(163,716,21,65),(380,727,4,33),(790,828,22,5),(1026,236,12,81),(956,401,20,90),(1296,577,26,55),(1204,263,25,31),(684,576,19,12),(175,932,26,52),(801,174,11,57),(419,27,26,43),(70,352,7,13),(1025,394,1,5),(1267,72,19,112),(1279,834,3,101),(449,853,18,96),(290,438,17,23),(448,293,18,57),(1244,120,6,84),(1223,120,14,105),(136,429,10,93),(473,699,5,9),(526,714,29,23),(324,998,29,70),(1288,831,13,106),(1088,498,25,46),(433,170,8,103),(876,420,15,116),(1199,734,3,82),(933,641,12,51),(1148,557,31,100),(1268,738,31,71),(865,592,20,106),(401,227,5,80),(496,364,12,16),(252,43,29,8),(647,34,1,13),(83,234,19,6),(742,683,27,85),(731,742,5,29),(104,849,29,11),(426,607,13,36),(867,511,20,8),(256,284,30,100),(1045,861,12,1),(822,504,8,71),(598,215,33,42),(776,537,13,54),(931,760,14,57),(1219,860,17,65),(1275,117,1,76),(926,231,14,100),(1154,944,13,57),(1003,482,2,80),(320,435,1,98),(106,693,2,28),(842,291,18,96),(168,889,33,45),(1061,650,9,4),(174,127,23,31),(1,771,34,31),(1150,400,9,120),(274,223,18,93),(754,783,7,93),(523,756,4,25),(677,630,9,90),(1217,265,7,28),(30,712,10,13),(163,114,30,59),(100,475,4,73),(1271,206,7,2),(1169,397,16,117),(997,288,17,88),(983,287,13,9),(659,968,32,70),(814,3,26,35),(1025,747,22,109),(13,675,27,71),(1059,463,1,38),(715,178,21,104),(1286,786,25,82),(378,473,29,4),(149,285,14,51),(1207,822,21,66),(1055,326,15,96),(97,537,8,26),(1002,22,13,54),(259,386,32,17),(969,366,9,8),(363,903,7,80),(1175,273,6,99),(463,826,6,9),(1217,874,16,6),(516,218,20,69),(246,122,12,25),(740,930,10,16),(119,548,27,75),(113,696,26,37),(1277,123,22,96),(700,285,20,31),(906,814,14,61),(768,4,29,112),(459,621,1,103),(1262,371,33,98),(851,818,12,85),(959,79,28,41),(1093,860,29,50),(60,401,22,36),(652,290,26,79),(1031,241,32,1),(936,676,10,106),(1252,935,22,74),(969,9,6,68),(495,797,34,112),(54,960,32,107),(840,362,30,104),(664,34,25,21),(530,791,24,65),(86,321,28,55),(632,658,28,116),(785,969,25,72),(947,119,5,29),(276,642,9,58),(347,866,18,35),(441,667,10,13),(1208,206,32,110),(1120,281,28,32),(1236,609,15,107),(1197,896,1,62),(416,685,31,31),(634,745,19,49),(740,780,13,6),(321,322,19,97),(380,314,5,113),(1046,700,14,103),(864,477,6,92),(93,204,23,47),(309,217,1,25),(157,374,31,89),(392,52,3,73),(920,300,30,85),(874,26,17,70),(1241,745,6,93),(861,565,31,51),(854,330,6,96),(735,517,22,28),(643,854,13,91),(621,97,33,59),(1140,335,21,17),(693,999,12,97),(898,105,31,25),(887,709,26,57),(1091,416,13,88),(909,389,14,15),(1288,751,11,110),(1141,574,23,115),(633,268,4,24),(79,98,28,93),(56,848,22,50),(939,559,13,37),(552,674,30,69),(477,995,8,115),(603,941,1,32),(747,498,7,78),(107,500,5,25),(2,674,24,70),(1041,74,21,87),(303,16,13,29),(705,939,33,51),(685,520,30,65),(1149,359,8,96),(894,767,26,62),(475,849,23,44),(768,2,11,104),(1182,763,11,114),(385,295,14,111),(1148,517,19,95),(877,542,28,50),(728,332,28,50),(1240,746,11,97),(1243,677,28,39),(197,265,5,27),(75,734,20,88),(962,901,1,83),(394,408,19,9),(603,726,17,104),(620,192,22,8),(995,706,4,90),(47,787,17,7),(1156,296,10,112),(675,556,14,7),(737,949,18,72),(116,553,3,28),(104,342,27,65),(825,131,24,17),(616,445,10,99),(1183,315,18,103),(343,590,26,31),(107,137,23,18),(900,342,21,65),(43,593,7,72),(1176,762,20,54),(187,985,10,35),(1191,561,16,9),(306,675,5,51),(143,963,3,76),(572,876,20,103),(711,955,2,25),(311,32,19,112),(584,172,16,86),(196,935,5,98),(1059,54,22,86),(419,605,30,114),(1200,781,1,93),(447,308,25,84),(11,880,6,57),(661,418,7,10),(78,916,15,7),(40,329,1,19),(520,431,14,79),(691,691,9,76),(45,415,30,39),(221,722,10,64),(930,503,30,100),(1014,562,12,115),(495,238,27,27),(961,632,31,24),(864,57,1,43),(1099,169,21,50),(843,859,22,56),(1040,890,26,34),(842,304,10,12),(863,625,33,51),(48,581,15,14),(1233,622,7,68),(819,587,21,45),(1043,522,25,119),(1269,921,2,58),(1056,73,1,44),(1185,240,34,109),(498,838,9,2),(292,497,20,87),(1282,184,20,38),(662,700,25,108),(1212,718,9,56),(544,166,1,99),(1135,38,1,40),(450,581,26,70),(952,324,13,46),(1297,795,18,74),(1074,580,18,99),(792,417,11,32),(711,974,15,82),(1066,69,29,86),(1195,263,13,97),(1125,971,26,62),(895,815,10,2),(39,565,22,57),(41,890,3,63),(1220,839,17,33),(257,298,8,71),(1192,766,34,34),(141,56,19,95),(383,61,14,69),(560,913,19,17),(335,498,7,78),(123,174,33,116),(1009,917,10,17),(893,280,19,10),(471,861,18,80),(394,599,3,29),(419,712,14,45),(63,121,4,89),(825,933,23,61),(968,373,23,101),(1009,517,5,103),(351,281,21,21),(1005,93,33,104),(266,502,34,67),(582,120,34,101),(1285,658,1,30),(866,948,9,22),(248,771,5,68),(544,370,27,49),(893,801,13,72),(835,209,33,10),(1198,354,16,90),(363,743,12,112),(845,904,10,95),(485,398,23,84),(498,996,1,4),(141,530,11,67),(561,852,18,60),(1218,514,17,87),(826,802,3,36),(622,482,29,10),(1033,787,27,101),(220,543,32,37),(728,164,33,86),(1173,558,30,94),(27,614,1,78),(225,77,10,10),(1125,933,23,47),(760,976,12,22),(1191,602,15,91),(767,432,9,58),(612,405,30,52),(504,714,18,51),(744,646,29,71),(738,63,20,32),(335,384,22,34),(877,9,31,37),(783,564,23,37),(1182,8,12,8),(170,432,34,42),(885,863,28,50),(397,619,23,56),(1260,12,8,111),(672,372,33,101),(60,483,23,95),(520,434,5,59),(190,982,18,49),(2,892,9,8),(498,116,8,12),(291,211,33,8),(197,41,19,83),(232,286,24,80),(952,336,33,29),(1071,135,29,92),(213,432,22,17),(638,503,9,36),(1081,80,15,3),(814,993,32,64),(804,1000,5,1),(320,991,3,68),(189,331,11,100),(784,915,21,112),(953,941,28,52),(390,970,18,26),(1162,907,28,113),(517,929,11,103),(211,439,33,103),(38,318,34,101),(820,61,8,23),(309,213,24,89),(870,570,31,115),(387,515,24,88),(419,243,4,16),(80,742,24,116),(606,997,13,48),(585,291,3,5),(944,224,31,19),(1036,180,26,115),(249,965,25,112),(650,92,14,34),(126,573,24,96),(186,856,19,53),(1210,777,28,68),(736,576,22,80),(1266,368,21,40),(1038,662,32,99),(1259,343,24,98),(1213,824,2,102),(910,462,28,65),(672,847,32,28),(780,440,22,6),(1213,223,6,107),(248,599,4,52),(259,281,17,59),(789,511,27,33),(1246,953,19,117),(492,849,15,93),(1025,123,7,42),(365,475,22,92),(313,443,10,73),(1133,139,7,117),(18,668,19,111),(433,703,28,38),(1080,94,21,105),(1206,621,19,28),(540,167,28,78),(102,923,12,5),(1034,24,9,44),(713,498,17,38),(174,561,20,83),(1291,639,23,24),(664,231,34,19),(351,698,19,92),(676,699,32,8),(443,52,17,61),(249,329,33,41),(115,605,26,91),(1228,223,18,79),(469,350,1,105),(1159,396,32,46),(2,526,6,111),(1035,293,11,48),(978,180,7,22),(945,417,8,75),(940,214,15,105),(1215,824,22,25),(102,410,15,67),(32,632,7,6),(1013,547,34,11),(1036,658,18,96),(1047,370,33,13),(434,325,11,40),(461,836,19,113),(643,470,27,98),(63,175,1,115),(783,499,10,2),(280,666,8,51),(103,47,2,43),(105,324,15,114),(1245,59,10,115),(60,808,19,95),(393,963,21,106),(1032,661,11,24),(396,428,24,102),(419,786,12,41),(1241,642,29,61),(1262,450,6,95),(120,134,9,105),(828,655,14,116),(111,920,18,78),(405,712,21,36),(1066,400,19,40),(131,121,21,72),(340,462,27,35),(919,247,15,19),(1135,801,9,87),(538,274,33,73),(289,530,26,118),(984,286,3,26),(589,43,25,8),(738,891,16,59),(1232,726,16,78),(693,43,13,117),(412,233,34,22),(1122,155,6,60),(434,611,4,102),(61,970,19,12),(105,163,30,106),(294,441,15,101),(313,695,34,36),(495,468,6,34),(366,95,33,35),(692,68,26,20),(1075,175,21,114),(1148,822,32,17),(435,379,5,33),(312,499,12,47),(675,385,21,82),(606,285,11,70),(433,63,34,70),(814,341,21,10),(320,617,9,60),(873,885,14,80),(701,199,34,67),(754,381,18,7),(501,626,24,113),(1017,248,23,18),(759,820,31,79),(1231,969,9,18),(714,874,28,26),(476,394,22,77),(1286,409,28,26),(1168,676,11,39),(934,74,30,47),(655,721,5,22),(1082,322,12,42),(49,423,31,97),(1272,267,30,5),(21,249,4,39),(450,335,14,92),(569,399,24,40),(606,311,22,22),(545,635,8,48),(254,2,25,2),(630,611,6,117),(766,489,2,114),(397,785,12,49),(115,879,15,115),(269,763,15,41),(624,321,12,33),(293,339,4,4),(227,277,8,87),(522,780,16,34),(258,45,32,107),(860,512,18,26),(1287,646,26,64),(388,574,25,30),(5,503,21,78),(29,587,6,77),(934,758,11,14),(939,478,18,117),(329,580,24,76),(1107,495,9,32),(300,472,11,119),(922,901,27,112),(764,471,20,119),(880,132,12,10),(996,977,13,93),(720,395,34,15),(807,497,1,59),(496,15,21,35),(1221,987,23,46),(126,245,5,25),(368,97,4,114),(304,435,21,39),(753,596,30,41),(7,830,29,14),(1287,771,20,66),(904,114,18,44),(1219,364,2,94),(209,382,19,79),(464,249,16,109),(724,703,26,30),(325,33,23,116),(132,64,23,86),(645,779,28,87),(994,739,12,120),(118,609,1,66),(186,884,13,108),(499,798,9,91),(505,324,29,86),(290,419,34,30),(251,997,1,112),(719,404,25,42),(1068,48,29,96),(583,557,11,98),(832,272,21,2),(928,106,1,58),(388,980,9,34),(149,302,16,82),(1111,149,28,116),(156,444,6,118),(1151,961,19,111),(1003,458,11,110),(613,940,34,117),(1285,657,3,63),(272,152,30,91),(781,622,24,35),(549,324,8,37),(445,418,16,75),(106,546,10,86),(938,480,1,20),(522,755,7,19),(1238,944,24,31),(476,362,19,44),(319,550,5,102),(911,211,8,14),(643,326,34,8),(291,708,30,1),(575,706,9,18),(996,453,34,80),(536,766,32,52),(684,403,29,26),(860,168,22,73),(133,763,31,108),(1096,532,19,113),(952,601,30,67),(989,574,9,96),(275,401,23,117),(374,936,21,111),(1156,951,18,104),(520,902,3,4),(507,146,6,55),(417,672,15,66),(828,525,31,53),(183,742,21,62),(617,812,34,17),(719,717,16,24),(554,378,10,85),(312,486,16,57),(549,182,6,93),(539,409,18,15),(4,391,7,69),(1075,101,24,80),(513,719,13,64),(578,306,33,57),(479,79,16,30),(514,346,13,31),(800,42,27,20),(138,495,4,41),(289,429,4,7),(1017,485,26,67),(23,862,30,110),(1224,234,27,25),(759,763,6,34),(1029,42,10,74),(48,505,26,45),(216,244,3,102),(16,194,2,2),(664,716,18,88),(522,181,30,79),(428,136,22,5),(531,972,22,84),(434,650,26,43),(69,109,9,54),(55,748,11,9),(433,800,18,92),(653,276,14,91),(2,436,22,30),(742,31,10,80),(922,258,30,77),(52,301,20,104),(898,29,15,99),(722,263,30,102),(67,805,5,57),(909,592,20,78),(230,930,6,4),(956,762,13,46),(462,486,20,28),(274,63,7,88),(21,565,27,51),(587,307,23,27),(1082,888,14,5),(1285,743,29,69),(945,767,33,64),(99,358,26,72),(1196,768,26,97),(1082,934,4,93),(629,73,3,87),(268,113,20,103),(611,565,33,107),(219,175,33,54),(605,352,2,32),(1046,252,27,5),(454,23,14,50),(296,928,20,115),(1287,775,16,33),(1136,303,9,59),(835,29,26,117),(253,482,23,62),(507,264,27,61),(319,544,14,113),(50,512,21,84),(816,727,2,61),(250,510,30,24),(538,828,33,93),(1102,256,18,71),(27,822,32,21),(423,289,12,47),(1193,78,6,75),(1040,360,26,70),(315,909,15,3),(929,382,6,112),(721,201,26,112),(943,823,32,88),(158,569,3,90),(160,273,10,31),(697,879,18,81),(426,797,8,75),(835,107,34,107),(1057,843,31,84),(965,323,25,77),(621,602,9,116),(776,60,12,23),(480,911,4,44),(1029,392,18,58),(1014,154,18,68),(894,43,30,41),(673,120,20,71),(611,890,4,52),(1179,202,23,107),(943,543,29,58),(285,526,32,49),(1164,562,3,82),(16,982,19,51),(76,400,17,89),(29,712,5,112),(1082,951,11,54),(343,178,8,61),(367,380,31,97),(401,412,16,43),(746,738,30,104),(503,256,30,104),(498,670,27,95),(960,839,5,55),(1013,76,20,85),(991,391,6,115),(414,299,25,30),(815,770,2,120),(1083,823,4,49),(195,643,17,110),(724,140,10,13),(632,569,6,61),(68,173,9,14),(945,366,30,47),(589,481,30,36),(1136,572,1,34),(81,80,27,118),(1277,630,25,102),(1048,508,1,22),(259,587,31,62),(151,281,30,8),(427,155,9,1),(386,531,6,104),(477,523,24,50),(1196,707,3,75),(1214,192,32,13),(1275,502,18,35),(652,237,32,37),(702,481,12,105),(820,593,8,48),(544,456,11,109),(803,48,11,91),(717,448,8,63),(20,64,32,2),(644,631,20,6),(1074,423,17,36),(900,750,13,56),(713,696,6,100),(559,439,34,49),(533,310,13,2),(677,168,10,110),(534,122,14,113),(908,615,5,7),(707,228,2,41),(468,23,3,100),(1021,151,20,33),(447,951,1,71),(90,886,25,53),(124,540,8,27),(1067,262,24,43),(63,893,10,25),(431,539,18,119),(68,75,1,85),(658,407,21,116),(1033,786,31,101),(993,772,7,62),(693,712,14,35),(449,272,8,14),(11,851,8,8),(399,38,24,40),(715,299,21,71),(880,676,28,100),(778,76,16,52),(370,190,29,14),(34,87,33,57),(1192,201,9,44),(718,328,33,105),(1100,197,10,15),(870,604,9,61),(122,555,8,115),(241,404,34,93),(228,334,16,13),(1183,2,18,94),(409,58,26,37),(1022,653,3,114),(991,597,32,47),(587,897,19,116),(560,209,11,112),(1020,35,1,110),(36,162,24,52),(557,686,23,108),(995,920,31,69),(1149,751,13,102),(724,40,4,18),(774,161,19,28),(549,797,19,80),(951,556,23,15),(72,860,8,95),(563,512,15,27),(1250,323,10,96),(1029,111,18,67),(364,304,9,108),(39,476,21,100),(1253,328,16,74),(1017,672,28,68),(834,291,13,88),(1031,689,26,12),(390,861,12,11),(234,493,10,73),(207,196,20,103),(830,213,2,61),(8,198,28,109),(897,522,6,83),(91,128,22,117),(1201,10,13,59),(627,132,24,102),(392,369,1,101),(1091,882,34,47),(1223,510,31,104),(1007,609,25,118),(279,432,14,81),(346,550,9,104),(597,160,26,44),(261,641,15,119),(1272,287,20,119),(1243,257,27,57),(43,985,22,58),(827,866,31,67),(233,957,1,2),(1255,955,26,12),(1065,490,12,97),(151,869,8,29),(55,437,3,24),(66,70,20,112),(277,935,17,82),(711,87,19,101),(1153,755,32,35),(444,989,27,82),(349,687,6,82),(306,923,31,95),(222,447,9,67),(134,907,16,63),(392,803,16,75),(173,462,7,23),(168,404,33,86),(1130,523,31,86),(60,833,16,93),(433,22,7,93),(124,561,18,34),(932,931,26,39),(580,436,32,82),(661,616,15,27),(173,528,19,79),(64,31,32,61),(1129,556,7,81),(1119,398,30,9),(1138,517,9,95),(465,549,19,69),(264,564,2,86),(660,662,14,81),(141,878,27,15),(1195,83,10,67),(379,919,31,12),(605,829,33,101),(584,299,26,50),(55,20,1,59),(788,851,30,29),(1146,347,33,68),(836,477,8,68),(128,485,30,6),(352,551,11,58),(393,35,18,65),(1152,377,13,54),(121,99,6,102),(884,567,15,113),(36,783,7,97),(642,65,4,12),(631,990,30,44),(481,938,23,101),(540,330,5,44),(128,196,24,117),(792,860,30,119),(595,633,19,90),(822,719,24,35),(666,783,30,81),(744,43,20,2),(169,74,5,110),(688,513,16,7),(255,966,16,59),(704,987,21,13),(804,978,13,118),(1165,840,14,47),(1152,200,28,120),(897,605,4,102),(913,1000,23,51),(1284,875,32,43),(1277,580,3,58),(407,462,2,27),(104,516,23,116),(415,907,28,59),(137,44,18,42),(284,325,9,45),(1104,711,27,15),(998,358,4,46),(585,30,4,113),(678,356,22,41),(759,654,34,97),(777,597,28,38),(45,130,34,75),(1031,58,28,107),(42,247,32,30),(34,584,2,88),(539,824,13,77),(1057,587,7,16),(307,428,33,22),(122,276,29,93),(1122,715,19,6),(478,946,23,77),(614,770,27,22),(1279,202,21,26),(518,183,27,69),(228,571,2,85),(197,913,14,9),(99,326,18,102),(370,140,10,68),(1034,330,29,79),(13,293,25,113),(988,780,33,76),(121,547,9,97),(794,497,11,50),(7,888,21,56),(1292,679,10,47),(355,394,15,23),(820,643,14,1),(406,249,28,11),(116,847,15,88),(380,624,18,95),(811,119,34,11),(110,542,22,98),(1130,99,18,111),(626,65,31,87),(1055,842,21,70),(1227,50,16,26),(434,338,1,43),(381,834,31,86),(902,547,20,59),(997,479,2,106),(1288,5,15,45),(265,608,8,118),(887,275,25,62),(1254,761,11,34),(488,772,27,112),(259,122,4,116),(270,424,22,113),(1066,813,7,66),(1159,76,6,74),(361,835,24,79),(250,311,2,52),(522,962,22,85),(1117,533,21,77),(47,120,28,96),(721,280,31,30),(575,695,9,37),(677,984,32,2),(59,956,24,74),(355,692,29,3),(1137,393,11,104),(388,759,11,25),(1269,800,6,24),(288,393,1,18),(546,753,33,49),(5,32,18,116),(917,631,28,49),(1218,442,34,77),(65,219,5,56),(355,11,2,108),(919,134,31,93);
/*!40000 ALTER TABLE `Esecuzione` ENABLE KEYS */;
UNLOCK TABLES;

--
-- Table structure for table `Lavorazione`
--

DROP TABLE IF EXISTS `Lavorazione`;
/*!40101 SET @saved_cs_client     = @@character_set_client */;
/*!40101 SET character_set_client = utf8 */;
CREATE TABLE `Lavorazione` (
  `idLavorazione` mediumint(8) NOT NULL AUTO_INCREMENT,
  `Nome` text,
  `TempoNominale` mediumint(9) DEFAULT NULL,
  PRIMARY KEY (`idLavorazione`)
) ENGINE=InnoDB AUTO_INCREMENT=1301 DEFAULT CHARSET=latin1;
/*!40101 SET character_set_client = @saved_cs_client */;

--
-- Dumping data for table `Lavorazione`
--

LOCK TABLES `Lavorazione` WRITE;
/*!40000 ALTER TABLE `Lavorazione` DISABLE KEYS */;
INSERT INTO `Lavorazione` VALUES (1,'neque et nunc.',4),(2,'orci. Phasellus dapibus',62),(3,'purus. Maecenas libero',91),(4,'eget lacus. Mauris',23),(5,'parturient montes, nascetur',23),(6,'in, cursus et,',99),(7,'Sed neque. Sed',51),(8,'pede. Suspendisse dui.',76),(9,'in, cursus et,',64),(10,'ac tellus. Suspendisse',12),(11,'mattis. Integer eu',90),(12,'ipsum. Suspendisse sagittis.',49),(13,'elit, dictum eu,',100),(14,'Integer id magna',22),(15,'Praesent luctus. Curabitur',14),(16,'In scelerisque scelerisque',119),(17,'amet, risus. Donec',46),(18,'nunc, ullamcorper eu,',71),(19,'non enim commodo',11),(20,'malesuada fames ac',10),(21,'sollicitudin commodo ipsum.',73),(22,'ac ipsum. Phasellus',42),(23,'enim, sit amet',69),(24,'aliquam eros turpis',99),(25,'neque. In ornare',7),(26,'Suspendisse ac metus',89),(27,'consectetuer, cursus et,',107),(28,'penatibus et magnis',63),(29,'enim. Suspendisse aliquet,',84),(30,'diam lorem, auctor',92),(31,'ante. Maecenas mi',17),(32,'a, facilisis non,',75),(33,'dolor elit, pellentesque',42),(34,'vitae nibh. Donec',52),(35,'nostra, per inceptos',85),(36,'mus. Donec dignissim',51),(37,'inceptos hymenaeos. Mauris',77),(38,'suscipit, est ac',106),(39,'ornare, facilisis eget,',3),(40,'iaculis odio. Nam',55),(41,'congue turpis. In',103),(42,'dui, semper et,',62),(43,'tincidunt adipiscing. Mauris',80),(44,'vel, vulputate eu,',7),(45,'et ultrices posuere',4),(46,'mattis. Integer eu',9),(47,'non magna. Nam',74),(48,'dignissim lacus. Aliquam',98),(49,'molestie in, tempus',57),(50,'id nunc interdum',36),(51,'tortor nibh sit',97),(52,'molestie sodales. Mauris',40),(53,'senectus et netus',4),(54,'ac turpis egestas.',114),(55,'Etiam vestibulum massa',41),(56,'Etiam imperdiet dictum',117),(57,'netus et malesuada',9),(58,'augue eu tellus.',70),(59,'lorem ac risus.',16),(60,'Proin sed turpis',120),(61,'nec, mollis vitae,',37),(62,'facilisis, magna tellus',96),(63,'Cras lorem lorem,',69),(64,'placerat, augue. Sed',51),(65,'fermentum arcu. Vestibulum',32),(66,'vel sapien imperdiet',24),(67,'magnis dis parturient',111),(68,'arcu. Sed et',32),(69,'libero et tristique',42),(70,'orci. Donec nibh.',109),(71,'enim consequat purus.',119),(72,'elit pede, malesuada',96),(73,'mattis ornare, lectus',51),(74,'Duis elementum, dui',38),(75,'orci. Ut sagittis',107),(76,'vehicula aliquet libero.',64),(77,'ut nisi a',109),(78,'neque venenatis lacus.',48),(79,'Integer tincidunt aliquam',67),(80,'Quisque porttitor eros',113),(81,'tellus. Phasellus elit',92),(82,'ridiculus mus. Donec',89),(83,'metus facilisis lorem',73),(84,'malesuada. Integer id',28),(85,'turpis. Nulla aliquet.',95),(86,'sollicitudin adipiscing ligula.',56),(87,'Nulla eget metus',86),(88,'euismod urna. Nullam',56),(89,'nunc, ullamcorper eu,',56),(90,'ac turpis egestas.',113),(91,'cursus et, magna.',5),(92,'dis parturient montes,',91),(93,'rhoncus. Nullam velit',45),(94,'enim, condimentum eget,',38),(95,'euismod mauris eu',67),(96,'ac mattis velit',101),(97,'egestas hendrerit neque.',29),(98,'dictum eu, eleifend',82),(99,'pede. Cras vulputate',60),(100,'Donec vitae erat',20),(101,'in, hendrerit consectetuer,',12),(102,'Duis elementum, dui',99),(103,'neque. Morbi quis',27),(104,'tellus id nunc',6),(105,'justo. Proin non',32),(106,'massa lobortis ultrices.',1),(107,'Nullam nisl. Maecenas',10),(108,'quam. Curabitur vel',6),(109,'arcu ac orci.',31),(110,'nec quam. Curabitur',92),(111,'lacinia mattis. Integer',39),(112,'Aenean euismod mauris',88),(113,'scelerisque, lorem ipsum',96),(114,'enim. Sed nulla',12),(115,'facilisis vitae, orci.',48),(116,'euismod urna. Nullam',66),(117,'Nam nulla magna,',92),(118,'bibendum fermentum metus.',38),(119,'diam vel arcu.',117),(120,'adipiscing ligula. Aenean',111),(121,'lacinia orci, consectetuer',71),(122,'semper pretium neque.',18),(123,'tristique pellentesque, tellus',24),(124,'aliquet odio. Etiam',20),(125,'nunc est, mollis',114),(126,'vestibulum lorem, sit',119),(127,'aliquet molestie tellus.',76),(128,'sed dui. Fusce',88),(129,'luctus. Curabitur egestas',70),(130,'nec orci. Donec',87),(131,'risus a ultricies',74),(132,'nunc. Quisque ornare',102),(133,'magna. Nam ligula',17),(134,'et tristique pellentesque,',120),(135,'nulla ante, iaculis',109),(136,'enim commodo hendrerit.',93),(137,'et, rutrum eu,',79),(138,'leo. Cras vehicula',110),(139,'ligula. Donec luctus',97),(140,'lorem, vehicula et,',104),(141,'amet diam eu',114),(142,'eget lacus. Mauris',84),(143,'velit in aliquet',107),(144,'erat eget ipsum.',62),(145,'hendrerit neque. In',6),(146,'sed pede. Cum',58),(147,'Duis risus odio,',33),(148,'consectetuer ipsum nunc',95),(149,'ut ipsum ac',91),(150,'enim diam vel',85),(151,'hendrerit a, arcu.',39),(152,'vehicula. Pellentesque tincidunt',93),(153,'semper pretium neque.',27),(154,'senectus et netus',38),(155,'eros nec tellus.',113),(156,'Suspendisse tristique neque',89),(157,'at fringilla purus',36),(158,'est arcu ac',9),(159,'ridiculus mus. Proin',87),(160,'ut dolor dapibus',51),(161,'purus sapien, gravida',60),(162,'magna et ipsum',22),(163,'orci lacus vestibulum',41),(164,'Duis at lacus.',97),(165,'vulputate, lacus. Cras',81),(166,'ligula. Aenean gravida',53),(167,'fames ac turpis',9),(168,'arcu. Aliquam ultrices',110),(169,'in, tempus eu,',47),(170,'in consequat enim',33),(171,'vel, faucibus id,',6),(172,'vitae, erat. Vivamus',103),(173,'urna suscipit nonummy.',114),(174,'parturient montes, nascetur',11),(175,'Duis risus odio,',9),(176,'Maecenas malesuada fringilla',69),(177,'lectus pede et',75),(178,'vel nisl. Quisque',40),(179,'ipsum ac mi',40),(180,'ultrices a, auctor',77),(181,'Aliquam tincidunt, nunc',10),(182,'Integer vulputate, risus',82),(183,'mollis non, cursus',41),(184,'quis, tristique ac,',113),(185,'Nunc mauris sapien,',6),(186,'sagittis lobortis mauris.',83),(187,'risus. Donec egestas.',51),(188,'augue. Sed molestie.',42),(189,'Nullam velit dui,',39),(190,'non, luctus sit',8),(191,'odio tristique pharetra.',31),(192,'mi. Aliquam gravida',35),(193,'et ultrices posuere',92),(194,'sit amet orci.',71),(195,'natoque penatibus et',73),(196,'eu tellus. Phasellus',90),(197,'Nunc ullamcorper, velit',115),(198,'neque. In ornare',45),(199,'vulputate eu, odio.',61),(200,'ut, pharetra sed,',37),(201,'ipsum. Curabitur consequat,',95),(202,'ligula elit, pretium',3),(203,'erat vitae risus.',48),(204,'Donec tincidunt. Donec',30),(205,'Donec egestas. Aliquam',97),(206,'imperdiet ullamcorper. Duis',18),(207,'Pellentesque habitant morbi',108),(208,'laoreet posuere, enim',87),(209,'et, rutrum non,',57),(210,'velit egestas lacinia.',76),(211,'ullamcorper, velit in',58),(212,'lorem ac risus.',37),(213,'vulputate dui, nec',101),(214,'sodales. Mauris blandit',108),(215,'Integer mollis. Integer',5),(216,'in, tempus eu,',109),(217,'nibh enim, gravida',91),(218,'eu eros. Nam',94),(219,'semper, dui lectus',21),(220,'arcu. Vestibulum ut',76),(221,'metus facilisis lorem',26),(222,'mauris blandit mattis.',94),(223,'dui. Cras pellentesque.',70),(224,'iaculis quis, pede.',28),(225,'Nam tempor diam',107),(226,'pede sagittis augue,',64),(227,'diam at pretium',72),(228,'amet luctus vulputate,',31),(229,'feugiat non, lobortis',98),(230,'ut, pellentesque eget,',109),(231,'sagittis semper. Nam',90),(232,'parturient montes, nascetur',85),(233,'semper tellus id',11),(234,'facilisis vitae, orci.',74),(235,'dui lectus rutrum',69),(236,'vestibulum nec, euismod',9),(237,'elit sed consequat',102),(238,'eu neque pellentesque',26),(239,'vestibulum nec, euismod',93),(240,'dictum eu, eleifend',115),(241,'Nulla semper tellus',19),(242,'diam lorem, auctor',72),(243,'malesuada id, erat.',57),(244,'nec, diam. Duis',48),(245,'non, bibendum sed,',14),(246,'mattis ornare, lectus',89),(247,'ut aliquam iaculis,',105),(248,'aliquet, metus urna',26),(249,'Suspendisse eleifend. Cras',94),(250,'lacus. Quisque purus',114),(251,'mauris eu elit.',110),(252,'luctus et ultrices',53),(253,'varius ultrices, mauris',81),(254,'purus, in molestie',10),(255,'adipiscing lobortis risus.',2),(256,'Vestibulum accumsan neque',107),(257,'mi felis, adipiscing',41),(258,'sit amet orci.',89),(259,'luctus et ultrices',55),(260,'blandit at, nisi.',65),(261,'mauris sagittis placerat.',50),(262,'sit amet ornare',104),(263,'tellus faucibus leo,',95),(264,'fringilla. Donec feugiat',84),(265,'nostra, per inceptos',68),(266,'semper tellus id',55),(267,'felis ullamcorper viverra.',11),(268,'augue id ante',67),(269,'quam, elementum at,',95),(270,'dapibus gravida. Aliquam',36),(271,'dui lectus rutrum',9),(272,'arcu vel quam',24),(273,'orci. Phasellus dapibus',94),(274,'diam at pretium',113),(275,'augue porttitor interdum.',23),(276,'non, feugiat nec,',25),(277,'molestie pharetra nibh.',34),(278,'Cras dolor dolor,',19),(279,'ultrices. Duis volutpat',66),(280,'risus quis diam',4),(281,'vitae sodales nisi',118),(282,'tellus id nunc',19),(283,'eu dolor egestas',106),(284,'lectus. Cum sociis',116),(285,'faucibus. Morbi vehicula.',20),(286,'eleifend nec, malesuada',57),(287,'Quisque libero lacus,',119),(288,'ligula. Aenean gravida',42),(289,'Morbi accumsan laoreet',84),(290,'Ut tincidunt orci',94),(291,'amet risus. Donec',98),(292,'metus sit amet',6),(293,'ridiculus mus. Aenean',5),(294,'tristique aliquet. Phasellus',11),(295,'scelerisque neque sed',53),(296,'nec, malesuada ut,',115),(297,'libero. Integer in',6),(298,'purus mauris a',108),(299,'Proin vel nisl.',51),(300,'est ac facilisis',53),(301,'Nunc ut erat.',37),(302,'dis parturient montes,',92),(303,'eleifend, nunc risus',13),(304,'ante bibendum ullamcorper.',8),(305,'Donec sollicitudin adipiscing',8),(306,'erat semper rutrum.',92),(307,'Aliquam rutrum lorem',8),(308,'nunc. Quisque ornare',108),(309,'egestas. Duis ac',57),(310,'ornare sagittis felis.',100),(311,'ligula. Nullam feugiat',75),(312,'aliquet, metus urna',96),(313,'eget, ipsum. Donec',112),(314,'nisl. Nulla eu',61),(315,'orci lobortis augue',80),(316,'ut eros non',49),(317,'aliquet odio. Etiam',92),(318,'elit sed consequat',103),(319,'enim. Etiam gravida',76),(320,'risus, at fringilla',63),(321,'Cras convallis convallis',38),(322,'nec orci. Donec',95),(323,'a odio semper',50),(324,'dolor. Nulla semper',49),(325,'risus quis diam',1),(326,'odio semper cursus.',91),(327,'magna, malesuada vel,',74),(328,'mauris id sapien.',3),(329,'fermentum vel, mauris.',63),(330,'Phasellus dolor elit,',117),(331,'rutrum eu, ultrices',14),(332,'Cras lorem lorem,',34),(333,'in, dolor. Fusce',85),(334,'malesuada fames ac',113),(335,'tempus scelerisque, lorem',15),(336,'ipsum porta elit,',27),(337,'feugiat metus sit',98),(338,'Integer in magna.',120),(339,'auctor non, feugiat',105),(340,'aliquam eu, accumsan',39),(341,'Curae; Phasellus ornare.',87),(342,'dolor. Fusce mi',88),(343,'nisi sem semper',118),(344,'nulla. Donec non',108),(345,'Integer sem elit,',108),(346,'ornare placerat, orci',42),(347,'purus ac tellus.',74),(348,'tristique pharetra. Quisque',48),(349,'ac metus vitae',108),(350,'tellus. Aenean egestas',117),(351,'velit eget laoreet',73),(352,'arcu. Vivamus sit',46),(353,'Suspendisse dui. Fusce',95),(354,'nulla. Cras eu',105),(355,'Donec elementum, lorem',88),(356,'molestie orci tincidunt',65),(357,'felis. Donec tempor,',31),(358,'sed consequat auctor,',60),(359,'Nulla eget metus',75),(360,'sed dui. Fusce',98),(361,'natoque penatibus et',58),(362,'placerat eget, venenatis',76),(363,'per inceptos hymenaeos.',109),(364,'ullamcorper, nisl arcu',103),(365,'quam dignissim pharetra.',101),(366,'Quisque nonummy ipsum',16),(367,'ornare egestas ligula.',16),(368,'leo. Morbi neque',41),(369,'id enim. Curabitur',18),(370,'Proin dolor. Nulla',68),(371,'sed tortor. Integer',31),(372,'euismod ac, fermentum',36),(373,'est. Mauris eu',32),(374,'Vivamus rhoncus. Donec',83),(375,'adipiscing elit. Aliquam',120),(376,'turpis egestas. Fusce',63),(377,'est, congue a,',26),(378,'Duis ac arcu.',95),(379,'Cras dictum ultricies',42),(380,'vestibulum massa rutrum',110),(381,'dui, semper et,',31),(382,'Aenean euismod mauris',51),(383,'semper rutrum. Fusce',39),(384,'a, malesuada id,',96),(385,'ultricies adipiscing, enim',58),(386,'Sed neque. Sed',63),(387,'ac urna. Ut',82),(388,'ut dolor dapibus',98),(389,'odio, auctor vitae,',8),(390,'torquent per conubia',73),(391,'Phasellus nulla. Integer',79),(392,'Mauris molestie pharetra',105),(393,'Donec porttitor tellus',64),(394,'at risus. Nunc',49),(395,'a odio semper',66),(396,'mauris elit, dictum',104),(397,'accumsan convallis, ante',73),(398,'tristique senectus et',22),(399,'pharetra sed, hendrerit',45),(400,'Nulla facilisi. Sed',119),(401,'consequat dolor vitae',3),(402,'magna. Suspendisse tristique',94),(403,'vel turpis. Aliquam',108),(404,'cursus. Integer mollis.',84),(405,'augue malesuada malesuada.',87),(406,'Duis risus odio,',94),(407,'convallis est, vitae',74),(408,'sem molestie sodales.',31),(409,'tempor diam dictum',12),(410,'turpis egestas. Fusce',107),(411,'sem mollis dui,',33),(412,'lectus quis massa.',48),(413,'mauris elit, dictum',20),(414,'eget, ipsum. Donec',118),(415,'eu, euismod ac,',46),(416,'aliquet nec, imperdiet',120),(417,'amet ultricies sem',110),(418,'lectus ante dictum',29),(419,'orci. Donec nibh.',118),(420,'justo. Praesent luctus.',67),(421,'Quisque imperdiet, erat',35),(422,'ridiculus mus. Proin',10),(423,'dolor sit amet,',118),(424,'vel arcu. Curabitur',24),(425,'Sed nulla ante,',118),(426,'scelerisque dui. Suspendisse',57),(427,'fames ac turpis',27),(428,'ipsum ac mi',118),(429,'fermentum fermentum arcu.',13),(430,'at, iaculis quis,',98),(431,'tincidunt, neque vitae',116),(432,'elementum, dui quis',22),(433,'luctus, ipsum leo',55),(434,'Integer id magna',23),(435,'Sed congue, elit',51),(436,'mi, ac mattis',49),(437,'mauris ut mi.',10),(438,'Phasellus fermentum convallis',105),(439,'aliquet, sem ut',57),(440,'vitae, erat. Vivamus',40),(441,'vestibulum. Mauris magna.',80),(442,'eget lacus. Mauris',55),(443,'lobortis quis, pede.',2),(444,'lectus quis massa.',55),(445,'sem, consequat nec,',22),(446,'montes, nascetur ridiculus',42),(447,'Donec nibh enim,',49),(448,'luctus felis purus',87),(449,'magna et ipsum',13),(450,'leo, in lobortis',23),(451,'ipsum. Donec sollicitudin',69),(452,'malesuada vel, convallis',113),(453,'vitae dolor. Donec',5),(454,'non justo. Proin',64),(455,'leo. Cras vehicula',107),(456,'amet ornare lectus',13),(457,'parturient montes, nascetur',62),(458,'Cras lorem lorem,',98),(459,'quis massa. Mauris',102),(460,'Etiam laoreet, libero',74),(461,'tincidunt tempus risus.',116),(462,'Sed nec metus',69),(463,'erat nonummy ultricies',73),(464,'Praesent eu nulla',36),(465,'urna et arcu',27),(466,'mi lorem, vehicula',37),(467,'eros non enim',20),(468,'leo elementum sem,',114),(469,'dolor sit amet,',49),(470,'odio vel est',9),(471,'vitae erat vel',1),(472,'enim mi tempor',81),(473,'urna convallis erat,',35),(474,'purus, accumsan interdum',47),(475,'Quisque ac libero',116),(476,'dis parturient montes,',114),(477,'sed leo. Cras',76),(478,'Quisque varius. Nam',20),(479,'vehicula et, rutrum',39),(480,'est. Nunc ullamcorper,',79),(481,'Nunc quis arcu',109),(482,'accumsan convallis, ante',13),(483,'risus. Morbi metus.',69),(484,'ipsum porta elit,',116),(485,'et pede. Nunc',75),(486,'quam. Curabitur vel',16),(487,'non enim commodo',47),(488,'non, bibendum sed,',59),(489,'faucibus ut, nulla.',65),(490,'lorem, eget mollis',105),(491,'magna tellus faucibus',30),(492,'vulputate, lacus. Cras',9),(493,'Cras vulputate velit',93),(494,'Phasellus fermentum convallis',83),(495,'Nunc quis arcu',65),(496,'tempus non, lacinia',86),(497,'orci, in consequat',120),(498,'ipsum non arcu.',30),(499,'tempus mauris erat',46),(500,'neque sed dictum',5),(501,'mi. Duis risus',5),(502,'nec, malesuada ut,',23),(503,'vitae risus. Duis',62),(504,'amet, risus. Donec',90),(505,'vulputate, nisi sem',14),(506,'ad litora torquent',64),(507,'elit fermentum risus,',84),(508,'pellentesque eget, dictum',46),(509,'cubilia Curae; Phasellus',74),(510,'elit pede, malesuada',7),(511,'ante. Vivamus non',104),(512,'id enim. Curabitur',46),(513,'Maecenas ornare egestas',21),(514,'nibh. Donec est',69),(515,'est, vitae sodales',92),(516,'elit fermentum risus,',16),(517,'est ac mattis',2),(518,'montes, nascetur ridiculus',103),(519,'ligula elit, pretium',2),(520,'Sed auctor odio',32),(521,'vulputate dui, nec',42),(522,'tempus risus. Donec',107),(523,'sed sem egestas',22),(524,'pede. Cras vulputate',18),(525,'amet lorem semper',94),(526,'vitae aliquam eros',72),(527,'bibendum sed, est.',47),(528,'rutrum eu, ultrices',97),(529,'sem mollis dui,',16),(530,'nisi magna sed',36),(531,'imperdiet, erat nonummy',50),(532,'nec, cursus a,',71),(533,'malesuada vel, convallis',16),(534,'in molestie tortor',17),(535,'Fusce aliquam, enim',48),(536,'Pellentesque tincidunt tempus',93),(537,'felis ullamcorper viverra.',9),(538,'sit amet metus.',68),(539,'Nam nulla magna,',119),(540,'ligula. Aenean gravida',84),(541,'Aliquam tincidunt, nunc',35),(542,'augue eu tellus.',43),(543,'dignissim. Maecenas ornare',104),(544,'sit amet, faucibus',82),(545,'a, scelerisque sed,',9),(546,'et libero. Proin',114),(547,'velit in aliquet',55),(548,'ornare. In faucibus.',2),(549,'Vivamus nibh dolor,',4),(550,'Cras interdum. Nunc',11),(551,'sapien. Nunc pulvinar',34),(552,'quis diam. Pellentesque',76),(553,'Nunc commodo auctor',5),(554,'facilisis facilisis, magna',21),(555,'Proin sed turpis',7),(556,'Aliquam erat volutpat.',4),(557,'Cum sociis natoque',27),(558,'Nam nulla magna,',4),(559,'neque non quam.',31),(560,'mus. Donec dignissim',68),(561,'tortor at risus.',16),(562,'ut odio vel',19),(563,'scelerisque, lorem ipsum',57),(564,'Pellentesque tincidunt tempus',99),(565,'convallis erat, eget',55),(566,'Phasellus at augue',119),(567,'facilisis lorem tristique',45),(568,'fermentum convallis ligula.',96),(569,'justo faucibus lectus,',57),(570,'sit amet massa.',14),(571,'Sed nulla ante,',44),(572,'consectetuer adipiscing elit.',88),(573,'mattis. Cras eget',21),(574,'neque venenatis lacus.',84),(575,'torquent per conubia',60),(576,'orci. Ut semper',25),(577,'interdum. Curabitur dictum.',5),(578,'porttitor vulputate, posuere',9),(579,'Praesent luctus. Curabitur',21),(580,'in molestie tortor',73),(581,'rhoncus id, mollis',109),(582,'mauris ut mi.',56),(583,'lorem, vehicula et,',79),(584,'urna. Ut tincidunt',101),(585,'porttitor eros nec',119),(586,'nisl arcu iaculis',64),(587,'ornare lectus justo',18),(588,'ridiculus mus. Proin',99),(589,'convallis in, cursus',22),(590,'orci. Donec nibh.',94),(591,'est tempor bibendum.',97),(592,'eu turpis. Nulla',28),(593,'Donec nibh. Quisque',111),(594,'Integer in magna.',36),(595,'metus. Aliquam erat',6),(596,'nisi nibh lacinia',68),(597,'In mi pede,',79),(598,'scelerisque neque sed',57),(599,'In condimentum. Donec',95),(600,'erat volutpat. Nulla',109),(601,'eleifend. Cras sed',94),(602,'lobortis quis, pede.',60),(603,'bibendum. Donec felis',96),(604,'neque et nunc.',93),(605,'Etiam gravida molestie',75),(606,'Morbi neque tellus,',117),(607,'faucibus ut, nulla.',7),(608,'purus. Duis elementum,',62),(609,'interdum libero dui',79),(610,'non massa non',10),(611,'eget metus eu',28),(612,'Morbi sit amet',16),(613,'amet risus. Donec',43),(614,'felis. Donec tempor,',57),(615,'sed pede. Cum',9),(616,'sit amet massa.',16),(617,'scelerisque mollis. Phasellus',119),(618,'scelerisque dui. Suspendisse',39),(619,'Morbi accumsan laoreet',25),(620,'posuere, enim nisl',91),(621,'et, eros. Proin',15),(622,'malesuada ut, sem.',45),(623,'sem. Pellentesque ut',52),(624,'mi pede, nonummy',18),(625,'eleifend vitae, erat.',34),(626,'eu tempor erat',77),(627,'placerat velit. Quisque',41),(628,'eget, ipsum. Donec',37),(629,'eu eros. Nam',84),(630,'velit dui, semper',71),(631,'elementum sem, vitae',13),(632,'ridiculus mus. Proin',21),(633,'lorem ipsum sodales',106),(634,'sed tortor. Integer',86),(635,'dolor. Fusce feugiat.',79),(636,'condimentum. Donec at',37),(637,'odio sagittis semper.',46),(638,'lacus. Cras interdum.',80),(639,'vitae aliquam eros',83),(640,'magna. Duis dignissim',7),(641,'nec luctus felis',27),(642,'vestibulum massa rutrum',65),(643,'dolor vitae dolor.',42),(644,'massa. Vestibulum accumsan',107),(645,'et magnis dis',87),(646,'lobortis mauris. Suspendisse',44),(647,'blandit at, nisi.',39),(648,'Maecenas malesuada fringilla',54),(649,'Morbi non sapien',119),(650,'neque. Sed eget',115),(651,'in consequat enim',89),(652,'Donec feugiat metus',40),(653,'enim. Sed nulla',67),(654,'felis. Nulla tempor',81),(655,'Praesent eu nulla',111),(656,'sagittis lobortis mauris.',114),(657,'elit erat vitae',108),(658,'sapien molestie orci',92),(659,'Donec egestas. Aliquam',116),(660,'nec urna et',85),(661,'ridiculus mus. Proin',88),(662,'enim diam vel',75),(663,'Nulla eget metus',18),(664,'tempor diam dictum',93),(665,'Proin velit. Sed',32),(666,'nibh. Aliquam ornare,',96),(667,'molestie dapibus ligula.',66),(668,'consectetuer, cursus et,',116),(669,'velit eget laoreet',53),(670,'malesuada vel, convallis',107),(671,'euismod in, dolor.',43),(672,'placerat eget, venenatis',22),(673,'eu, euismod ac,',78),(674,'est, mollis non,',71),(675,'cursus non, egestas',47),(676,'at, libero. Morbi',68),(677,'egestas. Fusce aliquet',71),(678,'aliquam arcu. Aliquam',12),(679,'neque. Nullam ut',48),(680,'et libero. Proin',30),(681,'id enim. Curabitur',90),(682,'Proin eget odio.',120),(683,'eleifend, nunc risus',45),(684,'tincidunt adipiscing. Mauris',110),(685,'neque. Nullam nisl.',119),(686,'tristique pellentesque, tellus',119),(687,'Fusce aliquam, enim',24),(688,'sociis natoque penatibus',31),(689,'lectus convallis est,',105),(690,'ultrices. Vivamus rhoncus.',24),(691,'suscipit nonummy. Fusce',114),(692,'Proin velit. Sed',87),(693,'magna a neque.',11),(694,'feugiat placerat velit.',63),(695,'sed dui. Fusce',57),(696,'vitae sodales nisi',73),(697,'amet, faucibus ut,',38),(698,'nulla. Integer vulputate,',96),(699,'leo elementum sem,',54),(700,'lobortis augue scelerisque',40),(701,'posuere vulputate, lacus.',62),(702,'neque non quam.',117),(703,'molestie orci tincidunt',52),(704,'odio tristique pharetra.',17),(705,'Donec tempus, lorem',82),(706,'aliquet magna a',54),(707,'semper rutrum. Fusce',21),(708,'lorem lorem, luctus',114),(709,'Aliquam erat volutpat.',63),(710,'sollicitudin orci sem',52),(711,'Nunc quis arcu',38),(712,'nulla ante, iaculis',16),(713,'urna. Vivamus molestie',109),(714,'nec, imperdiet nec,',16),(715,'ornare sagittis felis.',63),(716,'mauris elit, dictum',18),(717,'Duis risus odio,',11),(718,'nunc sed libero.',110),(719,'pretium aliquet, metus',45),(720,'vestibulum nec, euismod',32),(721,'vel lectus. Cum',61),(722,'placerat, augue. Sed',104),(723,'montes, nascetur ridiculus',13),(724,'sollicitudin orci sem',100),(725,'faucibus orci luctus',55),(726,'dolor sit amet,',14),(727,'justo sit amet',39),(728,'aliquet, sem ut',89),(729,'Mauris ut quam',108),(730,'et risus. Quisque',29),(731,'risus. Nunc ac',21),(732,'at fringilla purus',83),(733,'interdum enim non',87),(734,'odio a purus.',92),(735,'tristique pharetra. Quisque',89),(736,'consectetuer euismod est',109),(737,'Nullam ut nisi',106),(738,'Phasellus libero mauris,',19),(739,'Integer urna. Vivamus',66),(740,'augue. Sed molestie.',38),(741,'quis arcu vel',45),(742,'tellus faucibus leo,',49),(743,'Pellentesque ultricies dignissim',49),(744,'semper tellus id',1),(745,'dolor sit amet,',85),(746,'lectus quis massa.',24),(747,'ut erat. Sed',102),(748,'dolor. Fusce feugiat.',87),(749,'habitant morbi tristique',68),(750,'ultricies ornare, elit',101),(751,'felis purus ac',111),(752,'semper cursus. Integer',44),(753,'tincidunt, nunc ac',114),(754,'dui, in sodales',104),(755,'tempus scelerisque, lorem',105),(756,'at arcu. Vestibulum',87),(757,'enim, condimentum eget,',28),(758,'massa. Quisque porttitor',109),(759,'vulputate ullamcorper magna.',55),(760,'eleifend vitae, erat.',118),(761,'sodales purus, in',17),(762,'egestas hendrerit neque.',32),(763,'Donec dignissim magna',78),(764,'ultrices sit amet,',28),(765,'mollis vitae, posuere',34),(766,'varius orci, in',117),(767,'blandit enim consequat',95),(768,'non ante bibendum',66),(769,'ante dictum cursus.',59),(770,'enim diam vel',47),(771,'faucibus. Morbi vehicula.',20),(772,'diam. Proin dolor.',28),(773,'cursus vestibulum. Mauris',42),(774,'nulla vulputate dui,',23),(775,'nibh dolor, nonummy',98),(776,'Donec tincidunt. Donec',5),(777,'adipiscing non, luctus',37),(778,'dignissim. Maecenas ornare',64),(779,'nibh dolor, nonummy',102),(780,'fermentum metus. Aenean',38),(781,'elit, pharetra ut,',111),(782,'elit, pharetra ut,',95),(783,'Nullam lobortis quam',33),(784,'eros nec tellus.',27),(785,'laoreet, libero et',108),(786,'quam, elementum at,',5),(787,'mi pede, nonummy',23),(788,'iaculis aliquet diam.',112),(789,'sed dictum eleifend,',100),(790,'nisl. Nulla eu',66),(791,'et nunc. Quisque',90),(792,'Integer eu lacus.',37),(793,'tincidunt aliquam arcu.',21),(794,'fringilla. Donec feugiat',120),(795,'vulputate, lacus. Cras',23),(796,'In faucibus. Morbi',111),(797,'congue, elit sed',79),(798,'commodo ipsum. Suspendisse',19),(799,'nec urna suscipit',1),(800,'mattis. Cras eget',114),(801,'Etiam bibendum fermentum',1),(802,'Fusce mi lorem,',77),(803,'suscipit, est ac',57),(804,'amet diam eu',106),(805,'amet nulla. Donec',63),(806,'orci lacus vestibulum',70),(807,'inceptos hymenaeos. Mauris',9),(808,'pede blandit congue.',22),(809,'vitae semper egestas,',37),(810,'libero lacus, varius',114),(811,'ipsum dolor sit',98),(812,'vel arcu eu',57),(813,'Nulla tempor augue',26),(814,'libero at auctor',41),(815,'nunc. In at',51),(816,'ligula eu enim.',59),(817,'Aliquam gravida mauris',118),(818,'fringilla cursus purus.',118),(819,'tempor augue ac',70),(820,'lobortis tellus justo',41),(821,'eu dolor egestas',35),(822,'ultricies ornare, elit',26),(823,'nec urna et',114),(824,'feugiat metus sit',20),(825,'vulputate, lacus. Cras',27),(826,'ac ipsum. Phasellus',102),(827,'tincidunt dui augue',13),(828,'a sollicitudin orci',74),(829,'Aliquam rutrum lorem',49),(830,'est ac facilisis',42),(831,'sem ut cursus',26),(832,'magna. Sed eu',98),(833,'non, vestibulum nec,',57),(834,'id magna et',23),(835,'eu, euismod ac,',12),(836,'molestie tellus. Aenean',66),(837,'dolor quam, elementum',25),(838,'Proin vel nisl.',98),(839,'mollis nec, cursus',25),(840,'amet lorem semper',1),(841,'vel arcu eu',56),(842,'laoreet ipsum. Curabitur',12),(843,'mus. Proin vel',31),(844,'tempus, lorem fringilla',73),(845,'dis parturient montes,',44),(846,'malesuada id, erat.',57),(847,'nisi a odio',38),(848,'commodo hendrerit. Donec',103),(849,'egestas hendrerit neque.',101),(850,'tellus. Phasellus elit',108),(851,'iaculis nec, eleifend',25),(852,'orci lacus vestibulum',109),(853,'consectetuer euismod est',21),(854,'volutpat. Nulla facilisis.',17),(855,'est tempor bibendum.',115),(856,'eu odio tristique',14),(857,'adipiscing, enim mi',25),(858,'ullamcorper, velit in',35),(859,'viverra. Maecenas iaculis',32),(860,'nunc. Quisque ornare',42),(861,'orci. Ut sagittis',27),(862,'pretium et, rutrum',41),(863,'ante ipsum primis',87),(864,'eu, odio. Phasellus',115),(865,'urna. Nullam lobortis',118),(866,'congue, elit sed',49),(867,'semper tellus id',83),(868,'dapibus rutrum, justo.',114),(869,'mauris ipsum porta',103),(870,'pede et risus.',96),(871,'a mi fringilla',88),(872,'Nullam velit dui,',100),(873,'posuere at, velit.',39),(874,'tortor. Nunc commodo',103),(875,'metus vitae velit',76),(876,'hendrerit consectetuer, cursus',92),(877,'mus. Proin vel',66),(878,'magna, malesuada vel,',8),(879,'sed, sapien. Nunc',111),(880,'diam nunc, ullamcorper',56),(881,'tincidunt. Donec vitae',38),(882,'nunc interdum feugiat.',21),(883,'feugiat tellus lorem',59),(884,'luctus aliquet odio.',35),(885,'iaculis aliquet diam.',35),(886,'amet orci. Ut',119),(887,'dictum placerat, augue.',102),(888,'ligula. Donec luctus',16),(889,'porttitor vulputate, posuere',71),(890,'magna. Ut tincidunt',113),(891,'leo. Vivamus nibh',69),(892,'ornare, libero at',15),(893,'velit dui, semper',120),(894,'quis lectus. Nullam',57),(895,'Nunc mauris elit,',41),(896,'Nullam enim. Sed',82),(897,'diam. Duis mi',84),(898,'montes, nascetur ridiculus',67),(899,'tellus id nunc',71),(900,'Nulla eu neque',70),(901,'Aliquam ultrices iaculis',117),(902,'magna, malesuada vel,',101),(903,'Nulla aliquet. Proin',35),(904,'Vivamus nibh dolor,',83),(905,'Nam interdum enim',49),(906,'mi. Aliquam gravida',112),(907,'tellus eu augue',45),(908,'eu lacus. Quisque',55),(909,'Quisque varius. Nam',25),(910,'vulputate, risus a',10),(911,'est, vitae sodales',38),(912,'augue ac ipsum.',39),(913,'Integer urna. Vivamus',108),(914,'amet diam eu',50),(915,'natoque penatibus et',5),(916,'orci. Phasellus dapibus',32),(917,'neque. Nullam nisl.',29),(918,'vulputate dui, nec',86),(919,'pellentesque eget, dictum',65),(920,'facilisis facilisis, magna',79),(921,'sociosqu ad litora',46),(922,'adipiscing lacus. Ut',69),(923,'metus sit amet',82),(924,'egestas rhoncus. Proin',24),(925,'Mauris non dui',10),(926,'felis. Donec tempor,',67),(927,'posuere cubilia Curae;',107),(928,'malesuada. Integer id',56),(929,'ac facilisis facilisis,',36),(930,'hendrerit. Donec porttitor',91),(931,'neque. Morbi quis',107),(932,'Phasellus ornare. Fusce',25),(933,'leo, in lobortis',78),(934,'facilisi. Sed neque.',110),(935,'dolor. Donec fringilla.',116),(936,'Proin vel arcu',86),(937,'montes, nascetur ridiculus',29),(938,'sem eget massa.',88),(939,'egestas, urna justo',99),(940,'luctus et ultrices',102),(941,'at lacus. Quisque',66),(942,'mi. Aliquam gravida',96),(943,'neque. Morbi quis',11),(944,'mauris. Integer sem',16),(945,'lectus convallis est,',73),(946,'Donec porttitor tellus',32),(947,'semper rutrum. Fusce',25),(948,'netus et malesuada',50),(949,'porttitor vulputate, posuere',99),(950,'molestie dapibus ligula.',3),(951,'lobortis augue scelerisque',74),(952,'consectetuer adipiscing elit.',3),(953,'mus. Proin vel',18),(954,'lorem ipsum sodales',15),(955,'convallis erat, eget',16),(956,'elit. Aliquam auctor,',98),(957,'elementum, lorem ut',91),(958,'est. Mauris eu',118),(959,'ipsum non arcu.',96),(960,'ac orci. Ut',21),(961,'quam, elementum at,',59),(962,'sollicitudin orci sem',27),(963,'risus, at fringilla',34),(964,'sodales nisi magna',120),(965,'rutrum lorem ac',22),(966,'non ante bibendum',40),(967,'diam lorem, auctor',70),(968,'vulputate, lacus. Cras',52),(969,'dolor, nonummy ac,',21),(970,'lorem ipsum sodales',90),(971,'convallis ligula. Donec',99),(972,'at auctor ullamcorper,',68),(973,'non quam. Pellentesque',31),(974,'In faucibus. Morbi',14),(975,'dictum mi, ac',50),(976,'eu, placerat eget,',51),(977,'ipsum. Curabitur consequat,',47),(978,'feugiat nec, diam.',110),(979,'volutpat. Nulla dignissim.',112),(980,'lacinia mattis. Integer',62),(981,'malesuada fames ac',52),(982,'leo. Morbi neque',21),(983,'egestas. Sed pharetra,',79),(984,'hendrerit a, arcu.',89),(985,'Donec nibh enim,',90),(986,'vestibulum. Mauris magna.',112),(987,'magna a tortor.',91),(988,'sed tortor. Integer',30),(989,'Integer vulputate, risus',98),(990,'nisl arcu iaculis',4),(991,'amet metus. Aliquam',42),(992,'Aliquam auctor, velit',66),(993,'felis ullamcorper viverra.',98),(994,'ipsum. Phasellus vitae',29),(995,'cursus a, enim.',33),(996,'vitae diam. Proin',104),(997,'amet, dapibus id,',38),(998,'Sed nulla ante,',100),(999,'mauris, rhoncus id,',112),(1000,'nibh dolor, nonummy',49),(1001,'tincidunt adipiscing. Mauris',118),(1002,'molestie tortor nibh',7),(1003,'molestie in, tempus',10),(1004,'vehicula risus. Nulla',44),(1005,'Proin nisl sem,',14),(1006,'placerat, orci lacus',31),(1007,'Sed et libero.',115),(1008,'vestibulum. Mauris magna.',2),(1009,'lectus, a sollicitudin',101),(1010,'scelerisque scelerisque dui.',98),(1011,'Donec egestas. Aliquam',10),(1012,'senectus et netus',71),(1013,'Donec elementum, lorem',17),(1014,'eget massa. Suspendisse',58),(1015,'Duis volutpat nunc',117),(1016,'Nullam ut nisi',96),(1017,'sem ut dolor',43),(1018,'sit amet, risus.',87),(1019,'diam at pretium',21),(1020,'ultrices. Duis volutpat',40),(1021,'ut cursus luctus,',120),(1022,'urna, nec luctus',99),(1023,'malesuada ut, sem.',7),(1024,'urna. Ut tincidunt',12),(1025,'Aliquam ultrices iaculis',44),(1026,'semper cursus. Integer',76),(1027,'adipiscing elit. Curabitur',29),(1028,'Nullam feugiat placerat',15),(1029,'ullamcorper. Duis at',64),(1030,'risus. Quisque libero',7),(1031,'facilisis, magna tellus',75),(1032,'elementum, dui quis',68),(1033,'elit elit fermentum',48),(1034,'laoreet ipsum. Curabitur',85),(1035,'non, cursus non,',31),(1036,'augue eu tellus.',66),(1037,'Nulla eu neque',65),(1038,'accumsan neque et',69),(1039,'molestie tortor nibh',10),(1040,'imperdiet ornare. In',20),(1041,'quam a felis',8),(1042,'ligula eu enim.',58),(1043,'orci. Donec nibh.',85),(1044,'pharetra sed, hendrerit',96),(1045,'ultrices posuere cubilia',51),(1046,'ridiculus mus. Aenean',64),(1047,'sed leo. Cras',110),(1048,'pede. Cum sociis',31),(1049,'sit amet, faucibus',15),(1050,'eget tincidunt dui',53),(1051,'nibh dolor, nonummy',69),(1052,'blandit enim consequat',116),(1053,'ultrices iaculis odio.',79),(1054,'et, euismod et,',71),(1055,'erat, eget tincidunt',27),(1056,'quis turpis vitae',60),(1057,'sem semper erat,',31),(1058,'magna. Sed eu',46),(1059,'lobortis quis, pede.',22),(1060,'ligula. Aenean gravida',60),(1061,'ante. Vivamus non',66),(1062,'sagittis. Nullam vitae',27),(1063,'convallis ligula. Donec',75),(1064,'sagittis felis. Donec',8),(1065,'ac mattis velit',78),(1066,'mattis ornare, lectus',51),(1067,'fermentum risus, at',16),(1068,'nunc est, mollis',37),(1069,'rhoncus id, mollis',90),(1070,'neque. Nullam ut',111),(1071,'imperdiet, erat nonummy',117),(1072,'ridiculus mus. Aenean',28),(1073,'erat volutpat. Nulla',94),(1074,'convallis ligula. Donec',73),(1075,'pede. Nunc sed',78),(1076,'per conubia nostra,',28),(1077,'dolor dapibus gravida.',3),(1078,'volutpat. Nulla facilisis.',57),(1079,'et risus. Quisque',49),(1080,'sociis natoque penatibus',12),(1081,'lobortis mauris. Suspendisse',72),(1082,'Nam interdum enim',45),(1083,'lorem. Donec elementum,',12),(1084,'dolor sit amet,',62),(1085,'ut aliquam iaculis,',89),(1086,'pede sagittis augue,',51),(1087,'ultrices. Duis volutpat',69),(1088,'ac mattis velit',38),(1089,'euismod urna. Nullam',35),(1090,'Phasellus fermentum convallis',19),(1091,'sollicitudin a, malesuada',49),(1092,'mauris sapien, cursus',120),(1093,'enim non nisi.',112),(1094,'tincidunt nibh. Phasellus',19),(1095,'velit egestas lacinia.',17),(1096,'morbi tristique senectus',34),(1097,'a, scelerisque sed,',5),(1098,'Nunc quis arcu',35),(1099,'Quisque purus sapien,',54),(1100,'Curabitur egestas nunc',30),(1101,'ornare, libero at',41),(1102,'nec mauris blandit',29),(1103,'Integer aliquam adipiscing',93),(1104,'Proin sed turpis',96),(1105,'porttitor vulputate, posuere',53),(1106,'imperdiet, erat nonummy',66),(1107,'Suspendisse dui. Fusce',72),(1108,'est mauris, rhoncus',112),(1109,'Nunc mauris elit,',2),(1110,'torquent per conubia',33),(1111,'sem elit, pharetra',107),(1112,'augue ac ipsum.',1),(1113,'aliquet, metus urna',42),(1114,'tincidunt congue turpis.',97),(1115,'ante bibendum ullamcorper.',72),(1116,'tincidunt pede ac',66),(1117,'luctus, ipsum leo',78),(1118,'ultricies sem magna',19),(1119,'In ornare sagittis',34),(1120,'Pellentesque tincidunt tempus',57),(1121,'elit, pharetra ut,',30),(1122,'vitae, posuere at,',117),(1123,'mi tempor lorem,',67),(1124,'elit. Etiam laoreet,',48),(1125,'consectetuer adipiscing elit.',8),(1126,'Nulla eget metus',76),(1127,'libero est, congue',65),(1128,'est, mollis non,',27),(1129,'ornare lectus justo',22),(1130,'Cras convallis convallis',100),(1131,'pharetra, felis eget',80),(1132,'ornare egestas ligula.',82),(1133,'sociis natoque penatibus',81),(1134,'in consectetuer ipsum',43),(1135,'vitae, orci. Phasellus',76),(1136,'nulla. Cras eu',31),(1137,'Suspendisse non leo.',74),(1138,'bibendum. Donec felis',107),(1139,'ipsum primis in',96),(1140,'et ipsum cursus',58),(1141,'mus. Proin vel',65),(1142,'enim nisl elementum',118),(1143,'commodo ipsum. Suspendisse',21),(1144,'tincidunt congue turpis.',46),(1145,'risus. Donec nibh',65),(1146,'turpis nec mauris',20),(1147,'dictum. Phasellus in',106),(1148,'ad litora torquent',48),(1149,'tempor lorem, eget',80),(1150,'Fusce feugiat. Lorem',115),(1151,'diam. Sed diam',21),(1152,'tincidunt, nunc ac',55),(1153,'urna. Ut tincidunt',61),(1154,'Proin ultrices. Duis',42),(1155,'erat neque non',120),(1156,'Nulla facilisi. Sed',39),(1157,'nisl arcu iaculis',8),(1158,'gravida nunc sed',38),(1159,'Morbi neque tellus,',49),(1160,'diam dictum sapien.',100),(1161,'amet risus. Donec',65),(1162,'Proin vel nisl.',93),(1163,'rutrum urna, nec',49),(1164,'Sed eu eros.',91),(1165,'mattis semper, dui',52),(1166,'id sapien. Cras',96),(1167,'adipiscing elit. Aliquam',54),(1168,'semper cursus. Integer',76),(1169,'libero. Morbi accumsan',16),(1170,'convallis erat, eget',33),(1171,'fames ac turpis',1),(1172,'eleifend, nunc risus',30),(1173,'Quisque varius. Nam',61),(1174,'Aenean eget magna.',12),(1175,'convallis erat, eget',34),(1176,'ante ipsum primis',101),(1177,'commodo tincidunt nibh.',24),(1178,'tincidunt aliquam arcu.',4),(1179,'lacus. Etiam bibendum',90),(1180,'vel, venenatis vel,',16),(1181,'nulla magna, malesuada',115),(1182,'ipsum. Curabitur consequat,',38),(1183,'dui. Suspendisse ac',24),(1184,'tristique pharetra. Quisque',21),(1185,'in lobortis tellus',71),(1186,'eleifend nec, malesuada',66),(1187,'non magna. Nam',116),(1188,'condimentum. Donec at',64),(1189,'nulla at sem',76),(1190,'Fusce feugiat. Lorem',99),(1191,'est ac mattis',34),(1192,'Suspendisse sed dolor.',83),(1193,'gravida sit amet,',26),(1194,'dapibus gravida. Aliquam',49),(1195,'vel quam dignissim',75),(1196,'ligula. Donec luctus',9),(1197,'non, hendrerit id,',14),(1198,'Ut nec urna',7),(1199,'mollis nec, cursus',89),(1200,'lorem, vehicula et,',26),(1201,'mauris ipsum porta',83),(1202,'Nulla eget metus',46),(1203,'porttitor eros nec',118),(1204,'aliquam eros turpis',29),(1205,'aliquam iaculis, lacus',36),(1206,'nonummy ut, molestie',60),(1207,'vehicula risus. Nulla',3),(1208,'pulvinar arcu et',36),(1209,'sit amet luctus',90),(1210,'arcu. Sed et',17),(1211,'sit amet, consectetuer',52),(1212,'tincidunt. Donec vitae',28),(1213,'sodales elit erat',11),(1214,'interdum libero dui',15),(1215,'ac facilisis facilisis,',58),(1216,'Etiam bibendum fermentum',55),(1217,'semper cursus. Integer',61),(1218,'Suspendisse non leo.',62),(1219,'lacinia. Sed congue,',30),(1220,'Sed dictum. Proin',119),(1221,'gravida. Praesent eu',28),(1222,'hendrerit neque. In',13),(1223,'justo. Proin non',50),(1224,'urna. Nullam lobortis',19),(1225,'a feugiat tellus',88),(1226,'id, erat. Etiam',27),(1227,'ullamcorper eu, euismod',93),(1228,'vitae, erat. Vivamus',16),(1229,'magna. Praesent interdum',110),(1230,'ac libero nec',87),(1231,'malesuada fames ac',93),(1232,'libero. Proin sed',118),(1233,'lectus convallis est,',23),(1234,'arcu. Vestibulum ante',63),(1235,'risus quis diam',62),(1236,'Cras eget nisi',21),(1237,'nec urna et',3),(1238,'vulputate velit eu',41),(1239,'magna. Nam ligula',117),(1240,'pede, ultrices a,',41),(1241,'fermentum vel, mauris.',98),(1242,'Duis a mi',89),(1243,'a mi fringilla',68),(1244,'vitae, aliquet nec,',107),(1245,'mus. Proin vel',17),(1246,'laoreet lectus quis',6),(1247,'Vestibulum ante ipsum',3),(1248,'quis urna. Nunc',97),(1249,'diam vel arcu.',35),(1250,'nunc risus varius',53),(1251,'Nulla interdum. Curabitur',71),(1252,'nulla magna, malesuada',114),(1253,'Donec fringilla. Donec',11),(1254,'enim. Mauris quis',55),(1255,'Integer eu lacus.',84),(1256,'hendrerit consectetuer, cursus',1),(1257,'lorem, vehicula et,',92),(1258,'elit pede, malesuada',48),(1259,'risus. Duis a',77),(1260,'eget varius ultrices,',29),(1261,'ultrices, mauris ipsum',47),(1262,'tincidunt, nunc ac',101),(1263,'ligula. Nullam feugiat',94),(1264,'ornare, elit elit',20),(1265,'mattis ornare, lectus',118),(1266,'est tempor bibendum.',88),(1267,'fermentum vel, mauris.',65),(1268,'libero. Proin sed',79),(1269,'a, auctor non,',45),(1270,'pede nec ante',118),(1271,'tincidunt nibh. Phasellus',54),(1272,'eros non enim',80),(1273,'dictum placerat, augue.',34),(1274,'nibh. Donec est',77),(1275,'ut nisi a',3),(1276,'sit amet luctus',86),(1277,'aliquam eu, accumsan',27),(1278,'elit, pretium et,',43),(1279,'Cras dictum ultricies',72),(1280,'hymenaeos. Mauris ut',97),(1281,'erat, eget tincidunt',25),(1282,'dictum magna. Ut',84),(1283,'Aliquam adipiscing lobortis',115),(1284,'diam luctus lobortis.',58),(1285,'elit. Curabitur sed',16),(1286,'urna convallis erat,',13),(1287,'lorem, auctor quis,',73),(1288,'Phasellus nulla. Integer',98),(1289,'Aliquam ornare, libero',63),(1290,'eu augue porttitor',19),(1291,'ultrices. Vivamus rhoncus.',58),(1292,'ultricies adipiscing, enim',37),(1293,'sociosqu ad litora',102),(1294,'adipiscing elit. Etiam',7),(1295,'risus. In mi',76),(1296,'Vivamus rhoncus. Donec',28),(1297,'auctor vitae, aliquet',95),(1298,'vitae, erat. Vivamus',74),(1299,'velit in aliquet',65),(1300,'vitae risus. Duis',48);
/*!40000 ALTER TABLE `Lavorazione` ENABLE KEYS */;
UNLOCK TABLES;

--
-- Table structure for table `Ordine`
--

DROP TABLE IF EXISTS `Ordine`;
/*!40101 SET @saved_cs_client     = @@character_set_client */;
/*!40101 SET character_set_client = utf8 */;
CREATE TABLE `Ordine` (
  `id` mediumint(8) NOT NULL AUTO_INCREMENT,
  `idCliente` mediumint(9) DEFAULT NULL,
  `idProdotto` mediumint(9) DEFAULT NULL,
  `Data` varchar(255) DEFAULT NULL,
  PRIMARY KEY (`id`),
  KEY `c_idx` (`idCliente`),
  KEY `p_idx` (`idProdotto`),
  KEY `cl_idx` (`idCliente`),
  KEY `pr_idx` (`idProdotto`),
  CONSTRAINT `cl` FOREIGN KEY (`idCliente`) REFERENCES `Cliente` (`idCliente`) ON DELETE NO ACTION ON UPDATE NO ACTION,
  CONSTRAINT `pr` FOREIGN KEY (`idProdotto`) REFERENCES `Prodotto` (`idProdotto`) ON DELETE NO ACTION ON UPDATE NO ACTION
) ENGINE=InnoDB AUTO_INCREMENT=1101 DEFAULT CHARSET=latin1;
/*!40101 SET character_set_client = @saved_cs_client */;

--
-- Dumping data for table `Ordine`
--

LOCK TABLES `Ordine` WRITE;
/*!40000 ALTER TABLE `Ordine` DISABLE KEYS */;
INSERT INTO `Ordine` VALUES (1,364,603,'17/11/2015'),(2,89,724,'12/07/2015'),(3,135,342,'13/09/2015'),(4,40,486,'15/10/2015'),(5,178,508,'27/05/2015'),(6,279,827,'27/05/2015'),(7,372,699,'03/07/2015'),(8,340,439,'28/09/2015'),(9,8,475,'08/04/2015'),(10,115,996,'12/01/2015'),(11,288,399,'10/05/2015'),(12,65,703,'23/05/2015'),(13,118,654,'23/08/2015'),(14,21,599,'23/11/2015'),(15,372,83,'30/06/2015'),(16,153,635,'08/05/2015'),(17,321,220,'17/04/2015'),(18,385,177,'23/04/2015'),(19,348,562,'06/11/2015'),(20,79,707,'20/02/2015'),(21,43,815,'29/11/2015'),(22,98,865,'02/06/2015'),(23,291,12,'05/07/2015'),(24,143,438,'01/11/2015'),(25,307,6,'12/05/2015'),(26,360,561,'15/11/2015'),(27,271,843,'02/04/2015'),(28,322,200,'16/11/2015'),(29,35,318,'13/12/2015'),(30,132,278,'31/10/2015'),(31,228,250,'19/12/2015'),(32,143,564,'02/12/2015'),(33,287,606,'17/02/2015'),(34,274,650,'24/01/2015'),(35,25,188,'16/12/2015'),(36,348,424,'24/12/2015'),(37,303,784,'27/09/2015'),(38,386,246,'06/02/2015'),(39,257,396,'27/05/2015'),(40,31,984,'02/01/2015'),(41,195,264,'12/12/2015'),(42,188,187,'30/06/2015'),(43,254,327,'18/10/2015'),(44,345,505,'22/03/2015'),(45,134,782,'11/04/2015'),(46,76,802,'07/12/2015'),(47,96,122,'23/02/2015'),(48,318,677,'05/05/2015'),(49,321,61,'10/01/2015'),(50,338,689,'01/06/2015'),(51,323,18,'27/08/2015'),(52,139,731,'13/08/2015'),(53,237,435,'09/04/2015'),(54,252,984,'29/10/2015'),(55,166,871,'04/08/2015'),(56,211,774,'02/11/2015'),(57,141,42,'24/11/2015'),(58,122,718,'20/07/2015'),(59,133,731,'27/10/2015'),(60,21,444,'21/05/2015'),(61,285,61,'31/07/2015'),(62,356,470,'18/07/2015'),(63,130,596,'22/04/2015'),(64,169,304,'15/02/2015'),(65,304,740,'29/08/2015'),(66,4,169,'24/10/2015'),(67,294,421,'11/11/2015'),(68,350,124,'17/06/2015'),(69,343,876,'29/01/2015'),(70,129,321,'13/10/2015'),(71,224,804,'23/04/2015'),(72,143,296,'19/05/2015'),(73,334,702,'21/11/2015'),(74,358,188,'24/02/2015'),(75,229,934,'14/07/2015'),(76,317,643,'02/02/2015'),(77,138,669,'10/03/2015'),(78,159,125,'29/12/2015'),(79,200,678,'26/08/2015'),(80,172,315,'18/03/2015'),(81,371,836,'17/03/2015'),(82,205,465,'16/04/2015'),(83,349,373,'08/02/2015'),(84,287,188,'07/02/2015'),(85,234,714,'25/09/2015'),(86,10,176,'01/08/2015'),(87,292,797,'02/02/2015'),(88,156,163,'25/05/2015'),(89,14,197,'16/06/2015'),(90,254,810,'07/08/2015'),(91,101,790,'15/05/2015'),(92,200,540,'18/01/2015'),(93,372,386,'14/12/2015'),(94,65,634,'29/10/2015'),(95,106,807,'15/01/2015'),(96,76,195,'28/01/2015'),(97,237,262,'17/06/2015'),(98,400,465,'26/11/2015'),(99,171,865,'14/05/2015'),(100,11,272,'29/03/2015'),(101,246,80,'09/07/2015'),(102,71,760,'21/05/2015'),(103,153,61,'18/07/2015'),(104,158,423,'26/10/2015'),(105,117,52,'17/03/2015'),(106,167,981,'10/10/2015'),(107,374,901,'28/12/2015'),(108,75,221,'30/07/2015'),(109,302,558,'28/10/2015'),(110,149,26,'27/03/2015'),(111,262,560,'13/07/2015'),(112,343,155,'04/07/2015'),(113,80,34,'15/10/2015'),(114,154,65,'19/09/2015'),(115,47,979,'11/06/2015'),(116,311,378,'14/07/2015'),(117,85,628,'06/09/2015'),(118,226,320,'20/03/2015'),(119,296,495,'12/01/2015'),(120,106,811,'04/05/2015'),(121,188,821,'19/04/2015'),(122,227,970,'23/02/2015'),(123,374,740,'29/08/2015'),(124,347,377,'21/04/2015'),(125,260,846,'20/11/2015'),(126,233,133,'06/10/2015'),(127,214,851,'04/05/2015'),(128,57,579,'27/06/2015'),(129,79,547,'26/01/2015'),(130,23,680,'23/09/2015'),(131,7,588,'16/11/2015'),(132,321,285,'05/07/2015'),(133,73,647,'28/01/2015'),(134,31,968,'22/07/2015'),(135,224,417,'23/03/2015'),(136,60,323,'22/05/2015'),(137,303,658,'18/11/2015'),(138,397,684,'15/08/2015'),(139,227,182,'17/01/2015'),(140,263,651,'21/12/2015'),(141,135,567,'28/04/2015'),(142,386,263,'21/02/2015'),(143,6,894,'04/02/2015'),(144,250,317,'18/10/2015'),(145,261,414,'12/04/2015'),(146,157,204,'01/04/2015'),(147,141,590,'28/12/2015'),(148,144,141,'13/09/2015'),(149,374,932,'24/09/2015'),(150,67,596,'10/09/2015'),(151,126,61,'01/03/2015'),(152,6,471,'27/07/2015'),(153,310,404,'01/04/2015'),(154,145,326,'14/01/2015'),(155,199,226,'11/11/2015'),(156,384,770,'26/04/2015'),(157,294,227,'26/01/2015'),(158,104,208,'21/11/2015'),(159,196,731,'04/04/2015'),(160,40,90,'22/08/2015'),(161,106,411,'23/02/2015'),(162,36,619,'03/04/2015'),(163,43,240,'11/07/2015'),(164,289,611,'12/07/2015'),(165,59,600,'27/10/2015'),(166,105,379,'28/11/2015'),(167,158,796,'15/07/2015'),(168,42,547,'29/12/2015'),(169,241,616,'28/03/2015'),(170,113,674,'17/09/2015'),(171,318,287,'28/07/2015'),(172,145,300,'09/01/2015'),(173,322,203,'13/09/2015'),(174,232,109,'29/07/2015'),(175,292,685,'28/06/2015'),(176,179,601,'30/06/2015'),(177,18,568,'05/07/2015'),(178,354,312,'31/05/2015'),(179,28,561,'06/04/2015'),(180,144,864,'03/08/2015'),(181,205,287,'29/01/2015'),(182,68,362,'12/01/2015'),(183,75,591,'01/04/2015'),(184,366,890,'02/04/2015'),(185,193,589,'29/08/2015'),(186,251,91,'01/04/2015'),(187,244,592,'05/09/2015'),(188,291,450,'01/04/2015'),(189,114,221,'08/10/2015'),(190,393,951,'21/04/2015'),(191,84,123,'04/10/2015'),(192,96,147,'10/07/2015'),(193,129,314,'02/03/2015'),(194,168,739,'06/03/2015'),(195,82,445,'02/06/2015'),(196,70,467,'26/11/2015'),(197,166,416,'08/03/2015'),(198,47,57,'09/02/2015'),(199,331,155,'21/07/2015'),(200,128,451,'20/03/2015'),(201,54,638,'18/11/2015'),(202,379,753,'28/09/2015'),(203,111,480,'27/01/2015'),(204,163,243,'16/02/2015'),(205,143,939,'10/09/2015'),(206,333,813,'08/09/2015'),(207,392,158,'06/04/2015'),(208,364,401,'15/01/2015'),(209,126,330,'17/12/2015'),(210,348,124,'19/06/2015'),(211,216,106,'12/04/2015'),(212,266,901,'23/11/2015'),(213,92,221,'25/11/2015'),(214,214,455,'16/02/2015'),(215,5,430,'19/07/2015'),(216,366,1,'12/05/2015'),(217,7,572,'27/01/2015'),(218,305,606,'13/02/2015'),(219,92,89,'14/03/2015'),(220,183,745,'26/07/2015'),(221,130,333,'29/10/2015'),(222,168,145,'03/09/2015'),(223,386,97,'10/12/2015'),(224,168,847,'23/09/2015'),(225,308,852,'09/11/2015'),(226,268,223,'30/07/2015'),(227,378,122,'26/05/2015'),(228,30,278,'11/07/2015'),(229,394,764,'05/11/2015'),(230,382,331,'05/08/2015'),(231,399,23,'26/07/2015'),(232,342,894,'02/10/2015'),(233,277,467,'20/07/2015'),(234,37,766,'19/02/2015'),(235,190,905,'24/04/2015'),(236,219,95,'30/04/2015'),(237,318,898,'24/11/2015'),(238,40,687,'08/07/2015'),(239,317,717,'05/09/2015'),(240,36,373,'14/01/2015'),(241,189,218,'18/12/2015'),(242,95,921,'05/08/2015'),(243,63,408,'13/08/2015'),(244,386,442,'26/03/2015'),(245,184,247,'06/10/2015'),(246,313,660,'04/02/2015'),(247,318,69,'08/09/2015'),(248,360,67,'28/09/2015'),(249,308,142,'07/03/2015'),(250,30,103,'28/09/2015'),(251,54,835,'04/06/2015'),(252,316,409,'03/08/2015'),(253,151,459,'10/03/2015'),(254,257,887,'11/08/2015'),(255,263,332,'07/01/2015'),(256,15,541,'22/04/2015'),(257,388,194,'17/06/2015'),(258,153,256,'14/11/2015'),(259,185,234,'22/02/2015'),(260,302,72,'27/10/2015'),(261,228,497,'18/12/2015'),(262,135,350,'28/11/2015'),(263,168,894,'22/09/2015'),(264,319,823,'07/09/2015'),(265,206,356,'18/09/2015'),(266,84,691,'24/10/2015'),(267,53,666,'10/11/2015'),(268,235,55,'17/03/2015'),(269,70,142,'25/07/2015'),(270,378,3,'09/12/2015'),(271,222,308,'05/07/2015'),(272,221,215,'05/06/2015'),(273,280,268,'02/06/2015'),(274,291,593,'26/06/2015'),(275,57,957,'05/10/2015'),(276,328,841,'09/07/2015'),(277,257,168,'21/04/2015'),(278,231,959,'13/11/2015'),(279,327,1,'03/08/2015'),(280,129,264,'16/02/2015'),(281,291,514,'15/01/2015'),(282,158,5,'01/04/2015'),(283,281,668,'13/01/2015'),(284,133,848,'29/12/2015'),(285,137,772,'04/06/2015'),(286,84,105,'30/03/2015'),(287,112,697,'29/06/2015'),(288,381,332,'01/07/2015'),(289,357,735,'19/09/2015'),(290,25,80,'22/05/2015'),(291,341,89,'18/08/2015'),(292,178,846,'12/08/2015'),(293,99,153,'02/08/2015'),(294,268,859,'27/06/2015'),(295,265,798,'21/12/2015'),(296,52,797,'25/04/2015'),(297,265,634,'12/07/2015'),(298,113,66,'25/11/2015'),(299,176,159,'30/06/2015'),(300,216,129,'17/07/2015'),(301,383,540,'02/02/2015'),(302,400,145,'04/01/2015'),(303,282,171,'11/07/2015'),(304,297,28,'01/04/2015'),(305,345,932,'19/04/2015'),(306,161,853,'20/11/2015'),(307,224,878,'04/02/2015'),(308,383,263,'27/04/2015'),(309,169,793,'15/09/2015'),(310,91,451,'10/04/2015'),(311,43,150,'25/07/2015'),(312,58,798,'26/02/2015'),(313,29,976,'10/06/2015'),(314,243,916,'02/06/2015'),(315,222,672,'05/12/2015'),(316,164,815,'01/06/2015'),(317,158,201,'25/11/2015'),(318,353,754,'09/06/2015'),(319,352,810,'09/01/2015'),(320,85,507,'12/08/2015'),(321,215,759,'31/08/2015'),(322,55,885,'17/12/2015'),(323,394,643,'04/08/2015'),(324,253,841,'21/10/2015'),(325,261,91,'01/06/2015'),(326,114,948,'12/10/2015'),(327,275,441,'23/03/2015'),(328,325,693,'01/04/2015'),(329,255,203,'03/10/2015'),(330,24,179,'20/09/2015'),(331,75,80,'26/01/2015'),(332,58,686,'24/11/2015'),(333,182,847,'16/04/2015'),(334,172,785,'20/01/2015'),(335,310,679,'23/01/2015'),(336,221,359,'12/11/2015'),(337,103,800,'20/04/2015'),(338,142,267,'15/12/2015'),(339,333,881,'09/08/2015'),(340,62,968,'07/09/2015'),(341,37,564,'27/08/2015'),(342,352,191,'07/02/2015'),(343,346,21,'24/11/2015'),(344,336,267,'30/05/2015'),(345,337,356,'08/10/2015'),(346,38,814,'09/09/2015'),(347,72,640,'01/04/2015'),(348,239,200,'16/03/2015'),(349,325,557,'06/01/2015'),(350,98,512,'03/02/2015'),(351,102,415,'03/06/2015'),(352,399,233,'02/08/2015'),(353,39,465,'31/07/2015'),(354,66,366,'26/09/2015'),(355,228,49,'23/10/2015'),(356,262,536,'14/05/2015'),(357,93,589,'02/08/2015'),(358,68,172,'18/01/2015'),(359,213,850,'20/05/2015'),(360,147,973,'15/09/2015'),(361,155,123,'24/11/2015'),(362,171,898,'21/05/2015'),(363,3,808,'26/07/2015'),(364,1,770,'09/12/2015'),(365,277,558,'16/09/2015'),(366,180,122,'10/08/2015'),(367,61,917,'24/03/2015'),(368,163,250,'10/08/2015'),(369,157,793,'24/10/2015'),(370,279,696,'31/08/2015'),(371,338,139,'16/02/2015'),(372,366,229,'17/08/2015'),(373,377,257,'12/02/2015'),(374,46,896,'27/07/2015'),(375,186,789,'07/10/2015'),(376,78,551,'22/05/2015'),(377,183,615,'09/06/2015'),(378,124,270,'27/06/2015'),(379,154,363,'16/04/2015'),(380,26,181,'10/02/2015'),(381,149,454,'15/03/2015'),(382,235,267,'08/12/2015'),(383,158,525,'21/04/2015'),(384,24,577,'14/03/2015'),(385,140,926,'11/06/2015'),(386,279,909,'11/08/2015'),(387,113,659,'01/10/2015'),(388,216,138,'07/04/2015'),(389,10,866,'21/04/2015'),(390,307,325,'13/03/2015'),(391,57,954,'05/09/2015'),(392,331,931,'08/08/2015'),(393,280,122,'24/10/2015'),(394,63,877,'25/08/2015'),(395,376,105,'04/09/2015'),(396,282,554,'03/08/2015'),(397,244,903,'31/03/2015'),(398,42,510,'27/02/2015'),(399,361,838,'30/01/2015'),(400,229,28,'02/08/2015'),(401,383,716,'24/06/2015'),(402,380,652,'25/05/2015'),(403,123,581,'23/12/2015'),(404,336,748,'15/05/2015'),(405,145,829,'06/01/2015'),(406,53,994,'13/02/2015'),(407,146,38,'15/12/2015'),(408,98,558,'24/01/2015'),(409,393,636,'15/06/2015'),(410,248,761,'11/03/2015'),(411,366,784,'29/07/2015'),(412,276,354,'09/12/2015'),(413,220,375,'28/02/2015'),(414,380,693,'26/10/2015'),(415,208,188,'07/09/2015'),(416,90,116,'19/06/2015'),(417,236,14,'24/04/2015'),(418,187,601,'02/07/2015'),(419,348,264,'21/08/2015'),(420,221,770,'13/03/2015'),(421,141,406,'14/03/2015'),(422,69,143,'28/08/2015'),(423,31,806,'10/12/2015'),(424,144,340,'24/01/2015'),(425,80,166,'02/08/2015'),(426,178,84,'13/10/2015'),(427,348,147,'17/05/2015'),(428,68,544,'05/11/2015'),(429,57,848,'28/06/2015'),(430,67,11,'04/02/2015'),(431,32,654,'16/01/2015'),(432,131,676,'10/11/2015'),(433,363,300,'20/10/2015'),(434,104,895,'30/06/2015'),(435,373,895,'22/01/2015'),(436,342,605,'06/01/2015'),(437,30,376,'28/09/2015'),(438,87,478,'16/04/2015'),(439,269,220,'21/03/2015'),(440,188,861,'04/11/2015'),(441,328,435,'02/02/2015'),(442,117,100,'04/04/2015'),(443,241,702,'31/08/2015'),(444,18,274,'25/11/2015'),(445,364,229,'13/11/2015'),(446,319,65,'30/05/2015'),(447,103,345,'07/09/2015'),(448,266,63,'29/11/2015'),(449,197,854,'30/12/2015'),(450,309,910,'03/10/2015'),(451,177,954,'23/11/2015'),(452,256,163,'17/07/2015'),(453,44,371,'12/02/2015'),(454,23,643,'22/03/2015'),(455,270,948,'11/01/2015'),(456,276,533,'23/06/2015'),(457,391,368,'03/08/2015'),(458,120,802,'18/08/2015'),(459,47,875,'11/11/2015'),(460,31,424,'06/01/2015'),(461,188,31,'05/05/2015'),(462,320,121,'11/12/2015'),(463,168,998,'09/10/2015'),(464,163,226,'16/12/2015'),(465,393,950,'10/09/2015'),(466,100,640,'29/03/2015'),(467,81,897,'08/07/2015'),(468,198,453,'19/11/2015'),(469,185,64,'05/04/2015'),(470,205,585,'11/12/2015'),(471,155,24,'21/09/2015'),(472,47,698,'13/01/2015'),(473,164,83,'29/12/2015'),(474,93,251,'25/10/2015'),(475,13,758,'10/01/2015'),(476,320,305,'18/04/2015'),(477,294,304,'29/09/2015'),(478,93,128,'25/11/2015'),(479,329,129,'30/01/2015'),(480,15,315,'18/01/2015'),(481,353,101,'10/09/2015'),(482,158,815,'01/11/2015'),(483,310,199,'09/10/2015'),(484,124,807,'02/05/2015'),(485,234,465,'30/03/2015'),(486,386,633,'08/07/2015'),(487,186,132,'07/02/2015'),(488,202,272,'04/12/2015'),(489,293,33,'18/10/2015'),(490,198,49,'07/07/2015'),(491,359,152,'09/03/2015'),(492,106,877,'23/12/2015'),(493,360,136,'14/02/2015'),(494,127,634,'07/02/2015'),(495,74,328,'07/11/2015'),(496,117,545,'07/02/2015'),(497,26,801,'18/11/2015'),(498,356,83,'17/01/2015'),(499,227,369,'15/05/2015'),(500,6,174,'11/06/2015'),(501,180,171,'13/04/2015'),(502,63,806,'17/02/2015'),(503,316,62,'26/06/2015'),(504,394,518,'26/07/2015'),(505,70,335,'24/05/2015'),(506,284,896,'21/10/2015'),(507,133,350,'09/05/2015'),(508,171,28,'26/03/2015'),(509,400,578,'30/09/2015'),(510,227,453,'17/06/2015'),(511,228,380,'07/09/2015'),(512,328,813,'14/02/2015'),(513,277,272,'15/09/2015'),(514,3,903,'30/03/2015'),(515,84,26,'01/07/2015'),(516,306,490,'25/07/2015'),(517,33,23,'20/02/2015'),(518,320,102,'17/06/2015'),(519,152,968,'11/05/2015'),(520,283,304,'12/09/2015'),(521,391,248,'15/07/2015'),(522,20,713,'13/06/2015'),(523,302,772,'11/02/2015'),(524,122,108,'16/08/2015'),(525,344,547,'03/04/2015'),(526,38,661,'01/08/2015'),(527,284,633,'07/06/2015'),(528,61,878,'17/06/2015'),(529,349,599,'05/06/2015'),(530,108,382,'02/06/2015'),(531,105,643,'28/03/2015'),(532,287,904,'26/01/2015'),(533,94,305,'15/12/2015'),(534,66,517,'13/11/2015'),(535,194,797,'21/09/2015'),(536,305,657,'22/01/2015'),(537,14,216,'16/03/2015'),(538,382,365,'20/02/2015'),(539,382,34,'15/04/2015'),(540,250,205,'02/12/2015'),(541,162,883,'10/04/2015'),(542,364,991,'03/01/2015'),(543,41,657,'27/10/2015'),(544,343,481,'06/08/2015'),(545,82,813,'30/10/2015'),(546,31,132,'07/06/2015'),(547,272,921,'23/07/2015'),(548,63,429,'20/09/2015'),(549,137,336,'15/02/2015'),(550,191,707,'18/07/2015'),(551,307,735,'01/01/2015'),(552,88,860,'25/07/2015'),(553,394,179,'09/03/2015'),(554,140,857,'18/07/2015'),(555,296,719,'28/01/2015'),(556,231,602,'11/04/2015'),(557,289,640,'28/07/2015'),(558,218,276,'12/09/2015'),(559,312,109,'09/04/2015'),(560,188,925,'23/10/2015'),(561,133,958,'16/03/2015'),(562,315,469,'10/11/2015'),(563,358,446,'25/12/2015'),(564,25,728,'19/08/2015'),(565,373,366,'27/08/2015'),(566,197,333,'13/01/2015'),(567,79,799,'23/08/2015'),(568,287,970,'13/12/2015'),(569,111,198,'27/11/2015'),(570,324,257,'11/11/2015'),(571,251,639,'11/08/2015'),(572,73,105,'19/04/2015'),(573,33,654,'11/02/2015'),(574,270,580,'24/05/2015'),(575,190,812,'09/02/2015'),(576,72,263,'29/09/2015'),(577,239,138,'26/06/2015'),(578,369,205,'08/09/2015'),(579,169,144,'04/08/2015'),(580,10,272,'14/10/2015'),(581,328,470,'09/11/2015'),(582,76,482,'21/03/2015'),(583,394,569,'06/06/2015'),(584,247,491,'18/02/2015'),(585,156,770,'26/01/2015'),(586,345,935,'05/09/2015'),(587,126,579,'30/12/2015'),(588,111,757,'29/07/2015'),(589,325,823,'19/01/2015'),(590,99,144,'04/08/2015'),(591,190,397,'26/04/2015'),(592,336,50,'23/07/2015'),(593,340,258,'18/10/2015'),(594,196,575,'23/09/2015'),(595,143,63,'11/01/2015'),(596,270,746,'13/03/2015'),(597,390,307,'17/07/2015'),(598,113,311,'30/06/2015'),(599,57,391,'07/11/2015'),(600,393,150,'28/04/2015'),(601,328,616,'23/12/2015'),(602,397,560,'10/10/2015'),(603,41,380,'09/06/2015'),(604,60,923,'27/03/2015'),(605,324,771,'18/08/2015'),(606,110,159,'31/01/2015'),(607,304,126,'12/02/2015'),(608,351,90,'26/12/2015'),(609,3,228,'07/02/2015'),(610,259,705,'05/03/2015'),(611,73,665,'23/09/2015'),(612,232,856,'12/08/2015'),(613,326,570,'01/11/2015'),(614,353,927,'18/09/2015'),(615,162,237,'30/10/2015'),(616,312,972,'25/10/2015'),(617,46,655,'20/10/2015'),(618,364,304,'20/07/2015'),(619,209,632,'16/10/2015'),(620,251,804,'16/01/2015'),(621,393,331,'01/07/2015'),(622,290,682,'05/03/2015'),(623,117,508,'25/07/2015'),(624,381,664,'16/02/2015'),(625,316,222,'31/01/2015'),(626,18,669,'20/01/2015'),(627,39,959,'22/06/2015'),(628,266,248,'01/06/2015'),(629,294,366,'23/03/2015'),(630,215,38,'15/01/2015'),(631,93,174,'06/07/2015'),(632,96,9,'25/11/2015'),(633,21,252,'04/11/2015'),(634,290,671,'16/12/2015'),(635,393,365,'28/06/2015'),(636,24,45,'23/09/2015'),(637,3,936,'06/08/2015'),(638,344,107,'28/08/2015'),(639,222,350,'13/05/2015'),(640,59,567,'13/07/2015'),(641,268,416,'23/05/2015'),(642,123,243,'13/04/2015'),(643,371,439,'22/05/2015'),(644,399,258,'31/01/2015'),(645,21,766,'15/07/2015'),(646,274,46,'13/01/2015'),(647,196,952,'10/02/2015'),(648,243,777,'10/07/2015'),(649,262,516,'23/07/2015'),(650,270,285,'16/03/2015'),(651,346,879,'05/08/2015'),(652,279,788,'19/09/2015'),(653,173,604,'16/03/2015'),(654,42,842,'26/06/2015'),(655,11,42,'06/08/2015'),(656,113,630,'08/02/2015'),(657,19,605,'30/04/2015'),(658,350,375,'12/12/2015'),(659,108,354,'15/06/2015'),(660,231,897,'26/06/2015'),(661,386,490,'09/05/2015'),(662,134,51,'14/12/2015'),(663,347,934,'19/06/2015'),(664,60,814,'10/06/2015'),(665,169,876,'25/02/2015'),(666,202,230,'03/11/2015'),(667,79,350,'02/05/2015'),(668,300,299,'17/06/2015'),(669,25,224,'16/09/2015'),(670,114,225,'18/05/2015'),(671,104,845,'22/07/2015'),(672,381,270,'03/03/2015'),(673,374,973,'03/06/2015'),(674,101,525,'11/06/2015'),(675,87,520,'09/02/2015'),(676,306,245,'06/02/2015'),(677,28,248,'04/01/2015'),(678,277,206,'14/03/2015'),(679,241,737,'05/01/2015'),(680,112,229,'25/03/2015'),(681,7,703,'10/10/2015'),(682,21,137,'06/04/2015'),(683,191,571,'16/03/2015'),(684,323,496,'28/08/2015'),(685,8,820,'03/11/2015'),(686,132,222,'09/06/2015'),(687,64,620,'01/09/2015'),(688,350,703,'23/01/2015'),(689,152,134,'06/09/2015'),(690,19,28,'01/08/2015'),(691,325,773,'04/08/2015'),(692,288,922,'18/07/2015'),(693,245,692,'09/02/2015'),(694,39,551,'30/10/2015'),(695,355,482,'03/04/2015'),(696,295,503,'15/06/2015'),(697,282,326,'06/01/2015'),(698,369,963,'08/06/2015'),(699,22,416,'24/01/2015'),(700,107,617,'30/01/2015'),(701,138,999,'15/04/2015'),(702,193,584,'09/12/2015'),(703,331,822,'09/06/2015'),(704,184,667,'23/03/2015'),(705,198,689,'03/04/2015'),(706,109,2,'05/07/2015'),(707,363,957,'07/01/2015'),(708,44,458,'25/05/2015'),(709,262,315,'13/04/2015'),(710,306,290,'24/09/2015'),(711,90,87,'01/03/2015'),(712,234,914,'01/10/2015'),(713,330,122,'05/02/2015'),(714,139,829,'01/02/2015'),(715,242,578,'01/01/2015'),(716,85,319,'03/12/2015'),(717,106,331,'28/04/2015'),(718,94,725,'26/04/2015'),(719,290,634,'17/06/2015'),(720,136,134,'23/12/2015'),(721,254,335,'09/05/2015'),(722,274,481,'12/10/2015'),(723,351,699,'28/09/2015'),(724,308,776,'30/07/2015'),(725,234,946,'19/06/2015'),(726,224,646,'18/11/2015'),(727,359,828,'25/05/2015'),(728,103,412,'18/09/2015'),(729,88,131,'04/03/2015'),(730,273,132,'12/08/2015'),(731,172,506,'16/06/2015'),(732,228,117,'10/09/2015'),(733,198,31,'09/09/2015'),(734,222,174,'19/04/2015'),(735,251,568,'03/06/2015'),(736,386,438,'22/08/2015'),(737,318,247,'15/10/2015'),(738,326,814,'04/05/2015'),(739,368,158,'27/06/2015'),(740,216,344,'08/04/2015'),(741,77,119,'02/11/2015'),(742,72,594,'06/06/2015'),(743,250,911,'26/09/2015'),(744,146,734,'10/08/2015'),(745,119,670,'28/03/2015'),(746,397,669,'25/09/2015'),(747,374,195,'21/05/2015'),(748,167,505,'02/06/2015'),(749,230,246,'28/10/2015'),(750,179,610,'28/09/2015'),(751,72,19,'05/04/2015'),(752,288,604,'27/05/2015'),(753,287,168,'23/07/2015'),(754,357,551,'09/06/2015'),(755,152,328,'14/04/2015'),(756,160,293,'16/01/2015'),(757,109,996,'23/05/2015'),(758,138,917,'12/09/2015'),(759,99,876,'03/08/2015'),(760,333,327,'26/12/2015'),(761,96,441,'13/09/2015'),(762,46,767,'18/08/2015'),(763,234,944,'07/04/2015'),(764,50,945,'22/03/2015'),(765,42,465,'29/10/2015'),(766,334,389,'12/11/2015'),(767,272,416,'08/12/2015'),(768,394,206,'18/04/2015'),(769,179,246,'20/08/2015'),(770,9,531,'11/03/2015'),(771,111,597,'15/08/2015'),(772,148,683,'27/01/2015'),(773,23,331,'29/05/2015'),(774,173,351,'12/09/2015'),(775,342,251,'04/10/2015'),(776,308,635,'02/11/2015'),(777,319,411,'24/03/2015'),(778,332,165,'05/02/2015'),(779,384,927,'02/01/2015'),(780,194,667,'01/03/2015'),(781,226,186,'12/01/2015'),(782,139,18,'11/08/2015'),(783,356,948,'03/10/2015'),(784,224,589,'22/07/2015'),(785,161,557,'22/12/2015'),(786,115,17,'07/04/2015'),(787,309,289,'16/07/2015'),(788,247,761,'28/02/2015'),(789,272,588,'13/04/2015'),(790,376,379,'18/10/2015'),(791,350,658,'21/01/2015'),(792,108,362,'10/07/2015'),(793,236,708,'07/01/2015'),(794,201,29,'15/02/2015'),(795,174,421,'28/01/2015'),(796,30,269,'14/01/2015'),(797,179,932,'11/11/2015'),(798,122,934,'10/09/2015'),(799,169,600,'27/02/2015'),(800,235,553,'11/05/2015'),(801,366,486,'29/09/2015'),(802,391,235,'11/07/2015'),(803,338,810,'13/05/2015'),(804,265,286,'25/11/2015'),(805,192,214,'30/05/2015'),(806,373,703,'09/09/2015'),(807,290,522,'07/10/2015'),(808,347,171,'11/07/2015'),(809,349,48,'30/10/2015'),(810,223,535,'10/02/2015'),(811,389,989,'07/10/2015'),(812,218,722,'28/07/2015'),(813,40,767,'24/12/2015'),(814,185,614,'12/06/2015'),(815,329,480,'04/10/2015'),(816,345,30,'02/04/2015'),(817,133,109,'15/12/2015'),(818,7,888,'29/01/2015'),(819,214,557,'16/03/2015'),(820,116,377,'13/11/2015'),(821,76,138,'09/07/2015'),(822,389,380,'08/02/2015'),(823,167,160,'12/10/2015'),(824,371,799,'19/10/2015'),(825,176,473,'10/08/2015'),(826,159,581,'12/09/2015'),(827,92,517,'19/12/2015'),(828,371,958,'30/11/2015'),(829,163,892,'01/03/2015'),(830,335,900,'01/08/2015'),(831,327,24,'18/11/2015'),(832,53,319,'23/08/2015'),(833,22,865,'25/11/2015'),(834,114,499,'22/03/2015'),(835,373,300,'17/10/2015'),(836,270,895,'25/01/2015'),(837,338,950,'28/06/2015'),(838,393,404,'12/03/2015'),(839,273,673,'10/09/2015'),(840,397,554,'04/04/2015'),(841,279,974,'15/02/2015'),(842,126,166,'15/04/2015'),(843,213,392,'25/06/2015'),(844,286,132,'12/07/2015'),(845,318,769,'06/05/2015'),(846,329,403,'27/06/2015'),(847,37,612,'21/01/2015'),(848,200,256,'28/07/2015'),(849,278,128,'01/05/2015'),(850,200,510,'07/11/2015'),(851,225,600,'18/09/2015'),(852,59,804,'14/01/2015'),(853,44,925,'17/05/2015'),(854,215,8,'05/05/2015'),(855,48,524,'02/10/2015'),(856,63,747,'18/10/2015'),(857,153,390,'16/07/2015'),(858,298,996,'14/06/2015'),(859,272,184,'05/07/2015'),(860,399,854,'25/08/2015'),(861,67,267,'20/07/2015'),(862,217,426,'29/09/2015'),(863,141,828,'07/05/2015'),(864,246,62,'22/10/2015'),(865,91,802,'24/11/2015'),(866,20,696,'07/11/2015'),(867,80,707,'20/10/2015'),(868,194,738,'08/08/2015'),(869,63,315,'21/02/2015'),(870,14,634,'25/06/2015'),(871,133,504,'12/10/2015'),(872,43,549,'18/12/2015'),(873,79,663,'12/04/2015'),(874,245,77,'01/07/2015'),(875,111,416,'25/07/2015'),(876,340,744,'02/01/2015'),(877,210,972,'08/06/2015'),(878,317,228,'19/01/2015'),(879,154,544,'31/03/2015'),(880,61,626,'04/12/2015'),(881,143,971,'17/10/2015'),(882,332,179,'04/03/2015'),(883,246,753,'30/11/2015'),(884,296,112,'17/01/2015'),(885,175,199,'08/12/2015'),(886,358,506,'13/02/2015'),(887,21,577,'25/11/2015'),(888,137,76,'30/05/2015'),(889,235,82,'20/12/2015'),(890,374,246,'21/06/2015'),(891,55,764,'13/02/2015'),(892,27,776,'27/08/2015'),(893,139,446,'19/11/2015'),(894,363,795,'29/06/2015'),(895,37,162,'24/03/2015'),(896,304,94,'16/03/2015'),(897,260,192,'21/12/2015'),(898,359,229,'13/09/2015'),(899,248,637,'26/04/2015'),(900,131,781,'30/03/2015'),(901,125,474,'25/07/2015'),(902,23,933,'02/07/2015'),(903,90,655,'26/05/2015'),(904,119,252,'17/04/2015'),(905,66,403,'08/02/2015'),(906,72,962,'11/07/2015'),(907,169,498,'24/02/2015'),(908,37,713,'22/08/2015'),(909,258,320,'22/10/2015'),(910,368,538,'26/10/2015'),(911,238,267,'02/08/2015'),(912,361,567,'04/11/2015'),(913,217,367,'24/07/2015'),(914,103,290,'12/10/2015'),(915,47,781,'30/06/2015'),(916,95,948,'18/09/2015'),(917,54,344,'27/07/2015'),(918,164,602,'25/10/2015'),(919,97,673,'19/11/2015'),(920,379,611,'13/05/2015'),(921,263,846,'18/05/2015'),(922,177,464,'02/01/2015'),(923,94,246,'30/06/2015'),(924,225,307,'14/05/2015'),(925,29,554,'20/10/2015'),(926,31,35,'22/06/2015'),(927,293,826,'20/08/2015'),(928,32,531,'27/08/2015'),(929,28,286,'11/09/2015'),(930,334,315,'08/06/2015'),(931,178,579,'05/03/2015'),(932,176,445,'08/11/2015'),(933,248,391,'05/07/2015'),(934,102,589,'02/09/2015'),(935,135,675,'26/01/2015'),(936,81,245,'17/05/2015'),(937,39,525,'05/10/2015'),(938,160,136,'14/01/2015'),(939,314,295,'02/03/2015'),(940,59,923,'31/10/2015'),(941,28,689,'03/09/2015'),(942,357,205,'18/06/2015'),(943,111,430,'24/12/2015'),(944,167,118,'27/01/2015'),(945,249,546,'05/05/2015'),(946,240,155,'01/02/2015'),(947,240,160,'22/02/2015'),(948,247,675,'02/08/2015'),(949,126,537,'21/04/2015'),(950,251,798,'08/03/2015'),(951,229,967,'27/06/2015'),(952,221,18,'06/12/2015'),(953,69,547,'10/01/2015'),(954,299,154,'15/08/2015'),(955,333,588,'13/09/2015'),(956,271,279,'29/09/2015'),(957,338,811,'05/07/2015'),(958,54,143,'14/09/2015'),(959,282,82,'05/03/2015'),(960,261,159,'03/12/2015'),(961,269,241,'26/05/2015'),(962,197,332,'27/06/2015'),(963,73,808,'24/07/2015'),(964,270,428,'11/05/2015'),(965,228,610,'15/11/2015'),(966,48,561,'26/07/2015'),(967,93,855,'22/09/2015'),(968,259,986,'19/04/2015'),(969,4,923,'01/03/2015'),(970,60,244,'19/05/2015'),(971,148,374,'24/06/2015'),(972,274,36,'15/04/2015'),(973,75,518,'21/05/2015'),(974,329,185,'27/12/2015'),(975,34,715,'28/08/2015'),(976,331,798,'30/06/2015'),(977,372,571,'27/08/2015'),(978,246,720,'04/06/2015'),(979,359,860,'26/04/2015'),(980,42,712,'20/06/2015'),(981,326,413,'06/10/2015'),(982,9,975,'15/07/2015'),(983,252,740,'23/10/2015'),(984,373,230,'15/01/2015'),(985,202,308,'27/05/2015'),(986,377,63,'02/01/2015'),(987,115,275,'21/11/2015'),(988,149,51,'22/12/2015'),(989,247,315,'27/02/2015'),(990,252,358,'09/07/2015'),(991,317,55,'27/08/2015'),(992,365,515,'26/08/2015'),(993,28,60,'02/03/2015'),(994,170,394,'27/09/2015'),(995,255,649,'02/04/2015'),(996,141,656,'02/11/2015'),(997,43,977,'07/07/2015'),(998,25,293,'21/03/2015'),(999,120,214,'08/12/2015'),(1000,155,681,'24/12/2015'),(1001,309,294,'10/12/2015'),(1002,192,310,'20/04/2015'),(1003,246,337,'09/11/2015'),(1004,243,506,'30/12/2015'),(1005,340,524,'15/11/2015'),(1006,130,412,'09/03/2015'),(1007,79,955,'15/04/2015'),(1008,314,234,'25/08/2015'),(1009,273,491,'23/10/2015'),(1010,61,98,'08/03/2015'),(1011,132,810,'22/02/2015'),(1012,333,129,'17/07/2015'),(1013,260,9,'19/06/2015'),(1014,181,175,'10/05/2015'),(1015,173,148,'12/09/2015'),(1016,107,847,'02/11/2015'),(1017,100,634,'12/06/2015'),(1018,95,738,'10/11/2015'),(1019,66,204,'02/08/2015'),(1020,98,83,'26/09/2015'),(1021,345,640,'29/08/2015'),(1022,193,648,'10/06/2015'),(1023,136,676,'18/03/2015'),(1024,75,454,'26/03/2015'),(1025,178,496,'31/01/2015'),(1026,348,217,'17/05/2015'),(1027,155,389,'18/05/2015'),(1028,172,889,'12/08/2015'),(1029,190,445,'03/06/2015'),(1030,284,589,'23/08/2015'),(1031,92,421,'18/08/2015'),(1032,209,131,'13/02/2015'),(1033,271,108,'01/01/2015'),(1034,121,952,'28/10/2015'),(1035,396,993,'14/06/2015'),(1036,223,600,'25/07/2015'),(1037,344,120,'23/04/2015'),(1038,366,57,'05/05/2015'),(1039,167,575,'27/11/2015'),(1040,41,561,'26/08/2015'),(1041,265,68,'25/10/2015'),(1042,310,758,'07/10/2015'),(1043,32,926,'26/04/2015'),(1044,14,812,'28/02/2015'),(1045,289,797,'16/02/2015'),(1046,210,362,'08/07/2015'),(1047,98,970,'01/04/2015'),(1048,346,748,'27/03/2015'),(1049,339,223,'04/01/2015'),(1050,130,45,'28/07/2015'),(1051,97,456,'03/03/2015'),(1052,162,344,'26/05/2015'),(1053,268,727,'14/11/2015'),(1054,122,985,'20/12/2015'),(1055,210,380,'06/05/2015'),(1056,117,762,'19/12/2015'),(1057,23,79,'13/11/2015'),(1058,88,816,'11/11/2015'),(1059,266,857,'02/06/2015'),(1060,231,567,'04/04/2015'),(1061,142,350,'07/10/2015'),(1062,70,940,'24/06/2015'),(1063,161,368,'28/07/2015'),(1064,159,256,'23/03/2015'),(1065,71,376,'25/10/2015'),(1066,182,852,'20/12/2015'),(1067,23,579,'29/11/2015'),(1068,291,313,'02/12/2015'),(1069,66,268,'20/06/2015'),(1070,252,955,'06/09/2015'),(1071,132,935,'28/02/2015'),(1072,49,31,'17/09/2015'),(1073,195,230,'12/03/2015'),(1074,326,968,'13/12/2015'),(1075,97,414,'18/01/2015'),(1076,311,12,'13/02/2015'),(1077,141,281,'15/12/2015'),(1078,321,435,'16/08/2015'),(1079,14,364,'05/02/2015'),(1080,151,656,'30/12/2015'),(1081,309,218,'09/01/2015'),(1082,126,402,'13/01/2015'),(1083,310,933,'23/01/2015'),(1084,222,373,'02/03/2015'),(1085,176,852,'19/03/2015'),(1086,88,900,'02/09/2015'),(1087,38,390,'07/04/2015'),(1088,249,407,'05/11/2015'),(1089,193,118,'12/08/2015'),(1090,304,531,'13/05/2015'),(1091,240,449,'20/02/2015'),(1092,226,181,'20/09/2015'),(1093,128,649,'22/04/2015'),(1094,134,996,'07/08/2015'),(1095,123,177,'20/06/2015'),(1096,101,889,'09/04/2015'),(1097,321,873,'11/06/2015'),(1098,386,334,'16/05/2015'),(1099,331,811,'28/01/2015'),(1100,131,530,'25/04/2015');
/*!40000 ALTER TABLE `Ordine` ENABLE KEYS */;
UNLOCK TABLES;

--
-- Table structure for table `Prodotto`
--

DROP TABLE IF EXISTS `Prodotto`;
/*!40101 SET @saved_cs_client     = @@character_set_client */;
/*!40101 SET character_set_client = utf8 */;
CREATE TABLE `Prodotto` (
  `idProdotto` mediumint(9) NOT NULL,
  `Nome` text,
  `Costo` mediumint(9) DEFAULT NULL,
  PRIMARY KEY (`idProdotto`)
) ENGINE=InnoDB DEFAULT CHARSET=latin1;
/*!40101 SET character_set_client = @saved_cs_client */;

--
-- Dumping data for table `Prodotto`
--

LOCK TABLES `Prodotto` WRITE;
/*!40000 ALTER TABLE `Prodotto` DISABLE KEYS */;
INSERT INTO `Prodotto` VALUES (1,'mollis.',210),(2,'per',137),(3,'purus.',381),(4,'ullamcorper',385),(5,'lorem',734),(6,'In',830),(7,'et,',252),(8,'ullamcorper',970),(9,'montes,',640),(10,'a,',367),(11,'est',270),(12,'purus,',782),(13,'magna,',550),(14,'Cras',383),(15,'Vestibulum',474),(16,'elit.',168),(17,'pretium',800),(18,'sem',908),(19,'amet',577),(20,'orci',192),(21,'nisi',385),(22,'ullamcorper',581),(23,'dapibus',371),(24,'arcu.',870),(25,'velit',808),(26,'facilisis',997),(27,'nisl',161),(28,'enim',738),(29,'lorem,',756),(30,'tellus,',460),(31,'sed',413),(32,'non,',391),(33,'Proin',459),(34,'ridiculus',381),(35,'elit,',421),(36,'semper',948),(37,'tellus',577),(38,'sed',886),(39,'neque.',766),(40,'lectus',224),(41,'penatibus',574),(42,'consequat',193),(43,'turpis',936),(44,'vitae,',998),(45,'tellus.',667),(46,'blandit',353),(47,'commodo',519),(48,'sit',129),(49,'ultrices',676),(50,'sagittis.',758),(51,'nec',410),(52,'pede',957),(53,'volutpat',753),(54,'Phasellus',374),(55,'purus.',662),(56,'Ut',636),(57,'nostra,',578),(58,'molestie',162),(59,'Nulla',696),(60,'scelerisque',876),(61,'eget',236),(62,'Pellentesque',374),(63,'varius.',569),(64,'magna.',406),(65,'lorem',565),(66,'Phasellus',481),(67,'quam.',450),(68,'quis',866),(69,'blandit.',630),(70,'Donec',996),(71,'ligula.',867),(72,'bibendum',510),(73,'libero',132),(74,'egestas',230),(75,'euismod',569),(76,'ac',934),(77,'tempus',512),(78,'amet',585),(79,'a,',553),(80,'Curae;',387),(81,'Morbi',403),(82,'lectus',408),(83,'eu',540),(84,'Mauris',393),(85,'Donec',579),(86,'euismod',610),(87,'libero.',533),(88,'sagittis.',396),(89,'sodales.',869),(90,'quam',586),(91,'lorem',825),(92,'est',314),(93,'consectetuer',888),(94,'auctor',164),(95,'lacus',166),(96,'nulla',656),(97,'rutrum.',258),(98,'adipiscing',787),(99,'Donec',561),(100,'auctor',957),(101,'Nullam',360),(102,'diam.',789),(103,'nulla.',354),(104,'Aenean',336),(105,'nonummy',479),(106,'turpis',254),(107,'justo.',621),(108,'nisl.',928),(109,'sem',125),(110,'montes,',803),(111,'Cras',745),(112,'tristique',648),(113,'convallis',523),(114,'metus',991),(115,'eu,',958),(116,'auctor.',141),(117,'tempor',996),(118,'mattis.',622),(119,'nec',707),(120,'consectetuer,',629),(121,'lacus.',117),(122,'Aenean',298),(123,'Sed',338),(124,'Curabitur',760),(125,'nec,',467),(126,'tristique',953),(127,'metus.',769),(128,'odio.',851),(129,'iaculis',501),(130,'mauris.',966),(131,'metus.',417),(132,'sed',848),(133,'vitae',618),(134,'magnis',116),(135,'sapien',396),(136,'tempus',968),(137,'mollis.',306),(138,'luctus',633),(139,'dictum.',805),(140,'aliquam',491),(141,'Nunc',698),(142,'sed',585),(143,'aliquet,',675),(144,'Aenean',478),(145,'mus.',873),(146,'erat,',181),(147,'orci.',293),(148,'penatibus',633),(149,'dictum',600),(150,'quis',903),(151,'Nulla',368),(152,'elit',687),(153,'eget',129),(154,'tempus',891),(155,'et,',713),(156,'aliquet',615),(157,'montes,',911),(158,'Sed',820),(159,'augue',660),(160,'orci',490),(161,'elit,',546),(162,'tortor.',643),(163,'posuere',265),(164,'sagittis',448),(165,'malesuada',402),(166,'ut,',305),(167,'Fusce',716),(168,'egestas',252),(169,'erat',500),(170,'nec',574),(171,'convallis',847),(172,'viverra.',133),(173,'ligula.',493),(174,'auctor.',595),(175,'elit,',196),(176,'nunc',663),(177,'dictum.',677),(178,'sit',408),(179,'consectetuer,',741),(180,'sagittis',104),(181,'sed',378),(182,'metus',976),(183,'blandit',1000),(184,'primis',501),(185,'magna.',518),(186,'id',155),(187,'rhoncus.',462),(188,'commodo',634),(189,'conubia',527),(190,'orci',336),(191,'sit',342),(192,'Morbi',905),(193,'vel,',820),(194,'sagittis',179),(195,'euismod',667),(196,'facilisis',167),(197,'hendrerit',602),(198,'lectus',657),(199,'vitae',959),(200,'semper',983),(201,'commodo',181),(202,'ac',225),(203,'arcu',613),(204,'venenatis',494),(205,'a,',768),(206,'iaculis',540),(207,'Nam',168),(208,'luctus',759),(209,'at,',697),(210,'lorem,',952),(211,'Vestibulum',117),(212,'sed',428),(213,'vel',859),(214,'Cum',108),(215,'mattis',926),(216,'elit.',283),(217,'convallis',113),(218,'lacinia',684),(219,'Nam',511),(220,'sapien.',180),(221,'mauris',954),(222,'elementum,',599),(223,'eu,',583),(224,'amet,',127),(225,'tortor,',250),(226,'orci',222),(227,'id',983),(228,'id',568),(229,'dui.',546),(230,'eu,',150),(231,'nisl',516),(232,'molestie',176),(233,'et',433),(234,'Nulla',344),(235,'et',125),(236,'Fusce',623),(237,'dolor',361),(238,'a',309),(239,'turpis.',575),(240,'luctus',386),(241,'eget',999),(242,'velit',866),(243,'eu',809),(244,'metus',959),(245,'Suspendisse',824),(246,'dis',757),(247,'cursus',232),(248,'leo.',535),(249,'non',425),(250,'molestie',864),(251,'accumsan',895),(252,'Nunc',660),(253,'convallis',272),(254,'cubilia',106),(255,'semper',287),(256,'felis',679),(257,'Curabitur',240),(258,'vel',383),(259,'malesuada',524),(260,'amet',569),(261,'faucibus',669),(262,'arcu.',582),(263,'id,',251),(264,'vel',739),(265,'volutpat.',360),(266,'ac',552),(267,'vestibulum,',428),(268,'dui.',181),(269,'lectus',577),(270,'tristique',705),(271,'nulla.',520),(272,'pretium',148),(273,'mi',185),(274,'vitae,',287),(275,'accumsan',820),(276,'facilisis,',179),(277,'imperdiet,',942),(278,'consectetuer',932),(279,'Aenean',154),(280,'odio.',173),(281,'Donec',413),(282,'amet,',597),(283,'elit,',806),(284,'fringilla.',119),(285,'tempor',936),(286,'ac,',636),(287,'consectetuer',987),(288,'et',750),(289,'Ut',620),(290,'Nullam',694),(291,'nec,',963),(292,'Quisque',758),(293,'Nullam',819),(294,'Lorem',185),(295,'Nunc',642),(296,'et',844),(297,'sem.',917),(298,'ultricies',180),(299,'erat,',327),(300,'nec',550),(301,'mus.',301),(302,'hendrerit.',506),(303,'Aliquam',215),(304,'orci,',312),(305,'ornare,',484),(306,'Duis',528),(307,'id,',521),(308,'sociis',347),(309,'ornare',118),(310,'lectus',646),(311,'dolor',607),(312,'Phasellus',788),(313,'arcu.',118),(314,'condimentum',275),(315,'gravida.',393),(316,'tortor,',739),(317,'ac',668),(318,'nunc.',347),(319,'dis',434),(320,'ac',480),(321,'non,',432),(322,'dolor',623),(323,'vel,',256),(324,'volutpat',736),(325,'mauris',945),(326,'sagittis',905),(327,'Suspendisse',616),(328,'ullamcorper',970),(329,'augue',927),(330,'mauris',769),(331,'varius.',891),(332,'nunc,',751),(333,'a,',211),(334,'ac',643),(335,'ligula',685),(336,'ipsum',344),(337,'laoreet',159),(338,'rutrum,',760),(339,'sit',213),(340,'habitant',166),(341,'sed',543),(342,'lacus,',463),(343,'nec',465),(344,'tortor,',306),(345,'ut',265),(346,'a,',874),(347,'elementum',402),(348,'Fusce',254),(349,'Nunc',899),(350,'volutpat',450),(351,'non',652),(352,'ultrices',646),(353,'non',444),(354,'interdum.',985),(355,'et',577),(356,'ornare,',682),(357,'amet',914),(358,'urna,',836),(359,'pharetra.',227),(360,'nunc',735),(361,'Integer',509),(362,'mauris',704),(363,'mi',297),(364,'quam,',137),(365,'ridiculus',231),(366,'ut',812),(367,'nunc',865),(368,'urna',185),(369,'eu',306),(370,'nisl',369),(371,'purus.',148),(372,'rutrum',786),(373,'et',177),(374,'tempus',187),(375,'eu,',900),(376,'Nullam',119),(377,'aliquam,',156),(378,'accumsan',511),(379,'est',494),(380,'ac',244),(381,'neque.',821),(382,'semper',771),(383,'cubilia',901),(384,'laoreet,',451),(385,'diam',100),(386,'et',657),(387,'nonummy',597),(388,'sed,',358),(389,'orci',523),(390,'Suspendisse',764),(391,'in',784),(392,'ornare,',932),(393,'egestas',952),(394,'nec,',191),(395,'Ut',357),(396,'primis',607),(397,'magna.',383),(398,'purus.',856),(399,'aliquet.',317),(400,'vitae',386),(401,'luctus.',421),(402,'dui',203),(403,'Donec',316),(404,'nisl.',484),(405,'tincidunt',115),(406,'diam',125),(407,'scelerisque',227),(408,'Cras',766),(409,'sit',728),(410,'enim',786),(411,'ultricies',522),(412,'scelerisque,',258),(413,'Integer',908),(414,'scelerisque',835),(415,'natoque',858),(416,'eget',538),(417,'ut,',327),(418,'Phasellus',138),(419,'eleifend',302),(420,'magna',339),(421,'lacinia',521),(422,'egestas.',873),(423,'et',494),(424,'dui,',436),(425,'nisi',400),(426,'euismod',127),(427,'sapien',928),(428,'id',704),(429,'purus',925),(430,'neque',899),(431,'lorem,',985),(432,'aliquet',984),(433,'lectus',574),(434,'mauris',599),(435,'senectus',125),(436,'augue.',572),(437,'Morbi',740),(438,'Nunc',365),(439,'dui,',289),(440,'faucibus',226),(441,'vitae,',607),(442,'et',875),(443,'egestas.',543),(444,'a',352),(445,'placerat.',122),(446,'urna.',259),(447,'id',833),(448,'dolor',571),(449,'massa.',548),(450,'Cum',420),(451,'Suspendisse',802),(452,'urna',258),(453,'sapien,',445),(454,'aliquet,',865),(455,'tincidunt,',100),(456,'felis',552),(457,'convallis',715),(458,'ultrices,',148),(459,'Donec',484),(460,'lorem',489),(461,'dolor',672),(462,'felis.',260),(463,'Mauris',362),(464,'non,',724),(465,'elit',170),(466,'egestas',767),(467,'nisi.',392),(468,'Proin',537),(469,'Cum',482),(470,'sed',812),(471,'non,',911),(472,'non,',495),(473,'aliquam',994),(474,'In',645),(475,'Suspendisse',231),(476,'eget',590),(477,'diam',803),(478,'vitae,',420),(479,'dignissim',469),(480,'ac',609),(481,'ipsum.',671),(482,'Aenean',661),(483,'velit.',578),(484,'id,',469),(485,'eu',800),(486,'Maecenas',501),(487,'neque.',205),(488,'aliquet',340),(489,'Donec',837),(490,'purus,',275),(491,'consectetuer',174),(492,'Sed',458),(493,'eu',490),(494,'elit,',142),(495,'accumsan',718),(496,'et,',598),(497,'et',543),(498,'nec,',747),(499,'Nullam',708),(500,'habitant',877),(501,'dis',463),(502,'Phasellus',884),(503,'Aliquam',202),(504,'ornare,',595),(505,'ridiculus',878),(506,'Integer',977),(507,'amet',875),(508,'neque',206),(509,'neque',339),(510,'Cum',594),(511,'nec,',621),(512,'felis.',884),(513,'dui.',886),(514,'lorem',165),(515,'sapien,',298),(516,'mauris.',861),(517,'sociis',269),(518,'eros.',978),(519,'non,',878),(520,'Pellentesque',927),(521,'erat,',605),(522,'dapibus',592),(523,'nascetur',556),(524,'augue',671),(525,'ut,',355),(526,'fringilla,',998),(527,'Nunc',995),(528,'porttitor',922),(529,'Vestibulum',766),(530,'dictum',333),(531,'Donec',187),(532,'lobortis,',145),(533,'in',865),(534,'volutpat.',179),(535,'parturient',268),(536,'nibh.',581),(537,'gravida',916),(538,'posuere',848),(539,'sociosqu',564),(540,'Fusce',813),(541,'at',614),(542,'dapibus',983),(543,'blandit',981),(544,'vel,',651),(545,'convallis',896),(546,'et',635),(547,'molestie',889),(548,'non,',434),(549,'magnis',208),(550,'nec',995),(551,'Aenean',404),(552,'ac',187),(553,'nec',259),(554,'pede.',913),(555,'lectus',945),(556,'et',184),(557,'Suspendisse',400),(558,'urna.',232),(559,'vitae',531),(560,'venenatis',685),(561,'ligula.',473),(562,'sagittis',699),(563,'enim',369),(564,'semper',558),(565,'mauris,',127),(566,'a,',785),(567,'litora',293),(568,'dis',806),(569,'arcu',749),(570,'sem',346),(571,'sed',711),(572,'nec',670),(573,'aliquam',441),(574,'nec,',465),(575,'sit',569),(576,'faucibus',191),(577,'nec,',598),(578,'Aliquam',414),(579,'at',296),(580,'dictum',212),(581,'non',189),(582,'metus',731),(583,'tristique',841),(584,'ornare',463),(585,'natoque',609),(586,'ultricies',418),(587,'elit.',448),(588,'varius',478),(589,'Proin',879),(590,'lobortis',922),(591,'tristique',678),(592,'nascetur',595),(593,'risus.',535),(594,'vulputate',492),(595,'quis,',204),(596,'eu',355),(597,'Phasellus',434),(598,'et,',576),(599,'quis',221),(600,'a',753),(601,'at,',941),(602,'pede.',165),(603,'lorem',313),(604,'dapibus',198),(605,'mauris',640),(606,'tortor',938),(607,'adipiscing.',864),(608,'semper',767),(609,'neque.',700),(610,'et,',790),(611,'Integer',213),(612,'diam',751),(613,'arcu.',535),(614,'dictum',610),(615,'faucibus',223),(616,'Nunc',252),(617,'cursus',674),(618,'malesuada',961),(619,'imperdiet,',683),(620,'rutrum',488),(621,'augue',189),(622,'in',392),(623,'fringilla',902),(624,'non,',433),(625,'ipsum.',728),(626,'non,',902),(627,'a',468),(628,'ridiculus',135),(629,'venenatis',699),(630,'ac,',857),(631,'sed',670),(632,'ullamcorper',462),(633,'Mauris',496),(634,'consequat,',427),(635,'sollicitudin',953),(636,'sociis',707),(637,'habitant',907),(638,'facilisis',469),(639,'pede.',729),(640,'ornare',251),(641,'semper',208),(642,'In',200),(643,'Duis',988),(644,'gravida',510),(645,'tempus,',633),(646,'arcu.',840),(647,'scelerisque',316),(648,'natoque',805),(649,'tellus',974),(650,'magna.',584),(651,'egestas.',399),(652,'risus.',991),(653,'sapien',573),(654,'Nunc',206),(655,'luctus',973),(656,'tortor.',360),(657,'eros',406),(658,'cubilia',795),(659,'risus.',454),(660,'nunc',400),(661,'penatibus',292),(662,'Suspendisse',555),(663,'nibh.',576),(664,'a,',803),(665,'risus.',643),(666,'eleifend.',343),(667,'sem.',202),(668,'arcu.',634),(669,'Suspendisse',161),(670,'orci',938),(671,'ut',494),(672,'adipiscing',842),(673,'quam.',576),(674,'pellentesque.',358),(675,'molestie',364),(676,'mollis',567),(677,'faucibus',112),(678,'Duis',582),(679,'elit.',769),(680,'velit.',860),(681,'bibendum',120),(682,'malesuada',936),(683,'euismod',980),(684,'magna',659),(685,'risus.',757),(686,'dui,',595),(687,'pede',547),(688,'rutrum.',586),(689,'Cras',304),(690,'vulputate,',174),(691,'semper,',349),(692,'egestas.',352),(693,'dui.',389),(694,'nulla',851),(695,'non',673),(696,'nec,',938),(697,'iaculis',923),(698,'nec',670),(699,'Nunc',237),(700,'adipiscing',539),(701,'arcu.',268),(702,'amet,',429),(703,'velit',411),(704,'sit',340),(705,'non',289),(706,'purus',742),(707,'Cras',877),(708,'senectus',935),(709,'gravida',327),(710,'nec,',799),(711,'placerat.',425),(712,'libero.',551),(713,'Nulla',321),(714,'cursus',251),(715,'tristique',886),(716,'enim,',711),(717,'non,',903),(718,'lacus.',977),(719,'in',1000),(720,'Aenean',317),(721,'consectetuer',504),(722,'lacus.',620),(723,'eget',767),(724,'et',102),(725,'cubilia',916),(726,'et',720),(727,'luctus',469),(728,'eu',590),(729,'tempor,',314),(730,'dolor',488),(731,'Phasellus',431),(732,'orci.',531),(733,'Duis',886),(734,'lorem',390),(735,'est,',701),(736,'sem',978),(737,'Integer',206),(738,'sed',243),(739,'interdum',626),(740,'elit,',675),(741,'et',302),(742,'et',137),(743,'ipsum',791),(744,'faucibus',262),(745,'magna.',753),(746,'non,',859),(747,'mi.',507),(748,'sapien,',313),(749,'lectus,',852),(750,'luctus',302),(751,'auctor.',889),(752,'at',967),(753,'est.',107),(754,'purus.',583),(755,'ipsum.',529),(756,'egestas.',428),(757,'magna',855),(758,'non',580),(759,'mollis.',679),(760,'mollis.',303),(761,'leo,',273),(762,'ligula.',487),(763,'eu,',240),(764,'aliquet',344),(765,'Fusce',867),(766,'gravida',943),(767,'a',304),(768,'Sed',545),(769,'nunc.',708),(770,'Duis',476),(771,'Donec',145),(772,'feugiat',616),(773,'libero.',556),(774,'arcu.',862),(775,'nascetur',209),(776,'fringilla',847),(777,'non,',188),(778,'consectetuer',496),(779,'consectetuer',509),(780,'lectus.',301),(781,'magna',326),(782,'Pellentesque',371),(783,'et',945),(784,'risus.',951),(785,'tincidunt,',864),(786,'convallis',977),(787,'eros.',293),(788,'ipsum',708),(789,'Vestibulum',926),(790,'vel',408),(791,'ut,',996),(792,'luctus.',689),(793,'est,',348),(794,'Nullam',975),(795,'egestas',162),(796,'dolor.',171),(797,'Nullam',824),(798,'aptent',357),(799,'morbi',235),(800,'egestas',625),(801,'leo.',131),(802,'eu',847),(803,'mollis',438),(804,'libero.',191),(805,'ullamcorper',386),(806,'tristique',283),(807,'Fusce',506),(808,'augue',261),(809,'Aliquam',381),(810,'ut',591),(811,'eget',670),(812,'orci',950),(813,'lorem',318),(814,'purus',914),(815,'mauris',853),(816,'viverra.',194),(817,'purus',428),(818,'malesuada',200),(819,'dictum',153),(820,'neque.',210),(821,'Mauris',709),(822,'eros.',367),(823,'fringilla',114),(824,'magna.',765),(825,'varius',226),(826,'ultrices',150),(827,'et',711),(828,'nibh',415),(829,'orci,',707),(830,'turpis.',791),(831,'sem,',263),(832,'Mauris',884),(833,'tempor',521),(834,'In',794),(835,'sit',160),(836,'dis',462),(837,'facilisis',149),(838,'id',651),(839,'lacus',851),(840,'enim,',307),(841,'pretium',485),(842,'eros',584),(843,'imperdiet,',703),(844,'lobortis',607),(845,'varius',657),(846,'dictum',952),(847,'nulla.',382),(848,'ac',318),(849,'Nulla',165),(850,'dui,',976),(851,'Mauris',687),(852,'lectus',274),(853,'placerat.',862),(854,'eros',455),(855,'nisl',620),(856,'Cum',585),(857,'tempor,',905),(858,'rutrum',140),(859,'orci,',792),(860,'Mauris',889),(861,'Vivamus',615),(862,'elit',419),(863,'ipsum.',615),(864,'suscipit',174),(865,'lectus',637),(866,'ut',332),(867,'vitae',309),(868,'lorem,',603),(869,'sed',608),(870,'placerat.',531),(871,'libero',709),(872,'sodales',936),(873,'Pellentesque',451),(874,'lectus',679),(875,'pede',981),(876,'Proin',917),(877,'magnis',956),(878,'at,',975),(879,'erat,',466),(880,'arcu',422),(881,'ipsum.',477),(882,'arcu.',470),(883,'non',735),(884,'ac',813),(885,'mollis.',529),(886,'viverra.',915),(887,'feugiat.',926),(888,'Donec',663),(889,'ut',120),(890,'luctus',257),(891,'Donec',609),(892,'accumsan',140),(893,'elit',116),(894,'metus',865),(895,'nunc.',789),(896,'Nam',447),(897,'non',834),(898,'aliquet,',625),(899,'in,',346),(900,'Phasellus',688),(901,'nibh',433),(902,'nisi.',218),(903,'augue.',413),(904,'ac',279),(905,'sed',414),(906,'sollicitudin',175),(907,'turpis',318),(908,'Sed',314),(909,'malesuada',704),(910,'ornare.',463),(911,'Duis',201),(912,'non,',557),(913,'sed,',984),(914,'auctor',413),(915,'litora',270),(916,'ipsum',180),(917,'Aliquam',204),(918,'Pellentesque',830),(919,'et,',378),(920,'a',837),(921,'Proin',981),(922,'Suspendisse',648),(923,'sit',513),(924,'interdum.',390),(925,'magnis',933),(926,'Morbi',456),(927,'enim',636),(928,'purus',925),(929,'fringilla',314),(930,'Vivamus',585),(931,'et',163),(932,'hendrerit.',611),(933,'Donec',594),(934,'arcu.',729),(935,'eget',845),(936,'ullamcorper',434),(937,'molestie',902),(938,'Donec',138),(939,'tincidunt',784),(940,'eu,',186),(941,'nec,',658),(942,'diam.',137),(943,'Suspendisse',411),(944,'Morbi',972),(945,'commodo',298),(946,'Sed',285),(947,'molestie',712),(948,'magna',580),(949,'semper',370),(950,'Nulla',133),(951,'eu,',241),(952,'cursus',490),(953,'rhoncus',980),(954,'Fusce',948),(955,'mus.',770),(956,'lectus',848),(957,'enim.',247),(958,'orci.',691),(959,'velit',826),(960,'luctus',908),(961,'Donec',250),(962,'at',846),(963,'lectus.',416),(964,'Donec',574),(965,'auctor,',235),(966,'enim',657),(967,'nec,',171),(968,'lectus.',772),(969,'dui.',361),(970,'Mauris',543),(971,'facilisis',568),(972,'massa',579),(973,'mus.',497),(974,'diam.',577),(975,'fringilla.',599),(976,'ut',661),(977,'Quisque',823),(978,'erat',988),(979,'elit.',821),(980,'consectetuer',686),(981,'urna.',505),(982,'congue.',327),(983,'at',913),(984,'sit',879),(985,'velit',772),(986,'et',798),(987,'dolor',492),(988,'cubilia',753),(989,'Sed',425),(990,'est.',836),(991,'Phasellus',334),(992,'Donec',240),(993,'dui.',451),(994,'nisi',690),(995,'justo',630),(996,'at,',129),(997,'orci',787),(998,'tincidunt',315),(999,'lacus.',498),(1000,'Aliquam',721);
/*!40000 ALTER TABLE `Prodotto` ENABLE KEYS */;
UNLOCK TABLES;
/*!40103 SET TIME_ZONE=@OLD_TIME_ZONE */;

/*!40101 SET SQL_MODE=@OLD_SQL_MODE */;
/*!40014 SET FOREIGN_KEY_CHECKS=@OLD_FOREIGN_KEY_CHECKS */;
/*!40014 SET UNIQUE_CHECKS=@OLD_UNIQUE_CHECKS */;
/*!40101 SET CHARACTER_SET_CLIENT=@OLD_CHARACTER_SET_CLIENT */;
/*!40101 SET CHARACTER_SET_RESULTS=@OLD_CHARACTER_SET_RESULTS */;
/*!40101 SET COLLATION_CONNECTION=@OLD_COLLATION_CONNECTION */;
/*!40111 SET SQL_NOTES=@OLD_SQL_NOTES */;

-- Dump completed on 2015-06-18 18:12:45
